source_row_index	incident_id	report_time	road_number	direction	postmile	latitude	longitude
97	21379407	2023-01-03T14:32:00	80	W	12.1	37.881911	-122.308246
98	21379409	2023-01-03T14:29:00	80	E	14.1	37.907164	-122.314949
158	21379500	2023-01-03T15:11:00	580	W	70.0	37.932486	-122.403542
159	21379501	2023-01-03T15:10:00	580	W	67.1	37.921855	-122.354109
177	21379521	2023-01-03T15:22:00	4	E	0.04	38.01571	-122.271746
184	21379529	2023-01-03T15:26:00	80	E	12.1	37.881746	-122.307966
206	21379554	2023-01-03T15:34:00	680	S	31.831	37.728617	-121.944331
258	21379643	2023-01-03T16:23:00	4	W	26.728	37.998674	-121.817967
390	21379843	2023-01-03T17:50:00	80	E	29.4	38.08791	-122.231755
395	21379851	2023-01-03T17:57:00	680	N	51.842	37.980369	-122.065426
420	21379884	2023-01-03T18:09:00	680	N	51.842	37.980369	-122.065426
442	21379913	2023-01-03T18:25:00	680	S	44.498	37.884476	-122.05416
443	21379914	2023-01-03T18:24:00	4	E	23.664	38.012821	-121.872431
458	21379942	2023-01-03T18:43:00	680	N	44.388	37.884064	-122.05333
459	21379943	2023-01-03T18:41:00	680	N	44.388	37.884064	-122.05333
470	21379968	2023-01-03T18:57:00	680	N	47.56	37.922044	-122.061426
471	21379969	2023-01-03T18:54:00	680	N	47.56	37.922044	-122.061426
479	21379980	2023-01-03T19:05:00	4	E	14.23	38.004458	-122.038839
580	21380151	2023-01-03T21:38:00	80	W	22.2	38.00178	-122.281783
581	21380152	2023-01-03T21:36:00	4	E	0.115	38.015394	-122.270979
605	21380185	2023-01-03T22:03:00	680	N	51.842	37.980369	-122.065426
628	21380223	2023-01-03T22:35:00	4	E	15.58	38.010574	-122.015485
653	21380261	2023-01-03T23:20:00	4	E	19.751	38.018741	-121.942884
673	21380301	2023-01-04T00:20:00	4	E	16.282	38.012596	-122.002277
790	21380498	2023-01-04T05:51:00	680	S	35.269	37.772788	-121.973169
826	21380572	2023-01-04T06:41:00	4	W	19.201	38.020157	-121.951957
849	21380611	2023-01-04T07:03:00	242	N	2.1	37.98392	-122.041279
859	21380632	2023-01-04T07:13:00	680	S	44.891	37.889558	-122.058503
863	21380638	2023-01-04T07:22:00	80	E	11.7	37.874502	-122.306023
865	21380640	2023-01-04T07:18:00	80	E	11.7	37.874502	-122.306023
889	21380683	2023-01-04T07:43:00	4	E	13.332	38.000576	-122.054088
890	21380684	2023-01-04T07:41:00	4	E	13.332	38.000576	-122.054088
988	21380860	2023-01-04T08:56:00	680	S	45.035	37.890801	-122.060828
995	21380871	2023-01-04T09:03:00	680	S	46.565	37.908558	-122.068713
1022	21380911	2023-01-04T09:15:00	80	W	17.9	37.959772	-122.330645
1042	21380939	2023-01-04T09:31:00	680	N	33.953	37.756191	-121.962774
1049	21380950	2023-01-04T09:37:00	80	W	26.3	38.046954	-122.235761
1050	21380951	2023-01-04T09:36:00	24	W	6.4	37.875588	-122.187732
1051	21380952	2023-01-04T09:35:00	80	W	26.3	38.046954	-122.235761
1079	21380991	2023-01-04T09:53:00	4	W	25.717	38.003464	-121.835484
1080	21380992	2023-01-04T09:51:00	80	W	14.1	37.907481	-122.315399
1256	21381268	2023-01-04T12:05:00	80	E	29.1	38.082991	-122.233205
1262	21381279	2023-01-04T12:11:00	580	W	64.8	37.908665	-122.320973
1270	21381291	2023-01-04T12:22:00	580	E	72.3	37.935043	-122.444523
1277	21381303	2023-01-04T12:27:00	4	E	14.23	38.004458	-122.038839
1311	21381354	2023-01-04T12:48:00	80	W	22.2	38.00178	-122.281783
1364	21381447	2023-01-04T13:38:00	80	W	23.7	38.018484	-122.266235
1381	21381473	2023-01-04T13:44:00	4	E	10.42	37.993192	-122.104465
1698	21381975	2023-01-04T17:34:00	680	N	45.856	37.898794	-122.070698
1707	21381991	2023-01-04T17:35:00	680	N	47.56	37.922044	-122.061426
1748	21382057	2023-01-04T18:04:00	24	W	12.9	37.897483	-122.081196
1749	21382058	2023-01-04T18:02:00	24	W	12.9	37.897483	-122.081196
1765	21382090	2023-01-04T18:09:00	580	E	74.2	37.942595	-122.47827
1782	21382116	2023-01-04T18:21:00	24	E	6.4	37.874851	-122.18658
1783	21382117	2023-01-04T18:20:00	24	W	12.4	37.898073	-122.09004
1784	21382118	2023-01-04T18:19:00	24	E	6.4	37.874851	-122.18658
2010	21382588	2023-01-04T22:10:00	4	W	12.337	37.994782	-122.069526
2034	21382639	2023-01-04T22:34:00	242	N	2.0	37.982719	-122.041525
2140	21382852	2023-01-05T01:13:00	4	E	4.414	38.012909	-122.195991
2412	21383269	2023-01-05T06:13:00	580	E	74.2	37.942595	-122.47827
2446	21383318	2023-01-05T06:37:00	80	E	16.5	37.939611	-122.324825
2447	21383319	2023-01-05T06:36:00	80	E	16.5	37.939611	-122.324825
2458	21383339	2023-01-05T06:46:00	24	E	11.7	37.8969	-122.101841
2489	21383384	2023-01-05T07:09:00	4	W	9.626	37.996431	-122.116998
2490	21383385	2023-01-05T07:07:00	4	W	9.626	37.996431	-122.116998
2515	21383433	2023-01-05T07:23:00	80	W	21.3	37.994255	-122.296122
2555	21383510	2023-01-05T07:55:00	24	E	9.0	37.891181	-122.150167
2567	21383527	2023-01-05T08:01:00	680	S	43.021	37.866847	-122.039129
2575	21383539	2023-01-05T08:08:00	80	E	18.4	37.96469	-122.324915
2576	21383540	2023-01-05T08:06:00	80	E	18.4	37.96469	-122.324915
2590	21383558	2023-01-05T08:12:00	4	W	12.059	37.993171	-122.074252
2591	21383559	2023-01-05T08:10:00	80	E	19.0	37.971598	-122.319869
2592	21383561	2023-01-05T08:07:00	80	E	19.0	37.971598	-122.319869
2598	21383572	2023-01-05T08:19:00	680	N	28.436	37.685932	-121.916638
2599	21383573	2023-01-05T08:18:00	680	N	28.436	37.685932	-121.916638
2600	21383574	2023-01-05T08:15:00	80	W	24.3	38.025745	-122.259506
2632	21383637	2023-01-05T08:38:00	242	S	2.0	37.983275	-122.041624
2962	21384093	2023-01-05T11:34:00	4	W	28.794	37.995591	-121.780403
2970	21384105	2023-01-05T11:37:00	242	N	2.1	37.98392	-122.041279
3159	21384381	2023-01-05T13:27:00	680	S	47.508	37.920636	-122.062281
3204	21384445	2023-01-05T13:57:00	4	E	5.671	38.012858	-122.174702
3210	21384455	2023-01-05T14:04:00	4	E	5.671	38.012858	-122.174702
3211	21384456	2023-01-05T14:03:00	24	W	8.1	37.892846	-122.166865
3226	21384484	2023-01-05T14:12:00	80	W	15.9	37.93162	-122.325372
3307	21384607	2023-01-05T15:04:00	24	W	8.9	37.891793	-122.151758
3349	21384670	2023-01-05T15:35:00	24	E	4.1	37.854646	-122.21709
3350	21384671	2023-01-05T15:34:00	4	W	28.794	37.995591	-121.780403
3528	21384950	2023-01-05T17:36:00	680	N	46.866	37.912775	-122.06692
3529	21384952	2023-01-05T17:32:00	680	N	46.866	37.912775	-122.06692
3535	21384964	2023-01-05T17:46:00	4	E	2.405	38.01046	-122.230175
3536	21384965	2023-01-05T17:45:00	4	E	2.405	38.01046	-122.230175
3548	21384985	2023-01-05T17:52:00	680	N	31.373	37.723461	-121.939994
3565	21385020	2023-01-05T18:11:00	4	E	35.236	37.925219	-121.732887
3713	21385304	2023-01-05T21:27:00	4	E	18.134	38.023689	-121.972104
3828	21385521	2023-01-06T02:21:00	4	E	13.332	38.000576	-122.054088
3930	21385693	2023-01-06T06:43:00	680	N	56.193	38.026944	-122.114167
3954	21385737	2023-01-06T07:13:00	24	W	14.0	37.908558	-122.068713
3955	21385738	2023-01-06T07:12:00	24	W	14.0	37.908558	-122.068713
3971	21385780	2023-01-06T07:31:00	4	W	15.413	38.010708	-122.017546
4028	21385888	2023-01-06T08:21:00	80	E	23.1	38.011875	-122.272168
4033	21385898	2023-01-06T08:34:00	680	N	42.845	37.865358	-122.03765
4049	21385925	2023-01-06T08:47:00	80	W	14.6	37.914584	-122.317505
4051	21385927	2023-01-06T08:45:00	80	W	17.9	37.959772	-122.330645
4059	21385936	2023-01-06T08:53:00	80	W	14.8	37.917316	-122.317513
4060	21385937	2023-01-06T08:50:00	80	W	14.8	37.917316	-122.317513
4061	21385938	2023-01-06T08:49:00	80	W	14.6	37.914584	-122.317505
4085	21385972	2023-01-06T09:13:00	24	E	8.5	37.892591	-122.159524
4147	21386073	2023-01-06T10:13:00	680	S	46.565	37.908558	-122.068713
4148	21386074	2023-01-06T10:09:00	680	S	48.324	37.932715	-122.060323
4155	21386085	2023-01-06T10:19:00	24	W	7.1	37.88436	-122.179679
4164	21386098	2023-01-06T10:20:00	24	E	6.6	37.87735	-122.184078
4334	21386353	2023-01-06T12:48:00	242	N	2.0	37.982719	-122.041525
4517	21386631	2023-01-06T15:23:00	80	E	11.7	37.874502	-122.306023
4528	21386643	2023-01-06T15:29:00	80	E	12.1	37.881207	-122.307852
4530	21386645	2023-01-06T15:25:00	80	E	12.1	37.881207	-122.307852
4549	21386675	2023-01-06T15:40:00	4	W	15.413	38.010708	-122.017546
4569	21386701	2023-01-06T15:54:00	24	W	8.9	37.891793	-122.151758
4570	21386702	2023-01-06T15:53:00	80	E	18.4	37.96469	-122.324915
4594	21386737	2023-01-06T16:07:00	680	N	31.108	37.720114	-121.937379
4604	21386749	2023-01-06T16:09:00	4	E	33.593	37.947685	-121.743882
4748	21386966	2023-01-06T17:36:00	680	N	45.856	37.898794	-122.070698
4757	21386979	2023-01-06T17:41:00	680	N	44.261	37.882606	-122.051683
4773	21387005	2023-01-06T17:50:00	680	N	43.721	37.876406	-122.046355
4782	21387017	2023-01-06T17:56:00	4	E	24.198	38.01073	-121.863155
5280	21387875	2023-01-07T08:36:00	4	W	9.11	37.992411	-122.125089
5394	21388061	2023-01-07T10:48:00	4	W	27.088	37.998416	-121.811661
5435	21388123	2023-01-07T11:26:00	580	W	70.0	37.932486	-122.403542
5472	21388185	2023-01-07T11:59:00	4	E	26.414	38.000165	-121.824832
5501	21388231	2023-01-07T12:26:00	680	S	47.508	37.920636	-122.062281
5511	21388247	2023-01-07T12:42:00	4	E	19.485	38.018836	-121.948032
5580	21388372	2023-01-07T13:51:00	680	N	47.56	37.922044	-122.061426
5592	21388392	2023-01-07T14:01:00	680	S	43.021	37.866847	-122.039129
5636	21388463	2023-01-07T14:45:00	4	E	25.442	38.004791	-121.841338
5681	21388532	2023-01-07T15:28:00	80	E	29.7	38.09087	-122.228429
5722	21388603	2023-01-07T16:06:00	4	E	14.23	38.004458	-122.038839
5776	21388703	2023-01-07T17:01:00	680	N	45.789	37.897483	-122.081196
5797	21388742	2023-01-07T17:21:00	4	E	18.134	38.023689	-121.972104
5804	21388754	2023-01-07T17:23:00	680	S	43.021	37.866847	-122.039129
5840	21388811	2023-01-07T17:57:00	4	E	14.23	38.004458	-122.038839
5991	21389128	2023-01-07T21:40:00	580	E	74.2	37.942468	-122.477577
5995	21389138	2023-01-07T21:48:00	580	W	70.3	37.932778	-122.408847
6006	21389169	2023-01-07T22:12:00	24	W	5.1	37.86612	-122.206946
6023	21389198	2023-01-07T22:37:00	160	N	0.7	38.015558	-121.751468
6054	21389251	2023-01-07T23:08:00	4	E	13.721	38.00229	-122.047248
6128	21389419	2023-01-08T00:35:00	680	N	45.789	37.897483	-122.081196
6135	21389427	2023-01-08T00:43:00	160	N	0.7	38.015558	-121.751468
6137	21389437	2023-01-08T00:45:00	4	E	14.23	38.004458	-122.038839
6138	21389441	2023-01-08T00:51:00	680	N	35.319	37.773638	-121.973283
6139	21389442	2023-01-08T00:49:00	680	N	41.658	37.850611	-122.028596
6145	21389455	2023-01-08T00:53:00	24	E	6.4	37.874851	-122.18658
6148	21389475	2023-01-08T01:08:00	4	W	22.348	38.018567	-121.895066
6417	21390134	2023-01-08T09:34:00	4	W	19.828	38.019102	-121.940875
6422	21390141	2023-01-08T09:40:00	4	W	13.31	38.000983	-122.053668
6456	21390206	2023-01-08T10:22:00	80	E	26.4	38.048149	-122.233775
6457	21390207	2023-01-08T10:20:00	24	E	10.4	37.892862	-122.125001
6469	21390226	2023-01-08T10:30:00	80	E	26.7	38.051224	-122.229366
6470	21390227	2023-01-08T10:28:00	24	E	9.3	37.891071	-122.14436
6477	21390241	2023-01-08T10:41:00	4	W	13.968	38.003865	-122.042102
6483	21390251	2023-01-08T10:43:00	24	W	11.1	37.895372	-122.113724
6538	21390368	2023-01-08T12:00:00	4	E	4.414	38.012909	-122.195991
6561	21390419	2023-01-08T12:40:00	160	S	0.0	37.99749	-121.755727
6580	21390444	2023-01-08T12:55:00	24	W	5.1	37.86612	-122.206946
6658	21390612	2023-01-08T14:40:00	80	E	17.4	37.952867	-122.327994
6700	21390693	2023-01-08T15:32:00	80	W	17.5	37.953792	-122.328714
6708	21390705	2023-01-08T15:37:00	4	E	25.929	38.002351	-121.832686
6765	21390814	2023-01-08T16:41:00	4	W	10.836	37.990762	-122.096283
6860	21390990	2023-01-08T18:41:00	680	S	38.395	37.81494	-121.993459
6885	21391040	2023-01-08T19:22:00	80	W	22.2	38.00178	-122.281783
6894	21391059	2023-01-08T19:36:00	4	W	0.254	38.01621	-122.267711
6980	21391217	2023-01-08T21:42:00	24	W	6.4	37.875588	-122.187732
7000	21391252	2023-01-08T22:12:00	4	E	10.822	37.990649	-122.097279
7097	21391420	2023-01-09T01:16:00	24	E	6.6	37.87735	-122.184078
7099	21391422	2023-01-09T01:21:00	24	E	7.5	37.888907	-122.175662
7111	21391441	2023-01-09T01:47:00	4	E	22.429	38.017951	-121.894061
7122	21391465	2023-01-09T02:14:00	4	E	30.247	37.99523	-121.755948
7123	21391466	2023-01-09T02:12:00	80	W	22.2	38.00178	-122.281783
7142	21391508	2023-01-09T03:01:00	24	E	6.4	37.874851	-122.18658
7152	21391526	2023-01-09T03:23:00	242	N	2.1	37.98392	-122.041279
7216	21391639	2023-01-09T04:55:00	680	N	58.663	38.059332	-122.130402
7252	21391705	2023-01-09T05:29:00	24	W	3.7	37.851328	-122.222873
7253	21391706	2023-01-09T05:28:00	680	S	34.564	37.763758	-121.967986
7267	21391730	2023-01-09T05:38:00	4	W	27.661	37.998404	-121.801574
7397	21391941	2023-01-09T06:57:00	680	S	46.913	37.913136	-122.067073
7406	21391953	2023-01-09T07:03:00	4	E	3.566	38.007803	-122.210001
7434	21392010	2023-01-09T07:20:00	24	W	8.5	37.892873	-122.158869
7443	21392024	2023-01-09T07:26:00	242	N	2.8	37.993791	-122.039167
7498	21392125	2023-01-09T08:00:00	24	E	11.7	37.8969	-122.101841
7539	21392186	2023-01-09T08:23:00	24	E	10.4	37.892862	-122.125001
7541	21392188	2023-01-09T08:20:00	24	E	10.4	37.892862	-122.125001
7563	21392228	2023-01-09T08:32:00	4	E	32.916	37.957212	-121.744885
7657	21392377	2023-01-09T09:32:00	680	N	49.189	37.945354	-122.058003
7663	21392388	2023-01-09T09:38:00	80	E	18.4	37.96469	-122.324915
7737	21392520	2023-01-09T10:26:00	24	E	7.0	37.882923	-122.180083
7967	21392951	2023-01-09T13:19:00	4	W	30.427	37.988982	-121.752267
8079	21393157	2023-01-09T14:45:00	4	E	22.429	38.017951	-121.894061
8127	21393244	2023-01-09T15:25:00	680	N	52.53	37.990271	-122.06743
8134	21393258	2023-01-09T15:29:00	680	N	51.728	37.978981	-122.065064
8141	21393266	2023-01-09T15:38:00	24	E	7.5	37.888907	-122.175662
8142	21393267	2023-01-09T15:35:00	80	W	15.6	37.927978	-122.32287
8157	21393295	2023-01-09T15:44:00	4	W	5.636	38.013022	-122.17456
8260	21393479	2023-01-09T16:57:00	242	N	3.2	38.000481	-122.037725
8639	21394182	2023-01-09T22:41:00	4	W	9.11	37.992411	-122.125089
8877	21394586	2023-01-10T03:58:00	580	E	66.6	37.92158	-122.343235
8878	21394587	2023-01-10T03:56:00	4	E	0.04	38.01571	-122.271746
8898	21394627	2023-01-10T04:12:00	4	E	22.429	38.017951	-121.894061
9088	21394994	2023-01-10T06:48:00	680	S	28.6	37.687307	-121.91744
9107	21395028	2023-01-10T06:55:00	4	W	14.179	38.004968	-122.038364
9108	21395029	2023-01-10T06:54:00	680	S	38.732	37.820015	-121.993339
9133	21395078	2023-01-10T07:16:00	4	E	22.429	38.017951	-121.894061
9149	21395111	2023-01-10T07:32:00	4	W	13.31	38.000983	-122.053668
9166	21395141	2023-01-10T07:39:00	4	E	13.332	38.000576	-122.054088
9172	21395159	2023-01-10T07:45:00	80	W	28.8	38.078904	-122.233045
9205	21395214	2023-01-10T08:07:00	4	E	22.429	38.017951	-121.894061
9245	21395286	2023-01-10T08:27:00	680	N	47.56	37.922044	-122.061426
9280	21395342	2023-01-10T08:51:00	680	N	47.56	37.922044	-122.061426
9300	21395372	2023-01-10T09:08:00	24	W	5.1	37.86612	-122.206946
9326	21395408	2023-01-10T09:22:00	80	W	20.3	37.989215	-122.312635
9367	21395476	2023-01-10T09:45:00	80	E	19.0	37.971598	-122.319869
9373	21395486	2023-01-10T09:51:00	4	W	15.413	38.010708	-122.017546
9534	21395722	2023-01-10T11:27:00	580	E	69.6	37.932344	-122.394464
9605	21395821	2023-01-10T12:02:00	680	S	29.37	37.701642	-121.911281
9625	21395855	2023-01-10T12:18:00	4	W	15.194	38.01011	-122.021262
9706	21395988	2023-01-10T13:20:00	680	S	31.831	37.728617	-121.944331
9737	21396043	2023-01-10T13:43:00	680	N	29.816	37.704565	-121.92434
9744	21396055	2023-01-10T13:51:00	80	E	14.5	37.913842	-122.317314
9745	21396056	2023-01-10T13:49:00	680	N	37.79	37.806862	-121.990775
9764	21396090	2023-01-10T14:05:00	4	W	14.179	38.004968	-122.038364
9791	21396133	2023-01-10T14:25:00	4	E	13.332	38.000576	-122.054088
9878	21396269	2023-01-10T15:24:00	242	S	3.3	38.000947	-122.037852
9961	21396411	2023-01-10T16:21:00	24	E	4.1	37.854646	-122.21709
9971	21396430	2023-01-10T16:30:00	24	E	4.1	37.854646	-122.21709
10031	21396526	2023-01-10T17:14:00	4	W	30.427	37.988982	-121.752267
10048	21396556	2023-01-10T17:33:00	680	N	52.53	37.990271	-122.06743
10049	21396559	2023-01-10T17:28:00	680	N	52.53	37.990271	-122.06743
10069	21396599	2023-01-10T17:47:00	680	N	53.148	37.997676	-122.073548
10098	21396649	2023-01-10T18:05:00	4	E	19.751	38.018741	-121.942884
10099	21396650	2023-01-10T18:04:00	680	N	56.303	38.027878	-122.1155
10284	21396977	2023-01-10T22:10:00	80	E	21.5	37.99478	-122.291239
10301	21397015	2023-01-10T23:01:00	4	W	31.03	37.982452	-121.746491
10302	21397016	2023-01-10T23:00:00	80	E	19.8	37.98325	-122.315941
10387	21397197	2023-01-11T04:58:00	24	W	8.9	37.891793	-122.151758
10430	21397276	2023-01-11T06:16:00	580	W	74.1	37.942605	-122.477717
10452	21397313	2023-01-11T06:39:00	242	N	2.0	37.982719	-122.041525
10766	21397787	2023-01-11T11:27:00	80	W	15.6	37.927978	-122.32287
10782	21397809	2023-01-11T11:39:00	80	E	18.9	37.969909	-122.320442
10791	21397821	2023-01-11T11:54:00	80	E	18.9	37.969909	-122.320442
10792	21397823	2023-01-11T11:52:00	680	N	49.937	37.95548	-122.053382
10796	21397830	2023-01-11T11:57:00	680	N	34.497	37.763011	-121.967176
10823	21397870	2023-01-11T12:24:00	4	E	14.23	38.004458	-122.038839
10938	21398048	2023-01-11T13:56:00	580	W	66.5	37.921761	-122.343181
11021	21398176	2023-01-11T14:50:00	4	W	25.717	38.003464	-121.835484
11485	21398891	2023-01-11T20:21:00	80	E	28.1	38.069178	-122.226636
11522	21398946	2023-01-11T20:55:00	80	W	11.3	37.869523	-122.304749
11530	21398955	2023-01-11T21:05:00	4	E	28.348	37.996773	-121.789698
11551	21398996	2023-01-11T21:45:00	24	W	8.9	37.891793	-122.151758
11743	21399335	2023-01-12T06:24:00	580	W	64.8	37.908665	-122.320973
11744	21399336	2023-01-12T06:23:00	580	W	64.8	37.908665	-122.320973
11745	21399337	2023-01-12T06:21:00	80	W	22.2	38.00178	-122.281783
11769	21399369	2023-01-12T06:43:00	242	S	2.0	37.983275	-122.041624
11786	21399395	2023-01-12T06:57:00	680	N	38.958	37.82354	-121.993719
11787	21399396	2023-01-12T06:55:00	80	W	13.8	37.903864	-122.312909
11791	21399410	2023-01-12T07:00:00	80	W	13.8	37.903864	-122.312909
11807	21399431	2023-01-12T07:12:00	4	W	15.413	38.010708	-122.017546
12084	21399834	2023-01-12T10:44:00	4	E	14.23	38.004458	-122.038839
12087	21399837	2023-01-12T10:36:00	580	W	67.8	37.926369	-122.364869
12194	21399992	2023-01-12T12:20:00	580	W	64.8	37.908665	-122.320973
12195	21399993	2023-01-12T12:19:00	680	S	35.269	37.772788	-121.973169
12233	21400046	2023-01-12T12:51:00	80	E	28.1	38.069722	-122.226905
12241	21400056	2023-01-12T12:55:00	680	N	31.108	37.720114	-121.937379
12252	21400072	2023-01-12T13:07:00	24	E	4.0	37.854339	-122.219102
12264	21400089	2023-01-12T13:13:00	24	E	5.4	37.867235	-122.201026
12288	21400118	2023-01-12T12:58:00	80	W	27.2	38.056308	-122.225996
12749	21400777	2023-01-12T18:27:00	680	N	46.181	37.903398	-122.069808
12767	21400803	2023-01-12T18:45:00	80	W	30.4	38.101745	-122.22981
12823	21400881	2023-01-12T19:24:00	24	E	8.1	37.892634	-122.165653
12829	21400893	2023-01-12T19:38:00	680	N	28.436	37.685932	-121.916638
12837	21400908	2023-01-12T19:43:00	80	E	13.3	37.898081	-122.309198
12862	21400950	2023-01-12T20:20:00	580	E	72.3	37.935043	-122.444523
12872	21400965	2023-01-12T20:28:00	4	E	19.751	38.018741	-121.942884
13137	21401449	2023-01-13T07:42:00	4	E	12.358	37.994341	-122.070209
13139	21401451	2023-01-13T07:40:00	4	E	12.358	37.994341	-122.070209
13339	21401746	2023-01-13T10:00:00	680	N	41.658	37.850611	-122.028596
13355	21401769	2023-01-13T10:12:00	24	E	9.0	37.891181	-122.150167
13406	21401843	2023-01-13T10:53:00	4	W	15.413	38.010708	-122.017546
13437	21401884	2023-01-13T11:11:00	80	W	12.4	37.886658	-122.309253
13455	21401909	2023-01-13T11:24:00	680	N	56.193	38.026944	-122.114167
13468	21401926	2023-01-13T11:35:00	24	W	1.7	37.843503	-122.254967
13482	21401947	2023-01-13T11:48:00	4	W	28.794	37.995591	-121.780403
13523	21401999	2023-01-13T12:20:00	680	S	34.081	37.75706	-121.963575
13570	21402070	2023-01-13T13:02:00	242	S	0.2	37.956956	-122.053305
13657	21402194	2023-01-13T14:03:00	4	W	16.962	38.017386	-121.990427
13663	21402201	2023-01-13T14:06:00	24	W	1.7	37.843503	-122.254967
13664	21402202	2023-01-13T14:05:00	24	W	12.4	37.898073	-122.09004
13674	21402216	2023-01-13T14:13:00	24	W	1.7	37.843503	-122.254967
13680	21402225	2023-01-13T14:17:00	680	S	35.873	37.780831	-121.97722
13716	21402277	2023-01-13T14:43:00	4	E	33.593	37.947685	-121.743882
13759	21402340	2023-01-13T15:02:00	4	E	8.677	37.989925	-122.133315
13771	21402355	2023-01-13T15:09:00	24	W	8.9	37.891793	-122.151758
13820	21402422	2023-01-13T15:41:00	24	E	14.0	37.903398	-122.069808
13821	21402423	2023-01-13T15:40:00	24	E	14.0	37.903398	-122.069808
13830	21402437	2023-01-13T15:44:00	680	S	35.873	37.780831	-121.97722
13899	21402540	2023-01-13T16:24:00	242	N	2.1	37.98392	-122.041279
13900	21402541	2023-01-13T16:23:00	680	S	47.508	37.920636	-122.062281
13939	21402604	2023-01-13T16:56:00	80	E	12.3	37.884747	-122.308659
13983	21402671	2023-01-13T17:26:00	24	E	10.4	37.892862	-122.125001
13985	21402673	2023-01-13T17:23:00	24	E	10.4	37.892862	-122.125001
14001	21402697	2023-01-13T17:38:00	24	W	4.0	37.854472	-122.219756
14003	21402699	2023-01-13T17:35:00	24	W	4.0	37.854472	-122.219756
14014	21402717	2023-01-13T17:43:00	24	W	5.4	37.868261	-122.200872
14015	21402718	2023-01-13T17:41:00	24	W	5.4	37.868261	-122.200872
14022	21402729	2023-01-13T17:47:00	4	E	13.969	38.003358	-122.042918
14313	21403199	2023-01-13T22:23:00	4	E	22.429	38.017951	-121.894061
14321	21403209	2023-01-13T22:35:00	24	E	9.0	37.891181	-122.150167
14333	21403235	2023-01-13T22:56:00	24	E	8.5	37.892591	-122.159524
14553	21403594	2023-01-14T06:02:00	680	N	33.953	37.756191	-121.962774
14557	21403602	2023-01-14T06:03:00	680	N	42.444	37.861176	-122.032978
14565	21403618	2023-01-14T06:19:00	680	N	48.56	37.936454	-122.060091
14586	21403654	2023-01-14T06:47:00	24	E	6.6	37.87735	-122.184078
14592	21403662	2023-01-14T06:48:00	24	W	4.5	37.859017	-122.212786
14627	21403732	2023-01-14T07:30:00	4	E	2.405	38.01046	-122.230175
14674	21403811	2023-01-14T08:05:00	680	S	48.105	37.929444	-122.060749
14687	21403832	2023-01-14T08:14:00	24	W	6.4	37.875588	-122.187732
14731	21403929	2023-01-14T09:01:00	580	W	72.2	37.935106	-122.444612
14740	21403942	2023-01-14T09:08:00	680	N	43.721	37.876406	-122.046355
14747	21403954	2023-01-14T09:13:00	80	E	19.6	37.979938	-122.317059
14750	21403957	2023-01-14T09:09:00	80	E	19.0	37.971598	-122.319869
14759	21403972	2023-01-14T09:17:00	680	S	35.873	37.780831	-121.97722
14806	21404056	2023-01-14T09:50:00	4	W	30.427	37.988982	-121.752267
14880	21404181	2023-01-14T10:43:00	680	N	47.56	37.922044	-122.061426
14892	21404198	2023-01-14T10:48:00	580	E	67.2	37.921658	-122.353789
14894	21404200	2023-01-14T10:45:00	4	W	18.744	38.022038	-121.960192
14917	21404240	2023-01-14T11:02:00	4	W	5.636	38.013022	-122.17456
14918	21404242	2023-01-14T11:00:00	80	W	29.3	38.085969	-122.232797
14930	21404257	2023-01-14T11:06:00	680	S	28.804	37.69002	-121.918519
14942	21404273	2023-01-14T11:12:00	4	W	16.263	38.013095	-122.001843
15003	21404371	2023-01-14T11:44:00	24	W	5.1	37.86612	-122.206946
15375	21404915	2023-01-14T14:55:00	680	N	28.436	37.685932	-121.916638
15470	21405053	2023-01-14T15:51:00	4	E	5.671	38.012858	-122.174702
15495	21405092	2023-01-14T16:02:00	580	W	74.1	37.942605	-122.477717
15532	21405156	2023-01-14T16:29:00	80	E	14.1	37.907164	-122.314949
15540	21405171	2023-01-14T16:36:00	242	S	2.7	37.992591	-122.039625
15563	21405202	2023-01-14T16:49:00	4	W	16.962	38.017386	-121.990427
15628	21405302	2023-01-14T17:30:00	24	E	10.4	37.892862	-122.125001
15672	21405368	2023-01-14T17:55:00	580	E	74.2	37.942595	-122.47827
15722	21405451	2023-01-14T18:29:00	242	S	2.7	37.992591	-122.039625
15754	21405500	2023-01-14T18:50:00	24	E	3.6	37.850088	-122.223172
15821	21405613	2023-01-14T19:42:00	24	E	6.6	37.87735	-122.184078
15842	21405646	2023-01-14T19:55:00	4	W	2.777	38.009209	-122.223901
16036	21405979	2023-01-14T22:45:00	680	N	56.193	38.026944	-122.114167
16072	21406049	2023-01-14T23:33:00	24	E	6.4	37.874851	-122.18658
16114	21406122	2023-01-15T00:28:00	24	W	5.1	37.86612	-122.206946
16323	21406445	2023-01-15T05:38:00	242	N	3.2	38.000481	-122.037725
16374	21406540	2023-01-15T07:16:00	80	E	11.7	37.874502	-122.306023
16384	21406560	2023-01-15T07:33:00	24	W	8.9	37.891793	-122.151758
16429	21406643	2023-01-15T08:29:00	24	W	2.7	37.850042	-122.238377
16436	21406658	2023-01-15T08:47:00	24	W	2.9	37.848986	-122.235713
16446	21406683	2023-01-15T09:06:00	24	W	8.9	37.891793	-122.151758
16447	21406684	2023-01-15T09:03:00	680	N	42.444	37.861176	-122.032978
16452	21406695	2023-01-15T09:12:00	24	E	8.5	37.892591	-122.159524
16488	21406755	2023-01-15T09:57:00	4	E	13.332	38.000576	-122.054088
16529	21406815	2023-01-15T10:32:00	4	W	19.828	38.019102	-121.940875
16690	21407056	2023-01-15T13:03:00	24	W	5.7	37.868105	-122.195924
16728	21407113	2023-01-15T13:35:00	680	N	45.688	37.896324	-122.070513
16764	21407161	2023-01-15T14:06:00	4	E	12.358	37.994341	-122.070209
16829	21407269	2023-01-15T15:13:00	24	E	8.5	37.892591	-122.159524
16911	21407397	2023-01-15T16:31:00	680	S	43.021	37.866847	-122.039129
16968	21407483	2023-01-15T17:06:00	24	W	7.1	37.88436	-122.179679
16994	21407524	2023-01-15T17:31:00	80	E	18.4	37.96469	-122.324915
16998	21407532	2023-01-15T17:37:00	80	E	19.0	37.971598	-122.319869
17005	21407542	2023-01-15T17:41:00	80	W	22.2	38.00178	-122.281783
17013	21407554	2023-01-15T17:46:00	24	W	8.9	37.891793	-122.151758
17289	21407970	2023-01-15T21:41:00	24	W	1.7	37.843503	-122.254967
17304	21407996	2023-01-15T21:58:00	680	N	37.79	37.806862	-121.990775
17325	21408023	2023-01-15T22:15:00	242	N	2.1	37.98392	-122.041279
17343	21408046	2023-01-15T22:32:00	80	W	14.1	37.907481	-122.315399
17352	21408057	2023-01-15T22:37:00	24	W	5.4	37.868261	-122.200872
17364	21408074	2023-01-15T22:46:00	4	W	1.147	38.014414	-122.25234
17635	21408449	2023-01-16T02:41:00	24	E	4.5	37.858352	-122.21196
17646	21408463	2023-01-16T02:49:00	80	E	14.1	37.907164	-122.314949
17690	21408517	2023-01-16T03:30:00	4	W	16.962	38.017386	-121.990427
17711	21408548	2023-01-16T03:47:00	680	N	43.721	37.876406	-122.046355
17744	21408596	2023-01-16T04:13:00	4	E	2.635	38.009266	-122.22697
17869	21408820	2023-01-16T06:04:00	4	E	33.593	37.947685	-121.743882
17878	21408841	2023-01-16T06:17:00	4	W	8.586	37.990008	-122.133858
17880	21408851	2023-01-16T06:19:00	80	W	13.1	37.895221	-122.308233
17922	21408938	2023-01-16T06:56:00	24	E	9.0	37.891181	-122.150167
17927	21408956	2023-01-16T07:02:00	680	S	35.269	37.772788	-121.973169
17960	21409028	2023-01-16T07:26:00	4	E	9.058	37.991473	-122.12634
17961	21409030	2023-01-16T07:22:00	680	N	56.193	38.026944	-122.114167
18160	21409413	2023-01-16T10:28:00	680	N	47.56	37.922044	-122.061426
18162	21409415	2023-01-16T10:25:00	580	W	64.8	37.908665	-122.320973
18180	21409455	2023-01-16T10:47:00	680	N	47.56	37.922044	-122.061426
18202	21409491	2023-01-16T10:59:00	4	E	30.247	37.99523	-121.755948
18205	21409499	2023-01-16T11:05:00	4	W	30.427	37.988982	-121.752267
18211	21409512	2023-01-16T11:10:00	4	W	15.413	38.010708	-122.017546
18252	21409586	2023-01-16T11:44:00	4	W	23.37	38.013977	-121.876289
18284	21409653	2023-01-16T12:16:00	580	W	72.2	37.935097	-122.444517
18320	21409717	2023-01-16T12:47:00	4	W	13.31	38.000983	-122.053668
18456	21409948	2023-01-16T14:54:00	680	S	47.508	37.920636	-122.062281
18481	21409989	2023-01-16T15:14:00	80	W	12.1	37.881911	-122.308246
18492	21410010	2023-01-16T15:23:00	242	N	2.1	37.98392	-122.041279
18515	21410045	2023-01-16T15:39:00	680	N	47.855	37.926362	-122.060449
18554	21410119	2023-01-16T16:22:00	24	W	8.9	37.891793	-122.151758
18555	21410120	2023-01-16T16:20:00	24	W	11.1	37.895372	-122.113724
18558	21410123	2023-01-16T16:17:00	242	N	2.1	37.98392	-122.041279
18562	21410130	2023-01-16T16:26:00	4	E	35.236	37.925219	-121.732887
18566	21410141	2023-01-16T16:31:00	24	E	3.6	37.850088	-122.223172
18580	21410167	2023-01-16T16:45:00	80	W	15.6	37.927978	-122.32287
18599	21410201	2023-01-16T17:07:00	24	W	5.7	37.868105	-122.195924
18618	21410232	2023-01-16T17:24:00	80	W	14.1	37.907481	-122.315399
18619	21410233	2023-01-16T17:21:00	80	W	14.1	37.907481	-122.315399
18623	21410237	2023-01-16T17:27:00	680	N	57.433	38.042706	-122.121663
18637	21410257	2023-01-16T17:35:00	4	W	9.626	37.996431	-122.116998
18684	21410346	2023-01-16T18:17:00	4	E	8.677	37.989925	-122.133315
18706	21410387	2023-01-16T18:33:00	4	E	19.751	38.018741	-121.942884
18934	21410774	2023-01-17T01:07:00	4	W	23.665	38.012996	-121.871769
19607	21411831	2023-01-17T13:28:00	4	W	33.615	37.947161	-121.743071
19608	21411833	2023-01-17T13:22:00	4	W	23.665	38.012996	-121.871769
20201	21412732	2023-01-17T21:16:00	4	E	22.429	38.017951	-121.894061
20313	21412941	2023-01-18T02:35:00	4	E	24.198	38.01073	-121.863155
20339	21412983	2023-01-18T04:46:00	24	E	3.7	37.851469	-122.222575
20340	21412984	2023-01-18T04:44:00	580	E	70.4	37.93271	-122.409354
20354	21413014	2023-01-18T05:31:00	24	W	5.1	37.86612	-122.206946
20388	21413085	2023-01-18T06:22:00	580	W	69.1	37.929643	-122.387723
20389	21413086	2023-01-18T06:17:00	580	W	69.1	37.929643	-122.387723
20401	21413101	2023-01-18T06:25:00	4	E	30.572	37.98771	-121.750948
20420	21413128	2023-01-18T06:42:00	680	S	45.796	37.897511	-122.071253
20496	21413253	2023-01-18T07:40:00	4	W	16.962	38.017386	-121.990427
20498	21413255	2023-01-18T07:37:00	4	W	16.962	38.017386	-121.990427
20509	21413271	2023-01-18T07:51:00	24	E	3.6	37.850088	-122.223172
20536	21413321	2023-01-18T08:07:00	680	S	43.021	37.866847	-122.039129
20537	21413323	2023-01-18T08:05:00	680	S	43.021	37.866847	-122.039129
20561	21413362	2023-01-18T08:20:00	4	E	25.442	38.004791	-121.841338
20590	21413415	2023-01-18T08:47:00	4	E	15.58	38.010574	-122.015485
20654	21413504	2023-01-18T09:28:00	680	S	45.272	37.892761	-122.064902
20655	21413505	2023-01-18T09:27:00	680	S	45.272	37.892761	-122.064902
20663	21413514	2023-01-18T09:31:00	4	E	16.282	38.012596	-122.002277
20743	21413639	2023-01-18T10:45:00	680	S	46.565	37.908558	-122.068713
20744	21413640	2023-01-18T10:43:00	4	E	16.282	38.012596	-122.002277
20785	21413703	2023-01-18T11:25:00	580	W	72.2	37.935097	-122.444517
20786	21413704	2023-01-18T11:24:00	4	E	27.715	37.998106	-121.801068
20787	21413705	2023-01-18T11:22:00	80	E	26.4	38.048149	-122.233775
20792	21413711	2023-01-18T11:32:00	242	S	2.0	37.983275	-122.041624
20800	21413722	2023-01-18T11:35:00	80	W	27.5	38.060885	-122.22633
20829	21413763	2023-01-18T12:08:00	24	E	6.4	37.874851	-122.18658
20866	21413826	2023-01-18T12:51:00	242	N	0.8	37.96661	-122.048744
21070	21414130	2023-01-18T15:32:00	24	E	3.3	37.847464	-122.22769
21078	21414144	2023-01-18T15:35:00	80	E	12.3	37.884747	-122.308659
21114	21414200	2023-01-18T16:00:00	4	W	28.794	37.995591	-121.780403
21336	21414534	2023-01-18T18:24:00	80	E	11.7	37.874502	-122.306023
21339	21414537	2023-01-18T18:21:00	80	E	10.9	37.863935	-122.302816
21366	21414578	2023-01-18T18:41:00	680	N	52.53	37.990271	-122.06743
21367	21414579	2023-01-18T18:38:00	680	N	52.53	37.990271	-122.06743
21389	21414613	2023-01-18T19:09:00	242	S	2.7	37.992591	-122.039625
21406	21414641	2023-01-18T19:20:00	242	S	2.7	37.992591	-122.039625
21439	21414705	2023-01-18T20:05:00	680	N	55.442	38.021623	-122.102612
21440	21414706	2023-01-18T20:07:00	680	N	55.442	38.021623	-122.102612
21450	21414726	2023-01-18T20:17:00	680	N	53.878	38.005573	-122.082507
21455	21414741	2023-01-18T20:25:00	4	E	16.282	38.012596	-122.002277
21480	21414783	2023-01-18T20:55:00	4	E	15.58	38.010574	-122.015485
21483	21414788	2023-01-18T21:01:00	80	E	28.3	38.07247	-122.228965
21498	21414818	2023-01-18T21:29:00	24	W	6.6	37.87805	-122.186114
21702	21415187	2023-01-19T06:32:00	24	W	8.9	37.891793	-122.151758
21703	21415188	2023-01-19T06:29:00	24	W	8.9	37.891793	-122.151758
21715	21415217	2023-01-19T06:45:00	4	W	14.179	38.004968	-122.038364
21728	21415238	2023-01-19T06:54:00	80	W	12.1	37.881911	-122.308246
21741	21415266	2023-01-19T07:10:00	4	W	22.348	38.018567	-121.895066
21743	21415268	2023-01-19T07:06:00	4	W	22.348	38.018567	-121.895066
21746	21415273	2023-01-19T07:18:00	4	W	15.413	38.010708	-122.017546
21788	21415344	2023-01-19T07:47:00	4	W	22.348	38.018567	-121.895066
21789	21415345	2023-01-19T07:46:00	4	E	30.995	37.982313	-121.746896
21790	21415346	2023-01-19T07:45:00	4	W	27.661	37.998406	-121.801
21796	21415356	2023-01-19T07:51:00	24	W	12.9	37.897483	-122.081196
21797	21415357	2023-01-19T07:50:00	4	W	22.348	38.018567	-121.895066
21811	21415377	2023-01-19T08:02:00	80	E	21.2	37.993899	-122.297627
21819	21415389	2023-01-19T08:07:00	580	E	72.3	37.935043	-122.444523
21847	21415435	2023-01-19T08:22:00	80	W	13.8	37.903864	-122.312909
21874	21415471	2023-01-19T08:37:00	680	S	41.829	37.852397	-122.029072
21875	21415472	2023-01-19T08:36:00	24	E	9.0	37.891181	-122.150167
21876	21415473	2023-01-19T08:34:00	680	S	41.829	37.852397	-122.029072
21898	21415508	2023-01-19T08:50:00	680	N	47.855	37.926362	-122.060449
21909	21415519	2023-01-19T08:59:00	242	S	1.6	37.977448	-122.044261
21910	21415520	2023-01-19T08:58:00	242	S	1.6	37.977448	-122.044261
21911	21415521	2023-01-19T08:57:00	680	N	42.444	37.861176	-122.032978
21944	21415578	2023-01-19T09:21:00	4	W	23.37	38.013977	-121.876289
21945	21415579	2023-01-19T09:20:00	4	W	23.37	38.013977	-121.876289
21958	21415598	2023-01-19T09:26:00	80	W	15.9	37.93162	-122.325372
21980	21415634	2023-01-19T09:56:00	580	E	69.3	37.930263	-122.389678
21992	21415654	2023-01-19T10:03:00	680	N	51.842	37.980369	-122.065426
21996	21415664	2023-01-19T10:10:00	4	W	22.348	38.018567	-121.895066
22042	21415729	2023-01-19T10:47:00	680	N	50.46	37.962458	-122.053879
22067	21415772	2023-01-19T11:08:00	4	W	19.521	38.019089	-121.946589
22092	21415802	2023-01-19T11:36:00	4	E	4.864	38.01589	-122.188886
22100	21415812	2023-01-19T11:39:00	4	E	12.358	37.994341	-122.070209
22112	21415827	2023-01-19T11:48:00	4	W	2.777	38.009209	-122.223901
22157	21415905	2023-01-19T12:42:00	24	W	5.7	37.868105	-122.195924
22173	21415930	2023-01-19T12:57:00	4	W	13.715	38.002816	-122.046293
22208	21415977	2023-01-19T13:20:00	4	W	24.061	38.011402	-121.864671
22221	21415996	2023-01-19T12:50:00	680	S	30.295	37.70986	-121.9291
22230	21416010	2023-01-19T13:41:00	4	W	13.715	38.002816	-122.046293
22237	21416022	2023-01-19T13:45:00	24	W	4.0	37.854472	-122.219756
22270	21416063	2023-01-19T14:07:00	4	E	22.429	38.017951	-121.894061
22355	21416180	2023-01-19T15:13:00	24	E	11.7	37.8969	-122.101841
22356	21416181	2023-01-19T15:10:00	4	E	19.751	38.018741	-121.942884
22357	21416182	2023-01-19T15:08:00	4	E	19.751	38.018741	-121.942884
22491	21416366	2023-01-19T16:44:00	580	W	72.2	37.935097	-122.444517
22543	21416447	2023-01-19T17:17:00	80	W	11.0	37.864609	-122.303227
22560	21416470	2023-01-19T17:36:00	24	E	5.1	37.865846	-122.207047
22572	21416487	2023-01-19T17:40:00	80	E	14.1	37.907164	-122.314949
22713	21416684	2023-01-19T19:47:00	24	W	3.7	37.851328	-122.222873
22714	21416685	2023-01-19T19:43:00	680	N	35.319	37.773638	-121.973283
22734	21416719	2023-01-19T19:56:00	4	W	31.03	37.982452	-121.746491
22824	21416874	2023-01-19T22:17:00	4	E	23.664	38.012821	-121.872431
22874	21416952	2023-01-19T23:55:00	24	W	7.6	37.890168	-122.174599
22875	21416953	2023-01-19T23:53:00	24	W	12.4	37.898073	-122.09004
22918	21417024	2023-01-20T01:53:00	4	E	25.684	38.003696	-121.837444
22972	21417098	2023-01-20T04:28:00	24	W	7.1	37.88436	-122.179679
23114	21417335	2023-01-20T07:31:00	24	W	8.9	37.891793	-122.151758
23225	21417494	2023-01-20T08:39:00	680	N	42.845	37.865358	-122.03765
23240	21417517	2023-01-20T08:58:00	80	W	11.3	37.869523	-122.304749
23255	21417536	2023-01-20T09:01:00	80	W	11.3	37.869523	-122.304749
23291	21417597	2023-01-20T09:29:00	24	W	8.1	37.892846	-122.166865
23307	21417624	2023-01-20T09:45:00	242	S	0.8	37.966634	-122.048958
23324	21417646	2023-01-20T10:03:00	80	E	19.0	37.971598	-122.319869
23325	21417647	2023-01-20T10:00:00	24	E	4.8	37.861022	-122.209626
23326	21417648	2023-01-20T09:59:00	680	S	35.873	37.780831	-121.97722
23338	21417664	2023-01-20T10:11:00	4	W	2.777	38.009209	-122.223901
23349	21417685	2023-01-20T10:24:00	4	E	12.358	37.994341	-122.070209
23368	21417709	2023-01-20T10:42:00	24	E	11.7	37.8969	-122.101841
23372	21417715	2023-01-20T10:44:00	680	S	29.137	37.694397	-121.920222
23424	21417785	2023-01-20T11:30:00	4	W	25.384	38.005247	-121.84187
23607	21418048	2023-01-20T13:51:00	680	S	39.223	37.826477	-121.996334
23626	21418075	2023-01-20T14:00:00	24	E	12.8	37.897394	-122.081878
23663	21418120	2023-01-20T14:21:00	4	E	33.593	37.947685	-121.743882
23669	21418130	2023-01-20T14:24:00	80	E	27.7	38.063849	-122.225386
23680	21418143	2023-01-20T14:33:00	580	W	68.2	37.927221	-122.37295
23693	21418162	2023-01-20T14:44:00	24	E	6.7	37.878599	-122.183245
23759	21418260	2023-01-20T15:26:00	242	N	3.6	38.008166	-122.030414
23862	21418395	2023-01-20T16:22:00	24	E	7.5	37.888907	-122.175662
23877	21418414	2023-01-20T16:24:00	24	E	7.5	37.888907	-122.175662
23878	21418415	2023-01-20T16:23:00	24	E	11.7	37.8969	-122.101841
23930	21418499	2023-01-20T17:04:00	80	W	29.7	38.091041	-122.230877
23954	21418533	2023-01-20T17:14:00	680	N	56.193	38.026944	-122.114167
23987	21418581	2023-01-20T17:41:00	80	W	13.8	37.903864	-122.312909
24000	21418596	2023-01-20T17:48:00	4	W	0.743	38.013479	-122.259298
24001	21418597	2023-01-20T17:47:00	4	W	24.061	38.011402	-121.864671
24002	21418598	2023-01-20T17:46:00	80	W	13.8	37.903864	-122.312909
24003	21418599	2023-01-20T17:45:00	4	W	24.061	38.011402	-121.864671
24012	21418614	2023-01-20T17:50:00	80	W	30.4	38.101745	-122.22981
24305	21419076	2023-01-20T23:22:00	24	W	5.0	37.864109	-122.209158
24323	21419100	2023-01-20T23:50:00	4	E	14.584	38.007413	-122.0328
24335	21419124	2023-01-21T00:13:00	4	E	14.725	38.008166	-122.030414
24582	21419536	2023-01-21T08:36:00	80	E	11.4	37.870249	-122.304706
24611	21419580	2023-01-21T09:04:00	680	N	41.473	37.847983	-122.027629
24623	21419605	2023-01-21T09:25:00	24	W	8.1	37.892846	-122.166865
24649	21419653	2023-01-21T09:54:00	4	W	19.828	38.019102	-121.940875
24749	21419809	2023-01-21T11:30:00	680	S	51.885	37.980061	-122.065556
24808	21419902	2023-01-21T12:18:00	4	W	19.521	38.019089	-121.946589
24872	21420018	2023-01-21T13:31:00	24	E	3.7	37.851469	-122.222575
24875	21420021	2023-01-21T13:34:00	24	E	3.7	37.851469	-122.222575
24889	21420047	2023-01-21T13:43:00	680	S	31.831	37.728617	-121.944331
24906	21420066	2023-01-21T13:55:00	4	W	9.11	37.992411	-122.125089
24924	21420089	2023-01-21T14:06:00	80	E	27.5	38.061312	-122.225163
24942	21420117	2023-01-21T14:21:00	24	E	7.5	37.888907	-122.175662
24983	21420188	2023-01-21T14:56:00	4	E	35.236	37.925219	-121.732887
25006	21420215	2023-01-21T15:11:00	4	E	12.562	37.995586	-122.066559
25127	21420387	2023-01-21T16:46:00	580	E	69.3	37.930263	-122.389678
25149	21420424	2023-01-21T17:10:00	4	E	18.812	38.021811	-121.960767
25155	21420436	2023-01-21T17:15:00	580	W	69.1	37.929643	-122.387723
25370	21420838	2023-01-21T22:47:00	80	E	25.8	38.042706	-122.24148
25404	21420889	2023-01-21T23:34:00	4	W	12.337	37.994782	-122.069526
25408	21420893	2023-01-21T23:43:00	24	E	5.1	37.865846	-122.207047
25409	21420894	2023-01-21T23:38:00	4	W	5.636	38.013022	-122.17456
25601	21421211	2023-01-22T07:12:00	4	E	25.684	38.003696	-121.837444
25641	21421287	2023-01-22T08:35:00	4	E	23.108	38.015064	-121.882403
25642	21421288	2023-01-22T08:34:00	4	E	24.198	38.01073	-121.863155
25650	21421306	2023-01-22T08:52:00	4	E	28.348	37.996773	-121.789698
25891	21421690	2023-01-22T13:44:00	24	W	11.1	37.895372	-122.113724
25931	21421745	2023-01-22T14:22:00	4	E	13.332	38.000576	-122.054088
26144	21422090	2023-01-22T17:36:00	24	W	6.4	37.875588	-122.187732
26312	21422402	2023-01-22T21:16:00	4	E	22.429	38.017951	-121.894061
26516	21422743	2023-01-23T05:35:00	680	S	46.565	37.908558	-122.068713
26536	21422765	2023-01-23T05:55:00	680	S	46.565	37.908558	-122.068713
26558	21422796	2023-01-23T06:03:00	4	E	1.522	38.015081	-122.245177
26762	21423124	2023-01-23T08:44:00	680	N	39.773	37.831749	-122.00388
26798	21423168	2023-01-23T09:03:00	4	E	23.108	38.015064	-121.882403
26849	21423239	2023-01-23T09:30:00	80	W	20.3	37.989215	-122.312635
26882	21423274	2023-01-23T10:01:00	24	W	12.4	37.898073	-122.09004
26905	21423316	2023-01-23T10:27:00	680	S	51.349	37.97324	-122.062065
26911	21423329	2023-01-23T10:28:00	24	W	5.1	37.86612	-122.206946
26917	21423336	2023-01-23T10:36:00	680	S	43.713	37.875686	-122.0459
26956	21423387	2023-01-23T11:01:00	4	W	20.036	38.019101	-121.937152
26980	21423427	2023-01-23T11:25:00	80	W	11.3	37.869523	-122.304749
26981	21423428	2023-01-23T11:23:00	24	E	13.5	37.892761	-122.064902
26991	21423444	2023-01-23T11:36:00	80	W	24.3	38.025745	-122.259506
26992	21423445	2023-01-23T11:34:00	580	W	65.8	37.919271	-122.331368
27005	21423466	2023-01-23T11:54:00	80	W	11.3	37.869523	-122.304749
27023	21423493	2023-01-23T12:05:00	80	E	10.9	37.863935	-122.302816
27033	21423506	2023-01-23T12:14:00	4	E	16.282	38.012596	-122.002277
27047	21423525	2023-01-23T12:20:00	24	E	4.5	37.858644	-122.212162
27054	21423533	2023-01-23T12:24:00	24	E	11.7	37.8969	-122.101841
27105	21423612	2023-01-23T13:18:00	242	S	2.9	37.994816	-122.039153
27132	21423657	2023-01-23T13:34:00	580	W	74.1	37.942605	-122.477717
27177	21423716	2023-01-23T14:08:00	680	N	56.193	38.026944	-122.114167
27198	21423747	2023-01-23T14:22:00	242	S	0.2	37.956956	-122.053305
27356	21423987	2023-01-23T16:14:00	680	N	47.56	37.922044	-122.061426
27358	21423989	2023-01-23T16:12:00	680	N	47.56	37.922044	-122.061426
27396	21424039	2023-01-23T16:31:00	242	N	0.8	37.96661	-122.048744
27770	21424635	2023-01-24T01:40:00	4	E	23.664	38.012821	-121.872431
27910	21424878	2023-01-24T07:14:00	680	S	41.829	37.852397	-122.029072
27912	21424880	2023-01-24T07:09:00	680	S	41.829	37.852397	-122.029072
27945	21424932	2023-01-24T07:35:00	680	S	50.362	37.960855	-122.053254
27946	21424933	2023-01-24T07:33:00	680	S	50.362	37.960855	-122.053254
27971	21424970	2023-01-24T07:50:00	4	W	8.586	37.990008	-122.133858
28211	21425297	2023-01-24T10:17:00	580	W	70.0	37.932486	-122.403542
28222	21425309	2023-01-24T10:23:00	580	E	73.7	37.940938	-122.469742
28223	21425310	2023-01-24T10:20:00	4	E	18.134	38.023689	-121.972104
28407	21425576	2023-01-24T13:27:00	580	W	70.0	37.932486	-122.403542
28462	21425655	2023-01-24T14:14:00	680	N	49.937	37.95548	-122.053382
28463	21425656	2023-01-24T14:13:00	680	N	49.937	37.95548	-122.053382
28476	21425676	2023-01-24T14:19:00	4	E	20.104	38.018752	-121.937094
28511	21425727	2023-01-24T14:46:00	680	N	38.382	37.815103	-121.993179
28561	21425796	2023-01-24T15:10:00	680	N	28.436	37.685932	-121.916638
28604	21425852	2023-01-24T15:38:00	4	W	26.728	37.998674	-121.817967
28605	21425853	2023-01-24T15:37:00	24	W	12.9	37.897483	-122.081196
28750	21426042	2023-01-24T17:08:00	24	E	2.7	37.849799	-122.238351
28751	21426043	2023-01-24T17:06:00	24	E	2.7	37.849799	-122.238351
28846	21426177	2023-01-24T18:04:00	24	E	8.5	37.892591	-122.159524
28988	21426408	2023-01-24T20:34:00	24	E	2.1	37.845854	-122.247879
28990	21426410	2023-01-24T20:36:00	80	E	16.5	37.94046	-122.324391
29027	21426460	2023-01-24T21:23:00	24	W	5.1	37.86612	-122.206946
29156	21426678	2023-01-25T04:21:00	24	W	7.1	37.88436	-122.179679
29248	21426821	2023-01-25T06:35:00	680	N	46.866	37.912775	-122.06692
29259	21426838	2023-01-25T06:44:00	80	W	28.0	38.06895	-122.227346
29309	21426912	2023-01-25T07:29:00	4	W	16.263	38.013095	-122.001843
29311	21426914	2023-01-25T07:26:00	4	W	16.263	38.013095	-122.001843
29344	21426981	2023-01-25T07:55:00	680	N	52.775	37.995586	-122.066559
29387	21427040	2023-01-25T08:20:00	242	S	2.0	37.983275	-122.041624
29388	21427041	2023-01-25T08:18:00	242	S	2.0	37.983275	-122.041624
29399	21427053	2023-01-25T08:28:00	4	E	14.725	38.008166	-122.030414
29400	21427055	2023-01-25T08:24:00	4	E	14.725	38.008166	-122.030414
29490	21427186	2023-01-25T09:24:00	80	W	12.1	37.881911	-122.308246
29509	21427217	2023-01-25T09:46:00	242	N	2.0	37.982719	-122.041525
29542	21427257	2023-01-25T10:05:00	680	N	47.56	37.922044	-122.061426
29552	21427270	2023-01-25T10:13:00	680	N	50.46	37.962458	-122.053879
29606	21427345	2023-01-25T11:01:00	4	E	10.42	37.993192	-122.104465
29712	21427511	2023-01-25T12:48:00	80	E	25.8	38.042706	-122.24148
29713	21427512	2023-01-25T12:57:00	580	E	64.0	37.897115	-122.311689
29715	21427514	2023-01-25T12:54:00	242	N	2.0	37.982719	-122.041525
29732	21427539	2023-01-25T13:05:00	4	E	18.812	38.021811	-121.960767
29738	21427545	2023-01-25T13:11:00	4	W	16.263	38.013095	-122.001843
29811	21427644	2023-01-25T14:10:00	580	W	64.3	37.902354	-122.315759
29870	21427732	2023-01-25T14:51:00	4	E	28.348	37.996773	-121.789698
30059	21427999	2023-01-25T16:39:00	680	N	39.258	37.827317	-121.997036
30107	21428054	2023-01-25T16:59:00	680	N	39.773	37.831749	-122.00388
30134	21428098	2023-01-25T17:22:00	4	W	20.036	38.019101	-121.937152
30363	21428431	2023-01-25T20:33:00	680	S	41.829	37.852397	-122.029072
30367	21428437	2023-01-25T20:40:00	4	W	16.542	38.014183	-121.996966
30379	21428455	2023-01-25T20:54:00	80	W	30.0	38.095726	-122.229909
30380	21428458	2023-01-25T21:01:00	4	E	4.414	38.012909	-122.195991
30386	21428467	2023-01-25T21:03:00	80	E	27.5	38.060831	-122.225101
30598	21428787	2023-01-26T05:40:00	4	E	0.04	38.01571	-122.271746
30601	21428796	2023-01-26T05:45:00	24	W	8.1	37.892846	-122.166865
30763	21429056	2023-01-26T08:07:00	580	W	70.0	37.932486	-122.403542
30802	21429109	2023-01-26T08:30:00	24	W	3.7	37.851328	-122.222873
30814	21429122	2023-01-26T08:34:00	24	W	3.7	37.851328	-122.222873
30833	21429150	2023-01-26T08:46:00	680	N	39.258	37.827317	-121.997036
30842	21429161	2023-01-26T08:48:00	242	N	0.3	37.959712	-122.051595
30851	21429170	2023-01-26T08:57:00	242	N	0.8	37.96661	-122.048744
30864	21429190	2023-01-26T09:05:00	680	S	41.829	37.852397	-122.029072
30886	21429222	2023-01-26T09:21:00	680	S	44.891	37.889558	-122.058503
30915	21429257	2023-01-26T09:42:00	24	E	4.8	37.861022	-122.209626
30949	21429303	2023-01-26T10:01:00	242	N	1.9	37.98069	-122.042276
31013	21429391	2023-01-26T10:39:00	680	S	45.796	37.897511	-122.071253
31018	21429403	2023-01-26T10:46:00	580	W	64.8	37.908665	-122.320973
31030	21429417	2023-01-26T10:49:00	242	S	2.0	37.983275	-122.041624
31041	21429429	2023-01-26T10:56:00	24	E	6.4	37.874851	-122.18658
31138	21429572	2023-01-26T12:24:00	680	N	34.298	37.760375	-121.965448
31139	21429573	2023-01-26T12:23:00	680	N	35.863	37.78143	-121.977213
31211	21429680	2023-01-26T13:13:00	680	S	41.498	37.847743	-122.02778
31220	21429691	2023-01-26T13:19:00	4	E	16.282	38.012596	-122.002277
31306	21429815	2023-01-26T14:24:00	680	S	35.873	37.780831	-121.97722
31322	21429839	2023-01-26T14:33:00	80	W	12.4	37.886658	-122.309253
31330	21429848	2023-01-26T14:39:00	4	W	16.263	38.013095	-122.001843
31352	21429876	2023-01-26T14:59:00	242	N	1.9	37.98069	-122.042276
31369	21429896	2023-01-26T15:07:00	680	S	35.269	37.772788	-121.973169
31381	21429911	2023-01-26T15:11:00	4	E	15.58	38.010574	-122.015485
31398	21429932	2023-01-26T15:22:00	680	S	39.773	37.8317	-122.004258
31399	21429933	2023-01-26T15:20:00	680	S	39.773	37.8317	-122.004258
31416	21429954	2023-01-26T15:30:00	4	E	14.725	38.008166	-122.030414
31440	21429991	2023-01-26T15:47:00	680	N	51.842	37.980369	-122.065426
31441	21429992	2023-01-26T15:45:00	680	N	51.842	37.980369	-122.065426
31442	21429993	2023-01-26T15:42:00	24	E	2.1	37.845854	-122.247879
31453	21430007	2023-01-26T15:51:00	4	W	18.122	38.023975	-121.971031
31494	21430067	2023-01-26T16:18:00	80	W	11.3	37.869523	-122.304749
31507	21430083	2023-01-26T16:20:00	680	N	43.721	37.876406	-122.046355
31518	21430096	2023-01-26T16:25:00	80	E	11.7	37.874502	-122.306023
31534	21430121	2023-01-26T16:36:00	580	E	64.0	37.897115	-122.311689
31535	21430122	2023-01-26T16:34:00	80	W	16.5	37.940155	-122.324756
31575	21430176	2023-01-26T17:02:00	4	E	16.999	38.016763	-121.990745
32089	21431002	2023-01-27T06:56:00	80	E	15.6	37.928275	-122.322664
32090	21431003	2023-01-27T06:55:00	80	W	16.8	37.944752	-122.324291
32092	21431005	2023-01-27T06:51:00	80	W	16.8	37.944752	-122.324291
32117	21431050	2023-01-27T07:19:00	4	W	13.715	38.002816	-122.046293
32319	21431353	2023-01-27T09:57:00	4	E	32.346	37.964821	-121.740553
32329	21431365	2023-01-27T10:02:00	80	W	22.2	38.00178	-122.281783
32333	21431373	2023-01-27T10:08:00	680	S	31.831	37.728617	-121.944331
32398	21431459	2023-01-27T10:59:00	4	E	15.58	38.010574	-122.015485
32450	21431542	2023-01-27T11:48:00	4	W	16.542	38.014183	-121.996966
32543	21431687	2023-01-27T13:23:00	680	S	45.272	37.892761	-122.064902
32573	21431724	2023-01-27T13:40:00	24	W	8.9	37.891793	-122.151758
32720	21431927	2023-01-27T15:16:00	680	S	47.694	37.923282	-122.061272
32728	21431940	2023-01-27T15:20:00	24	E	6.4	37.874851	-122.18658
32729	21431941	2023-01-27T15:17:00	24	E	6.1	37.871667	-122.190634
32809	21432044	2023-01-27T16:07:00	580	W	72.2	37.935097	-122.444517
32822	21432061	2023-01-27T16:13:00	4	E	19.751	38.018741	-121.942884
32833	21432074	2023-01-27T16:17:00	4	E	22.429	38.017951	-121.894061
32988	21432289	2023-01-27T17:44:00	24	E	2.9	37.848602	-122.235179
32989	21432290	2023-01-27T17:42:00	24	E	2.9	37.848602	-122.235179
33028	21432337	2023-01-27T18:06:00	580	W	72.2	37.935097	-122.444517
33042	21432353	2023-01-27T18:08:00	4	E	15.58	38.010574	-122.015485
33051	21432364	2023-01-27T18:15:00	4	E	15.58	38.010574	-122.015485
33178	21432566	2023-01-27T20:05:00	580	E	74.2	37.942468	-122.477577
33187	21432580	2023-01-27T20:14:00	4	E	16.282	38.012596	-122.002277
33219	21432631	2023-01-27T21:05:00	4	W	12.059	37.993171	-122.074252
33248	21432679	2023-01-27T21:45:00	24	W	5.1	37.86612	-122.206946
33322	21432825	2023-01-28T00:22:00	680	S	29.137	37.694397	-121.920222
33335	21432851	2023-01-28T01:05:00	4	E	37.629	37.89608	-121.713318
33603	21433291	2023-01-28T09:29:00	80	E	28.1	38.069722	-122.226905
33641	21433353	2023-01-28T10:19:00	4	E	25.929	38.002351	-121.832686
33647	21433366	2023-01-28T10:28:00	4	E	27.715	37.998106	-121.801068
33663	21433383	2023-01-28T10:37:00	580	W	67.8	37.926369	-122.364869
33669	21433393	2023-01-28T10:45:00	580	E	69.0	37.928635	-122.385096
33683	21433416	2023-01-28T10:59:00	4	E	28.348	37.996773	-121.789698
33708	21433447	2023-01-28T11:18:00	80	W	14.6	37.914584	-122.317505
33724	21433469	2023-01-28T11:27:00	4	W	13.715	38.002816	-122.046293
33742	21433499	2023-01-28T11:52:00	80	E	29.7	38.09087	-122.228429
33756	21433518	2023-01-28T12:06:00	80	E	17.4	37.952867	-122.327994
33772	21433549	2023-01-28T12:17:00	80	E	17.4	37.952867	-122.327994
33782	21433564	2023-01-28T12:30:00	4	W	10.836	37.990762	-122.096283
33792	21433575	2023-01-28T12:33:00	24	W	3.4	37.849078	-122.226591
33818	21433610	2023-01-28T12:54:00	4	W	16.263	38.013095	-122.001843
33839	21433642	2023-01-28T13:20:00	4	E	19.751	38.018741	-121.942884
33971	21433842	2023-01-28T15:09:00	680	N	41.473	37.847983	-122.027629
33985	21433861	2023-01-28T15:20:00	80	W	23.7	38.018484	-122.266235
33996	21433874	2023-01-28T15:32:00	80	E	27.5	38.061312	-122.225163
33997	21433875	2023-01-28T15:30:00	680	S	35.269	37.772788	-121.973169
34008	21433892	2023-01-28T15:43:00	80	E	12.1	37.881746	-122.307966
34010	21433894	2023-01-28T15:39:00	680	N	56.193	38.026944	-122.114167
34023	21433915	2023-01-28T15:51:00	4	E	2.635	38.009266	-122.22697
34123	21434075	2023-01-28T17:20:00	4	W	23.37	38.013977	-121.876289
34195	21434199	2023-01-28T18:24:00	680	S	29.137	37.694397	-121.920222
34203	21434211	2023-01-28T18:37:00	580	W	71.7	37.934485	-122.435363
34219	21434239	2023-01-28T18:55:00	4	E	16.282	38.012596	-122.002277
34301	21434388	2023-01-28T20:59:00	4	E	16.282	38.012596	-122.002277
34302	21434389	2023-01-28T20:55:00	680	S	51.885	37.980061	-122.065556
34305	21434394	2023-01-28T21:08:00	680	S	54.598	38.013232	-122.09078
34316	21434407	2023-01-28T21:26:00	4	W	16.263	38.013095	-122.001843
34320	21434415	2023-01-28T21:38:00	4	W	16.263	38.013095	-122.001843
34411	21434607	2023-01-29T01:39:00	4	W	25.717	38.003464	-121.835484
34423	21434622	2023-01-29T02:08:00	4	E	23.664	38.012821	-121.872431
34429	21434631	2023-01-29T02:17:00	4	E	22.429	38.017951	-121.894061
34431	21434634	2023-01-29T02:27:00	4	E	23.664	38.012821	-121.872431
34442	21434650	2023-01-29T02:44:00	4	E	22.429	38.017951	-121.894061
34552	21434831	2023-01-29T07:39:00	80	E	12.1	37.881746	-122.307966
34586	21434879	2023-01-29T08:27:00	80	W	28.3	38.072115	-122.229026
34591	21434886	2023-01-29T08:34:00	4	E	25.442	38.004791	-121.841338
34867	21435309	2023-01-29T13:21:00	242	N	2.1	37.98392	-122.041279
34873	21435317	2023-01-29T13:23:00	4	E	10.42	37.993192	-122.104465
34940	21435435	2023-01-29T14:46:00	680	S	55.875	38.024062	-122.109049
34975	21435491	2023-01-29T15:21:00	4	W	24.061	38.011402	-121.864671
34983	21435503	2023-01-29T15:23:00	580	W	64.8	37.908665	-122.320973
34998	21435529	2023-01-29T15:44:00	580	E	74.2	37.942595	-122.47827
35023	21435562	2023-01-29T16:06:00	80	E	29.1	38.082991	-122.233205
35035	21435581	2023-01-29T16:18:00	4	W	20.036	38.019101	-121.937152
35128	21435732	2023-01-29T17:53:00	4	E	8.677	37.989925	-122.133315
35162	21435782	2023-01-29T18:16:00	242	N	2.0	37.982719	-122.041525
35164	21435784	2023-01-29T18:12:00	580	E	63.4	37.8916	-122.308817
35206	21435868	2023-01-29T19:20:00	580	W	74.1	37.942605	-122.477717
35219	21435896	2023-01-29T19:43:00	680	N	45.856	37.898794	-122.070698
35242	21435936	2023-01-29T20:10:00	4	E	18.812	38.021811	-121.960767
35245	21435941	2023-01-29T20:15:00	80	W	12.1	37.881911	-122.308246
35299	21436036	2023-01-29T21:43:00	80	E	14.8	37.917301	-122.317317
35312	21436060	2023-01-29T22:22:00	80	E	11.7	37.874502	-122.306023
35317	21436066	2023-01-29T22:30:00	80	E	11.7	37.874502	-122.306023
35320	21436072	2023-01-29T22:35:00	4	E	32.346	37.964821	-121.740553
35392	21436180	2023-01-30T00:21:00	4	W	19.521	38.019089	-121.946589
35483	21436303	2023-01-30T03:07:00	242	S	0.2	37.956956	-122.053305
35598	21436449	2023-01-30T06:16:00	4	W	18.744	38.022038	-121.960192
35599	21436450	2023-01-30T06:12:00	4	W	18.744	38.022038	-121.960192
35644	21436510	2023-01-30T06:49:00	4	W	24.061	38.011402	-121.864671
35666	21436545	2023-01-30T07:08:00	4	W	19.828	38.019102	-121.940875
35749	21436669	2023-01-30T08:11:00	580	W	63.9	37.89741	-122.311741
35750	21436670	2023-01-30T08:09:00	580	W	63.9	37.89741	-122.311741
35782	21436708	2023-01-30T08:29:00	680	N	41.658	37.850611	-122.028596
35783	21436709	2023-01-30T08:28:00	680	N	41.658	37.850611	-122.028596
35803	21436741	2023-01-30T08:39:00	4	W	16.962	38.017386	-121.990427
35808	21436751	2023-01-30T08:45:00	24	E	5.1	37.865846	-122.207047
35813	21436760	2023-01-30T08:52:00	680	N	41.658	37.850611	-122.028596
35865	21436836	2023-01-30T09:36:00	24	W	5.3	37.867104	-122.203551
35878	21436857	2023-01-30T09:49:00	4	E	16.999	38.016763	-121.990745
35974	21437003	2023-01-30T11:42:00	24	E	4.8	37.861022	-122.209626
36025	21437072	2023-01-30T12:16:00	580	E	72.3	37.935043	-122.444523
36051	21437109	2023-01-30T12:35:00	4	E	15.58	38.010574	-122.015485
36052	21437110	2023-01-30T12:34:00	4	E	14.23	38.004458	-122.038839
36757	21438216	2023-01-31T05:03:00	580	E	65.9	37.919273	-122.331718
36796	21438265	2023-01-31T05:49:00	4	E	32.346	37.964821	-121.740553
36825	21438302	2023-01-31T06:15:00	24	W	8.1	37.892846	-122.166865
36826	21438303	2023-01-31T06:14:00	24	W	8.1	37.892846	-122.166865
36834	21438314	2023-01-31T06:19:00	80	E	14.1	37.907164	-122.314949
37066	21438649	2023-01-31T08:54:00	80	W	18.9	37.970799	-122.320338
37067	21438650	2023-01-31T08:52:00	80	W	18.9	37.970799	-122.320338
37069	21438652	2023-01-31T08:49:00	80	W	12.1	37.881911	-122.308246
37085	21438676	2023-01-31T09:00:00	680	S	43.021	37.866847	-122.039129
37096	21438693	2023-01-31T09:14:00	80	W	18.4	37.964627	-122.325422
37098	21438696	2023-01-31T09:10:00	24	E	4.1	37.854646	-122.21709
37122	21438726	2023-01-31T09:19:00	24	E	2.1	37.845854	-122.247879
37134	21438744	2023-01-31T09:30:00	24	E	2.7	37.849799	-122.238351
37157	21438772	2023-01-31T09:43:00	4	W	13.715	38.002816	-122.046293
37212	21438846	2023-01-31T10:25:00	680	N	48.815	37.940053	-122.060052
37234	21438880	2023-01-31T10:44:00	680	S	35.487	37.775434	-121.974498
37271	21438929	2023-01-31T11:09:00	4	W	9.626	37.996431	-122.116998
37374	21439066	2023-01-31T12:41:00	80	E	25.8	38.042706	-122.24148
37425	21439147	2023-01-31T13:39:00	4	E	10.822	37.990649	-122.097279
37452	21439193	2023-01-31T14:01:00	24	W	5.1	37.86612	-122.206946
37985	21439956	2023-01-31T20:48:00	242	N	1.9	37.98069	-122.042276
37997	21439974	2023-01-31T21:14:00	4	E	0.305	38.014349	-122.26689
38015	21440002	2023-01-31T21:47:00	24	W	5.3	37.867104	-122.203551
38061	21440073	2023-01-31T23:38:00	4	E	19.751	38.018741	-121.942884
38064	21440076	2023-01-31T23:41:00	4	E	18.812	38.021811	-121.960767
38140	21440199	2023-02-01T04:16:00	4	W	9.626	37.996431	-122.116998
38141	21440200	2023-02-01T04:15:00	4	E	10.822	37.990649	-122.097279
38252	21440387	2023-02-01T07:05:00	80	W	18.9	37.970799	-122.320338
38272	21440418	2023-02-01T07:26:00	680	S	51.885	37.980061	-122.065556
38309	21440470	2023-02-01T07:51:00	4	W	27.661	37.998404	-121.801574
38454	21440673	2023-02-01T09:42:00	80	E	19.0	37.971598	-122.319869
38462	21440684	2023-02-01T09:46:00	80	W	15.6	37.927978	-122.32287
38485	21440715	2023-02-01T10:00:00	680	N	45.856	37.898794	-122.070698
38524	21440774	2023-02-01T10:37:00	4	W	22.348	38.018567	-121.895066
38797	21441158	2023-02-01T14:29:00	4	W	28.794	37.995591	-121.780403
38807	21441170	2023-02-01T14:37:00	680	S	46.913	37.913136	-122.067073
38820	21441185	2023-02-01T14:42:00	680	N	56.004	38.025492	-122.111604
38867	21441242	2023-02-01T15:08:00	24	E	9.0	37.891181	-122.150167
38868	21441243	2023-02-01T15:07:00	24	E	8.5	37.892591	-122.159524
39031	21441466	2023-02-01T16:53:00	4	E	8.677	37.989925	-122.133315
39032	21441467	2023-02-01T16:52:00	4	E	8.677	37.989925	-122.133315
39205	21441720	2023-02-01T18:51:00	4	W	23.665	38.012996	-121.871769
39413	21442092	2023-02-02T04:06:00	4	W	18.744	38.022038	-121.960192
39508	21442257	2023-02-02T07:04:00	4	W	18.744	38.022038	-121.960192
39510	21442259	2023-02-02T07:01:00	4	W	18.744	38.022038	-121.960192
39650	21442471	2023-02-02T08:48:00	80	W	12.1	37.881911	-122.308246
39702	21442546	2023-02-02T09:35:00	4	W	10.836	37.990762	-122.096283
39726	21442582	2023-02-02T09:56:00	580	E	70.1	37.932083	-122.40375
39735	21442594	2023-02-02T10:05:00	580	W	69.1	37.929643	-122.387723
39752	21442621	2023-02-02T10:19:00	80	W	28.8	38.078904	-122.233045
39753	21442622	2023-02-02T10:18:00	4	W	15.413	38.010708	-122.017546
39774	21442657	2023-02-02T10:41:00	80	W	21.3	37.994255	-122.296122
39806	21442705	2023-02-02T11:09:00	4	E	32.916	37.957212	-121.744885
39816	21442723	2023-02-02T11:23:00	80	W	28.0	38.06895	-122.227346
39818	21442725	2023-02-02T11:20:00	80	W	16.4	37.938211	-122.325867
39823	21442732	2023-02-02T11:24:00	680	N	48.815	37.940053	-122.060052
39851	21442769	2023-02-02T11:57:00	4	W	5.636	38.013022	-122.17456
39852	21442770	2023-02-02T11:56:00	680	S	54.598	38.013232	-122.09078
39858	21442779	2023-02-02T12:02:00	680	S	52.452	37.988532	-122.067273
39872	21442801	2023-02-02T12:13:00	4	W	28.794	37.995591	-121.780403
40051	21443065	2023-02-02T14:49:00	24	E	2.9	37.848602	-122.235179
40059	21443076	2023-02-02T14:58:00	80	W	21.3	37.994255	-122.296122
40062	21443079	2023-02-02T14:52:00	80	W	21.3	37.994255	-122.296122
40093	21443121	2023-02-02T15:17:00	4	E	14.177	38.000947	-122.037852
40094	21443122	2023-02-02T15:15:00	680	N	53.878	38.005573	-122.082507
40256	21443349	2023-02-02T17:08:00	580	E	72.3	37.935043	-122.444523
40289	21443402	2023-02-02T17:39:00	680	S	43.021	37.866847	-122.039129
40292	21443405	2023-02-02T17:36:00	680	S	43.021	37.866847	-122.039129
40293	21443406	2023-02-02T17:34:00	680	S	43.021	37.866847	-122.039129
40314	21443437	2023-02-02T17:50:00	4	E	2.405	38.01046	-122.230175
40614	21443901	2023-02-03T01:04:00	4	W	12.505	37.995823	-122.066438
40695	21444024	2023-02-03T05:25:00	680	N	51.842	37.980369	-122.065426
40701	21444031	2023-02-03T05:30:00	24	W	1.7	37.843503	-122.254967
40702	21444032	2023-02-03T05:29:00	24	W	1.7	37.843503	-122.254967
40714	21444054	2023-02-03T05:43:00	80	E	12.1	37.881746	-122.307966
40724	21444069	2023-02-03T06:00:00	4	W	18.744	38.022038	-121.960192
40725	21444071	2023-02-03T05:56:00	4	W	18.744	38.022038	-121.960192
40730	21444079	2023-02-03T06:05:00	242	N	1.9	37.98069	-122.042276
40735	21444088	2023-02-03T06:07:00	4	E	33.593	37.947685	-121.743882
40782	21444169	2023-02-03T07:04:00	4	W	18.744	38.022038	-121.960192
40784	21444171	2023-02-03T07:02:00	4	W	18.744	38.022038	-121.960192
40791	21444181	2023-02-03T07:07:00	4	W	29.694	37.991686	-121.765042
40793	21444185	2023-02-03T07:10:00	680	N	57.433	38.042911	-122.121842
40831	21444242	2023-02-03T07:41:00	160	N	0.7	38.015558	-121.751468
40843	21444260	2023-02-03T07:53:00	4	W	18.391	38.023255	-121.966585
40896	21444343	2023-02-03T08:38:00	680	S	49.236	37.945369	-122.058286
40897	21444344	2023-02-03T08:36:00	680	S	49.236	37.945369	-122.058286
40904	21444352	2023-02-03T08:42:00	80	W	12.4	37.886658	-122.309253
40906	21444354	2023-02-03T08:40:00	80	W	12.4	37.886658	-122.309253
40913	21444364	2023-02-03T08:44:00	80	W	17.9	37.959772	-122.330645
40919	21444371	2023-02-03T08:50:00	80	W	12.1	37.881911	-122.308246
40954	21444422	2023-02-03T09:19:00	160	N	0.7	38.015558	-121.751468
40955	21444423	2023-02-03T09:18:00	4	W	10.836	37.990762	-122.096283
40961	21444429	2023-02-03T09:27:00	24	E	14.0	37.903398	-122.069808
40989	21444468	2023-02-03T09:45:00	680	S	39.37	37.827811	-121.998238
41021	21444514	2023-02-03T10:05:00	242	S	2.9	37.994816	-122.039153
41023	21444519	2023-02-03T10:12:00	4	E	28.348	37.996773	-121.789698
41077	21444595	2023-02-03T11:04:00	4	W	14.076	38.004375	-122.040256
41186	21444753	2023-02-03T12:38:00	680	S	48.324	37.932715	-122.060323
41213	21444793	2023-02-03T13:01:00	4	E	18.134	38.023689	-121.972104
41239	21444836	2023-02-03T13:23:00	80	W	20.3	37.989215	-122.312635
41240	21444837	2023-02-03T13:20:00	80	W	20.3	37.989215	-122.312635
41284	21444904	2023-02-03T14:00:00	24	W	5.1	37.86612	-122.206946
41683	21445454	2023-02-03T18:26:00	680	N	44.388	37.884064	-122.05333
41684	21445455	2023-02-03T18:25:00	680	N	44.388	37.884064	-122.05333
41739	21445527	2023-02-03T19:04:00	80	E	20.6	37.99184	-122.307909
41755	21445553	2023-02-03T19:15:00	24	E	6.4	37.874851	-122.18658
41822	21445667	2023-02-03T20:42:00	680	S	58.194	38.050803	-122.135466
41842	21445704	2023-02-03T21:13:00	4	E	30.247	37.99523	-121.755948
41889	21445781	2023-02-03T22:32:00	80	E	27.1	38.055517	-122.224689
41902	21445805	2023-02-03T22:50:00	24	E	6.4	37.874851	-122.18658
41971	21445929	2023-02-04T01:36:00	24	W	7.1	37.88436	-122.179679
41978	21445940	2023-02-04T01:47:00	24	W	5.1	37.86612	-122.206946
42073	21446136	2023-02-04T07:08:00	680	N	52.53	37.990271	-122.06743
42085	21446161	2023-02-04T07:26:00	680	N	52.53	37.990271	-122.06743
42101	21446180	2023-02-04T07:39:00	680	N	28.436	37.685932	-121.916638
42119	21446214	2023-02-04T08:04:00	4	E	18.134	38.023689	-121.972104
42147	21446257	2023-02-04T08:45:00	80	W	15.6	37.927978	-122.32287
42177	21446300	2023-02-04T09:25:00	24	E	10.4	37.892862	-122.125001
42188	21446317	2023-02-04T09:43:00	4	E	18.134	38.023689	-121.972104
42189	21446318	2023-02-04T09:40:00	680	N	35.319	37.773638	-121.973283
42584	21446963	2023-02-04T16:03:00	80	E	10.9	37.863935	-122.302816
42585	21446964	2023-02-04T16:02:00	80	E	10.9	37.863935	-122.302816
42592	21446973	2023-02-04T16:09:00	24	W	2.7	37.850042	-122.238377
42674	21447093	2023-02-04T16:59:00	24	E	6.6	37.87735	-122.184078
42745	21447223	2023-02-04T18:17:00	680	N	50.46	37.962458	-122.053879
42762	21447251	2023-02-04T18:31:00	24	E	8.5	37.892591	-122.159524
42866	21447435	2023-02-04T20:11:00	24	E	10.4	37.892862	-122.125001
42872	21447443	2023-02-04T20:21:00	242	N	2.1	37.98392	-122.041279
42883	21447461	2023-02-04T20:30:00	680	N	39.258	37.827317	-121.997036
42894	21447480	2023-02-04T20:48:00	680	N	37.79	37.806862	-121.990775
42895	21447481	2023-02-04T20:46:00	24	E	8.1	37.892634	-122.165653
42900	21447492	2023-02-04T20:52:00	24	E	8.5	37.892591	-122.159524
42907	21447506	2023-02-04T20:55:00	680	N	39.258	37.827317	-121.997036
42916	21447516	2023-02-04T20:59:00	4	W	10.836	37.990762	-122.096283
42935	21447549	2023-02-04T21:26:00	80	E	16.5	37.94046	-122.324391
42949	21447576	2023-02-04T21:51:00	4	E	26.414	38.000165	-121.824832
42959	21447593	2023-02-04T21:58:00	680	S	50.756	37.965836	-122.056037
42963	21447599	2023-02-04T22:05:00	24	W	8.5	37.892873	-122.158869
43036	21447750	2023-02-05T00:25:00	24	E	7.5	37.888907	-122.175662
43043	21447763	2023-02-05T00:43:00	24	E	6.4	37.874851	-122.18658
43075	21447824	2023-02-05T01:58:00	80	E	10.9	37.863935	-122.302816
43088	21447843	2023-02-05T02:15:00	24	E	7.5	37.888907	-122.175662
43147	21447944	2023-02-05T04:43:00	4	W	13.715	38.002816	-122.046293
43235	21448083	2023-02-05T07:26:00	80	W	12.1	37.881911	-122.308246
43280	21448150	2023-02-05T08:16:00	80	E	13.3	37.898081	-122.309198
43282	21448157	2023-02-05T08:19:00	4	W	28.794	37.995591	-121.780403
43286	21448163	2023-02-05T08:26:00	80	W	17.9	37.959772	-122.330645
43296	21448176	2023-02-05T08:36:00	680	N	45.038	37.89113	-122.060912
43301	21448183	2023-02-05T08:40:00	80	E	21.5	37.99478	-122.291239
43305	21448190	2023-02-05T08:41:00	4	W	4.968	38.016331	-122.186186
43358	21448276	2023-02-05T09:36:00	680	N	45.856	37.898794	-122.070698
43365	21448292	2023-02-05T09:49:00	4	W	9.11	37.992411	-122.125089
43375	21448307	2023-02-05T10:01:00	80	W	19.3	37.975686	-122.318684
43382	21448317	2023-02-05T10:03:00	680	N	33.953	37.756191	-121.962774
43399	21448340	2023-02-05T10:20:00	24	W	5.7	37.868105	-122.195924
43454	21448423	2023-02-05T11:25:00	80	W	28.8	38.078904	-122.233045
43472	21448449	2023-02-05T11:49:00	80	W	11.3	37.869523	-122.304749
43475	21448456	2023-02-05T11:48:00	242	N	2.8	37.993791	-122.039167
43480	21448463	2023-02-05T11:56:00	24	E	5.4	37.867235	-122.201026
43511	21448509	2023-02-05T12:26:00	24	W	5.7	37.868105	-122.195924
43512	21448510	2023-02-05T12:25:00	24	W	4.5	37.858736	-122.212489
43526	21448530	2023-02-05T12:35:00	24	W	5.7	37.868105	-122.195924
43533	21448540	2023-02-05T12:41:00	24	E	8.5	37.892591	-122.159524
43624	21448697	2023-02-05T14:13:00	24	W	3.2	37.849086	-122.229974
43625	21448698	2023-02-05T14:10:00	680	N	51.842	37.980369	-122.065426
43630	21448705	2023-02-05T14:20:00	24	W	5.7	37.868105	-122.195924
43672	21448771	2023-02-05T15:00:00	80	W	26.3	38.046954	-122.235761
43686	21448788	2023-02-05T15:14:00	680	S	37.987	37.80853	-121.991808
43694	21448800	2023-02-05T15:18:00	680	S	35.487	37.775434	-121.974498
43709	21448822	2023-02-05T15:29:00	24	W	5.1	37.86612	-122.206946
43722	21448839	2023-02-05T15:37:00	580	W	69.1	37.929643	-122.387723
43741	21448861	2023-02-05T15:50:00	242	S	2.0	37.983275	-122.041624
43742	21448862	2023-02-05T15:46:00	80	E	16.5	37.939611	-122.324825
43822	21448986	2023-02-05T16:55:00	24	W	5.7	37.868105	-122.195924
44018	21449292	2023-02-05T20:13:00	24	E	2.1	37.845854	-122.247879
44042	21449337	2023-02-05T20:46:00	4	E	30.995	37.982313	-121.746896
44080	21449412	2023-02-05T22:10:00	4	E	33.593	37.947685	-121.743882
44134	21449506	2023-02-06T00:13:00	4	W	25.717	38.003464	-121.835484
44233	21449646	2023-02-06T05:37:00	4	W	25.717	38.003464	-121.835484
44243	21449661	2023-02-06T05:54:00	4	W	26.728	37.998674	-121.817967
44244	21449662	2023-02-06T05:50:00	4	W	26.728	37.998674	-121.817967
44280	21449717	2023-02-06T06:23:00	24	W	5.3	37.867104	-122.203551
44349	21449846	2023-02-06T07:44:00	580	W	69.1	37.929643	-122.387723
44384	21449893	2023-02-06T08:03:00	4	E	10.42	37.993192	-122.104465
44385	21449894	2023-02-06T08:01:00	4	E	11.91	37.991775	-122.077885
44414	21449942	2023-02-06T08:19:00	4	W	16.263	38.013095	-122.001843
45192	21451024	2023-02-06T17:57:00	80	E	15.6	37.928499	-122.32283
45226	21451081	2023-02-06T18:24:00	580	W	70.3	37.932778	-122.408847
45251	21451122	2023-02-06T18:45:00	4	E	14.23	38.004458	-122.038839
45271	21451147	2023-02-06T18:58:00	24	E	6.4	37.874851	-122.18658
45453	21451479	2023-02-07T02:23:00	4	E	23.664	38.012821	-121.872431
45666	21451799	2023-02-07T07:58:00	680	N	41.473	37.847983	-122.027629
45667	21451800	2023-02-07T07:57:00	680	N	41.473	37.847983	-122.027629
45717	21451861	2023-02-07T08:28:00	680	N	39.258	37.827317	-121.997036
45718	21451862	2023-02-07T08:27:00	680	S	47.694	37.923282	-122.061272
45719	21451863	2023-02-07T08:26:00	680	S	47.694	37.923282	-122.061272
45721	21451865	2023-02-07T08:23:00	680	N	39.258	37.827317	-121.997036
45726	21451878	2023-02-07T08:31:00	680	N	40.268	37.836433	-122.011453
45758	21451917	2023-02-07T08:52:00	4	W	23.37	38.013977	-121.876289
45759	21451918	2023-02-07T08:51:00	4	W	23.37	38.013977	-121.876289
45991	21452243	2023-02-07T12:27:00	580	W	73.1	37.938293	-122.46016
46002	21452257	2023-02-07T12:33:00	580	W	70.0	37.932486	-122.403542
46021	21452280	2023-02-07T12:53:00	80	E	24.0	38.022089	-122.262691
46025	21452284	2023-02-07T12:46:00	580	W	64.8	37.908665	-122.320973
46041	21452307	2023-02-07T13:06:00	242	S	2.0	37.983275	-122.041624
46114	21452422	2023-02-07T14:24:00	680	N	48.815	37.940053	-122.060052
46128	21452442	2023-02-07T14:38:00	80	E	15.7	37.930097	-122.324016
46130	21452445	2023-02-07T14:35:00	80	E	15.7	37.930097	-122.324016
46155	21452478	2023-02-07T14:56:00	680	N	46.316	37.905243	-122.069406
46178	21452511	2023-02-07T15:10:00	4	E	19.751	38.018741	-121.942884
46463	21452889	2023-02-07T18:12:00	680	N	40.268	37.836433	-122.011453
46493	21452932	2023-02-07T18:31:00	80	W	15.9	37.93162	-122.325372
46511	21452965	2023-02-07T18:47:00	242	S	2.7	37.992591	-122.039625
46532	21453000	2023-02-07T19:13:00	4	E	29.428	37.993372	-121.770475
46732	21453315	2023-02-08T03:19:00	24	E	7.5	37.888907	-122.175662
46755	21453361	2023-02-08T05:22:00	4	W	13.968	38.003865	-122.042102
46758	21453366	2023-02-08T05:28:00	4	W	15.413	38.010708	-122.017546
46773	21453390	2023-02-08T05:49:00	4	W	14.148	38.000947	-122.037852
46774	21453391	2023-02-08T05:46:00	4	W	14.148	38.000947	-122.037852
46775	21453392	2023-02-08T05:42:00	80	W	12.2	37.883528	-122.308627
46900	21453590	2023-02-08T07:32:00	680	S	47.972	37.927223	-122.06066
46901	21453591	2023-02-08T07:31:00	680	S	47.972	37.927223	-122.06066
46913	21453612	2023-02-08T07:40:00	4	W	23.37	38.013977	-121.876289
46915	21453614	2023-02-08T07:38:00	4	W	23.37	38.013977	-121.876289
46952	21453671	2023-02-08T08:06:00	680	N	49.189	37.945354	-122.058003
47017	21453755	2023-02-08T08:46:00	680	S	46.565	37.908558	-122.068713
47018	21453756	2023-02-08T08:45:00	80	W	21.3	37.994255	-122.296122
47027	21453768	2023-02-08T08:57:00	4	E	18.134	38.023689	-121.972104
47053	21453807	2023-02-08T09:15:00	242	S	2.0	37.983275	-122.041624
47435	21454360	2023-02-08T16:26:00	242	N	3.2	38.000481	-122.037725
47436	21454361	2023-02-08T16:25:00	580	E	65.5	37.915427	-122.326949
47441	21454368	2023-02-08T16:29:00	680	N	45.789	37.897483	-122.081196
47565	21454551	2023-02-08T18:40:00	80	E	22.1	38.00026	-122.282937
47610	21454639	2023-02-08T19:29:00	4	E	16.282	38.012596	-122.002277
47832	21455000	2023-02-09T03:30:00	4	E	28.348	37.996773	-121.789698
47839	21455009	2023-02-09T03:46:00	4	W	13.968	38.003865	-122.042102
47876	21455069	2023-02-09T05:40:00	680	S	57.439	38.041468	-122.123672
47891	21455101	2023-02-09T06:07:00	4	W	14.179	38.004968	-122.038364
47896	21455109	2023-02-09T06:13:00	4	W	18.122	38.023975	-121.971031
48180	21455532	2023-02-09T09:33:00	580	W	70.0	37.932486	-122.403542
48211	21455580	2023-02-09T10:04:00	80	E	19.0	37.971598	-122.319869
48212	21455581	2023-02-09T10:03:00	80	E	19.0	37.971598	-122.319869
48223	21455595	2023-02-09T10:14:00	160	N	0.2	38.008751	-121.752748
48230	21455606	2023-02-09T10:23:00	4	E	0.496	38.013516	-122.263872
48294	21455687	2023-02-09T11:15:00	24	W	12.4	37.898073	-122.09004
48307	21455710	2023-02-09T11:32:00	4	W	2.777	38.009209	-122.223901
48310	21455716	2023-02-09T11:36:00	580	E	72.3	37.935051	-122.444617
48318	21455731	2023-02-09T11:44:00	4	W	25.717	38.003464	-121.835484
48583	21456117	2023-02-09T15:08:00	80	E	29.4	38.08791	-122.231755
48586	21456120	2023-02-09T15:05:00	80	E	29.4	38.08791	-122.231755
48587	21456121	2023-02-09T15:04:00	4	E	4.414	38.012909	-122.195991
48593	21456129	2023-02-09T15:13:00	80	E	29.1	38.082991	-122.233205
48613	21456165	2023-02-09T15:28:00	24	E	6.4	37.874851	-122.18658
48689	21456268	2023-02-09T16:14:00	24	E	6.4	37.874851	-122.18658
48776	21456377	2023-02-09T17:02:00	80	E	16.5	37.94046	-122.324391
48777	21456378	2023-02-09T16:58:00	4	E	27.171	37.998126	-121.811133
48808	21456426	2023-02-09T17:22:00	4	W	28.794	37.995591	-121.780403
48822	21456443	2023-02-09T17:23:00	24	W	4.5	37.859017	-122.212786
48843	21456474	2023-02-09T17:39:00	580	W	70.0	37.932486	-122.403542
48860	21456494	2023-02-09T17:51:00	580	W	74.1	37.942605	-122.477717
48868	21456505	2023-02-09T17:57:00	24	W	4.5	37.858736	-122.212489
48869	21456506	2023-02-09T17:55:00	24	W	4.5	37.858736	-122.212489
48872	21456511	2023-02-09T18:03:00	24	E	4.1	37.854646	-122.21709
48888	21456535	2023-02-09T18:12:00	680	S	44.891	37.889558	-122.058503
48900	21456551	2023-02-09T18:13:00	242	N	2.1	37.98392	-122.041279
49032	21456746	2023-02-09T20:14:00	80	E	18.4	37.96469	-122.324915
49068	21456803	2023-02-09T20:58:00	80	W	15.9	37.93162	-122.325372
49075	21456815	2023-02-09T21:06:00	4	W	24.061	38.011402	-121.864671
49165	21456950	2023-02-09T23:33:00	160	S	1.4	38.026075	-121.751585
49169	21456958	2023-02-09T23:52:00	680	S	57.439	38.041414	-122.123738
49173	21456964	2023-02-10T00:02:00	680	S	53.005	37.993496	-122.073288
49179	21456978	2023-02-10T00:11:00	242	N	2.1	37.98392	-122.041279
49261	21457117	2023-02-10T04:41:00	680	S	48.324	37.932715	-122.060323
49266	21457123	2023-02-10T04:50:00	4	E	23.664	38.012821	-121.872431
49350	21457250	2023-02-10T06:47:00	4	E	15.58	38.010574	-122.015485
49381	21457294	2023-02-10T07:09:00	580	E	65.5	37.915427	-122.326949
49391	21457312	2023-02-10T07:22:00	4	W	15.413	38.010708	-122.017546
49623	21457695	2023-02-10T11:01:00	4	E	26.414	38.000165	-121.824832
49721	21457837	2023-02-10T12:08:00	80	W	26.3	38.046954	-122.235761
49758	21457888	2023-02-10T12:31:00	4	E	8.677	37.989925	-122.133315
49805	21457953	2023-02-10T13:10:00	4	W	18.744	38.022038	-121.960192
49888	21458060	2023-02-10T14:01:00	680	S	50.362	37.960855	-122.053254
49889	21458061	2023-02-10T13:59:00	4	W	23.37	38.013977	-121.876289
49895	21458071	2023-02-10T14:04:00	4	W	37.673	37.895744	-121.712465
49910	21458095	2023-02-10T14:17:00	680	N	47.56	37.922044	-122.061426
49920	21458109	2023-02-10T14:20:00	4	W	26.728	37.998674	-121.817967
49934	21458123	2023-02-10T14:27:00	580	E	74.2	37.942468	-122.477577
49973	21458179	2023-02-10T14:48:00	80	W	18.9	37.970799	-122.320338
50019	21458239	2023-02-10T15:10:00	4	E	15.58	38.010574	-122.015485
50024	21458250	2023-02-10T15:18:00	680	S	50.502	37.962947	-122.054342
50025	21458251	2023-02-10T15:14:00	160	N	0.0	37.99523	-121.755948
50039	21458271	2023-02-10T15:28:00	24	W	11.1	37.895372	-122.113724
50076	21458322	2023-02-10T15:44:00	680	N	56.303	38.027878	-122.1155
50092	21458345	2023-02-10T15:58:00	4	E	31.395	37.977499	-121.743501
50093	21458346	2023-02-10T15:56:00	680	N	57.433	38.042939	-122.121808
50094	21458348	2023-02-10T15:54:00	24	W	5.4	37.868261	-122.200872
50126	21458387	2023-02-10T16:11:00	4	E	11.91	37.991775	-122.077885
50133	21458401	2023-02-10T16:17:00	4	W	27.661	37.998404	-121.801574
50134	21458402	2023-02-10T16:16:00	4	W	25.717	38.003464	-121.835484
50182	21458472	2023-02-10T16:42:00	24	E	4.5	37.858422	-122.211892
50219	21458514	2023-02-10T17:03:00	24	W	14.0	37.908558	-122.068713
50263	21458569	2023-02-10T17:27:00	4	E	25.929	38.002351	-121.832686
50594	21459093	2023-02-10T23:06:00	4	E	26.414	38.000165	-121.824832
50733	21459343	2023-02-11T04:27:00	580	E	64.3	37.901366	-122.315167
50749	21459369	2023-02-11T05:04:00	4	E	31.395	37.977499	-121.743501
50797	21459454	2023-02-11T06:44:00	680	N	45.856	37.898794	-122.070698
50823	21459483	2023-02-11T07:11:00	24	E	4.9	37.862496	-122.209079
50845	21459529	2023-02-11T08:15:00	24	E	12.8	37.897394	-122.081878
50856	21459548	2023-02-11T08:25:00	4	E	27.171	37.998126	-121.811133
50935	21459686	2023-02-11T10:12:00	80	E	12.3	37.884747	-122.308659
50942	21459695	2023-02-11T10:15:00	24	W	11.8	37.897448	-122.100763
50960	21459718	2023-02-11T10:29:00	80	W	18.9	37.970799	-122.320338
50967	21459725	2023-02-11T10:38:00	80	E	19.0	37.971598	-122.319869
50968	21459726	2023-02-11T10:35:00	24	E	5.1	37.865846	-122.207047
50977	21459736	2023-02-11T10:36:00	4	W	0.743	38.013479	-122.259298
51038	21459815	2023-02-11T11:15:00	80	E	17.9	37.96006	-122.330376
51055	21459836	2023-02-11T11:30:00	4	W	25.717	38.003464	-121.835484
51092	21459885	2023-02-11T11:53:00	4	W	23.37	38.013977	-121.876289
51281	21460155	2023-02-11T14:39:00	680	S	28.6	37.687307	-121.91744
51299	21460178	2023-02-11T14:48:00	680	N	29.207	37.69603	-121.920605
51330	21460224	2023-02-11T15:13:00	242	S	3.3	38.000947	-122.037852
51350	21460248	2023-02-11T15:38:00	4	W	31.46	37.976136	-121.741915
51630	21460712	2023-02-11T20:16:00	4	E	23.108	38.015064	-121.882403
51890	21461161	2023-02-12T06:24:00	242	S	0.8	37.966634	-122.048958
51926	21461219	2023-02-12T07:49:00	4	E	26.414	38.000165	-121.824832
51944	21461247	2023-02-12T08:23:00	80	E	29.2	38.085088	-122.232855
51952	21461258	2023-02-12T08:37:00	4	W	18.744	38.022038	-121.960192
52014	21461369	2023-02-12T10:33:00	580	W	64.8	37.908665	-122.320973
52055	21461423	2023-02-12T11:12:00	4	W	22.348	38.018567	-121.895066
52091	21461474	2023-02-12T11:51:00	4	E	22.429	38.017951	-121.894061
52249	21461706	2023-02-12T14:29:00	680	S	47.694	37.923282	-122.061272
52270	21461733	2023-02-12T14:41:00	24	E	3.7	37.851469	-122.222575
52292	21461784	2023-02-12T15:16:00	4	E	22.429	38.017951	-121.894061
52388	21461929	2023-02-12T16:57:00	4	E	27.715	37.998106	-121.801068
52913	21462771	2023-02-13T07:55:00	24	E	4.4	37.857481	-122.212938
52939	21462808	2023-02-13T08:18:00	4	W	14.179	38.004968	-122.038364
53053	21462987	2023-02-13T10:04:00	4	E	32.916	37.957212	-121.744885
53244	21463257	2023-02-13T12:46:00	24	W	2.7	37.850042	-122.238377
53272	21463301	2023-02-13T13:15:00	4	W	25.717	38.003464	-121.835484
53293	21463334	2023-02-13T13:40:00	80	W	15.6	37.927978	-122.32287
53307	21463352	2023-02-13T13:53:00	4	W	9.11	37.992411	-122.125089
53502	21463629	2023-02-13T16:14:00	24	E	7.5	37.888907	-122.175662
53511	21463638	2023-02-13T16:15:00	580	W	72.2	37.935097	-122.444517
53699	21463930	2023-02-13T18:49:00	80	E	21.5	37.99478	-122.291239
53700	21463931	2023-02-13T18:48:00	80	E	21.5	37.99478	-122.291239
53701	21463932	2023-02-13T18:46:00	80	E	20.2	37.987956	-122.313409
53707	21463942	2023-02-13T18:53:00	80	E	20.2	37.987956	-122.313409
53747	21464011	2023-02-13T19:42:00	4	E	24.198	38.01073	-121.863155
53848	21464168	2023-02-13T22:12:00	4	W	28.31	37.997154	-121.790106
53891	21464239	2023-02-14T00:12:00	4	E	26.414	38.000165	-121.824832
53931	21464324	2023-02-14T04:15:00	4	E	26.414	38.000165	-121.824832
53984	21464403	2023-02-14T05:53:00	24	W	8.9	37.891793	-122.151758
54395	21465008	2023-02-14T12:01:00	4	W	14.179	38.004968	-122.038364
54421	21465048	2023-02-14T12:22:00	680	N	55.442	38.021623	-122.102612
54471	21465123	2023-02-14T13:03:00	4	W	28.794	37.995591	-121.780403
54678	21465441	2023-02-14T15:43:00	680	N	56.878	38.035719	-122.116976
54706	21465479	2023-02-14T16:03:00	80	E	29.7	38.091861	-122.230205
54707	21465480	2023-02-14T16:02:00	80	E	29.7	38.091861	-122.230205
54729	21465509	2023-02-14T16:10:00	4	E	22.429	38.017951	-121.894061
54730	21465510	2023-02-14T16:08:00	4	E	22.429	38.017951	-121.894061
54836	21465670	2023-02-14T17:14:00	4	E	30.995	37.982313	-121.746896
54861	21465704	2023-02-14T17:30:00	680	S	51.349	37.97324	-122.062065
54897	21465754	2023-02-14T17:52:00	580	E	70.1	37.932083	-122.40375
54922	21465787	2023-02-14T18:04:00	680	N	41.473	37.847983	-122.027629
54966	21465854	2023-02-14T18:28:00	24	W	5.7	37.868105	-122.195924
55023	21465939	2023-02-14T19:26:00	80	E	20.2	37.987956	-122.313409
55033	21465955	2023-02-14T19:36:00	680	S	45.272	37.892761	-122.064902
55051	21465989	2023-02-14T19:55:00	80	W	15.6	37.927978	-122.32287
55059	21466008	2023-02-14T20:09:00	24	E	7.5	37.888907	-122.175662
55321	21466463	2023-02-15T05:55:00	80	W	14.1	37.907481	-122.315399
55357	21466528	2023-02-15T06:36:00	680	N	35.319	37.773638	-121.973283
55368	21466542	2023-02-15T06:46:00	4	W	18.744	38.022038	-121.960192
55440	21466649	2023-02-15T07:38:00	80	E	23.1	38.011875	-122.272168
55441	21466650	2023-02-15T07:36:00	80	E	23.1	38.011875	-122.272168
55469	21466685	2023-02-15T07:51:00	4	E	9.058	37.991473	-122.12634
55618	21466896	2023-02-15T09:37:00	580	E	70.1	37.932083	-122.40375
55668	21466962	2023-02-15T10:08:00	24	E	11.7	37.8969	-122.101841
55672	21466968	2023-02-15T10:17:00	4	W	37.673	37.895744	-121.712465
55673	21466969	2023-02-15T10:16:00	4	W	2.777	38.009209	-122.223901
55681	21466977	2023-02-15T10:19:00	580	W	72.2	37.935097	-122.444517
55685	21466983	2023-02-15T10:28:00	24	E	8.5	37.892591	-122.159524
55701	21467006	2023-02-15T10:36:00	580	W	70.0	37.932486	-122.403542
55747	21467078	2023-02-15T11:17:00	680	S	34.081	37.75706	-121.963575
55754	21467085	2023-02-15T11:26:00	4	E	22.429	38.017951	-121.894061
55813	21467169	2023-02-15T12:22:00	242	S	2.2	37.985937	-122.041056
55822	21467184	2023-02-15T12:31:00	680	N	35.863	37.78143	-121.977213
55847	21467214	2023-02-15T12:54:00	24	E	8.1	37.892634	-122.165653
56124	21467618	2023-02-15T16:17:00	80	E	26.0	38.044219	-122.239318
56128	21467624	2023-02-15T16:24:00	680	N	45.038	37.89113	-122.060912
56129	21467625	2023-02-15T16:21:00	680	N	45.038	37.89113	-122.060912
56173	21467689	2023-02-15T16:44:00	4	E	14.386	38.005852	-122.036021
56247	21467807	2023-02-15T17:48:00	242	N	2.6	37.991325	-122.039692
56248	21467808	2023-02-15T17:46:00	680	N	45.789	37.897483	-122.081196
56343	21467939	2023-02-15T18:50:00	580	E	69.0	37.928635	-122.385096
56350	21467948	2023-02-15T18:55:00	580	E	72.3	37.935043	-122.444523
56383	21468007	2023-02-15T19:35:00	4	W	28.31	37.997154	-121.790106
56390	21468015	2023-02-15T19:43:00	4	E	15.58	38.010574	-122.015485
56401	21468045	2023-02-15T20:11:00	4	W	30.427	37.988982	-121.752267
56404	21468051	2023-02-15T20:15:00	80	W	12.1	37.881911	-122.308246
56410	21468063	2023-02-15T20:26:00	160	S	0.0	38.001534	-121.754708
56444	21468116	2023-02-15T21:14:00	24	W	8.1	37.892846	-122.166865
56463	21468146	2023-02-15T21:45:00	24	E	4.5	37.858422	-122.211892
56503	21468198	2023-02-15T22:42:00	24	E	5.4	37.867235	-122.201026
56515	21468215	2023-02-15T23:06:00	80	W	13.8	37.903864	-122.312909
56531	21468246	2023-02-16T00:03:00	24	E	8.5	37.892591	-122.159524
56581	21468343	2023-02-16T04:37:00	580	W	66.2	37.921561	-122.337956
56602	21468379	2023-02-16T05:34:00	242	S	2.0	37.983275	-122.041624
56618	21468396	2023-02-16T05:50:00	242	S	2.0	37.983275	-122.041624
56627	21468416	2023-02-16T06:12:00	24	W	5.7	37.868105	-122.195924
56628	21468417	2023-02-16T06:10:00	24	W	5.7	37.868105	-122.195924
56643	21468452	2023-02-16T06:33:00	4	W	18.744	38.022038	-121.960192
56648	21468462	2023-02-16T06:37:00	4	E	16.282	38.012596	-122.002277
56658	21468479	2023-02-16T06:47:00	24	W	8.9	37.891793	-122.151758
56680	21468525	2023-02-16T07:02:00	680	S	46.565	37.908558	-122.068713
56689	21468541	2023-02-16T07:10:00	4	E	19.485	38.018836	-121.948032
56690	21468543	2023-02-16T07:07:00	4	E	19.485	38.018836	-121.948032
56772	21468644	2023-02-16T08:01:00	680	S	54.598	38.013232	-122.09078
56773	21468645	2023-02-16T08:00:00	680	S	54.598	38.013232	-122.09078
56783	21468657	2023-02-16T08:05:00	242	S	0.2	37.956956	-122.053305
56784	21468658	2023-02-16T08:03:00	242	S	0.2	37.956956	-122.053305
56846	21468764	2023-02-16T08:56:00	80	W	22.2	38.00178	-122.281783
56848	21468766	2023-02-16T08:54:00	80	W	22.2	38.00178	-122.281783
56863	21468789	2023-02-16T09:04:00	80	W	17.4	37.952263	-122.327903
56880	21468811	2023-02-16T09:13:00	80	W	22.2	38.00178	-122.281783
56890	21468825	2023-02-16T09:21:00	680	N	34.298	37.760375	-121.965448
56899	21468836	2023-02-16T09:26:00	580	W	70.0	37.932486	-122.403542
56905	21468846	2023-02-16T09:39:00	680	S	41.829	37.852397	-122.029072
56906	21468847	2023-02-16T09:37:00	680	S	41.829	37.852397	-122.029072
56910	21468854	2023-02-16T09:43:00	24	E	8.1	37.892634	-122.165653
56941	21468891	2023-02-16T09:57:00	4	W	12.059	37.993171	-122.074252
56942	21468892	2023-02-16T09:54:00	4	W	12.059	37.993171	-122.074252
56964	21468921	2023-02-16T10:10:00	4	W	14.179	38.004968	-122.038364
56974	21468938	2023-02-16T10:19:00	24	E	4.1	37.854646	-122.21709
56988	21468956	2023-02-16T10:37:00	4	E	18.134	38.023689	-121.972104
56989	21468957	2023-02-16T10:36:00	4	E	14.725	38.008166	-122.030414
56990	21468958	2023-02-16T10:34:00	680	N	47.855	37.926362	-122.060449
57232	21469315	2023-02-16T14:32:00	4	E	25.442	38.004791	-121.841338
57337	21469464	2023-02-16T15:48:00	680	S	43.021	37.866847	-122.039129
57338	21469465	2023-02-16T15:46:00	4	E	15.58	38.010574	-122.015485
57339	21469466	2023-02-16T15:45:00	4	E	15.58	38.010574	-122.015485
57340	21469467	2023-02-16T15:44:00	680	S	40.301	37.836427	-122.011894
57389	21469535	2023-02-16T16:19:00	24	E	5.4	37.867235	-122.201026
57390	21469536	2023-02-16T16:16:00	24	E	5.4	37.867235	-122.201026
57397	21469547	2023-02-16T16:20:00	680	N	41.473	37.847983	-122.027629
57404	21469556	2023-02-16T16:26:00	80	E	28.1	38.069178	-122.226636
57480	21469669	2023-02-16T17:17:00	4	W	16.263	38.013095	-122.001843
57481	21469670	2023-02-16T17:15:00	4	W	16.263	38.013095	-122.001843
57496	21469690	2023-02-16T17:26:00	4	W	18.744	38.022038	-121.960192
57497	21469691	2023-02-16T17:23:00	4	W	18.744	38.022038	-121.960192
57515	21469718	2023-02-16T17:40:00	80	E	19.0	37.971598	-122.319869
57516	21469719	2023-02-16T17:39:00	80	E	19.0	37.971598	-122.319869
57537	21469750	2023-02-16T17:57:00	24	W	1.6	37.842972	-122.256764
57575	21469808	2023-02-16T18:22:00	4	W	27.088	37.998417	-121.81166
57576	21469809	2023-02-16T18:20:00	4	W	27.088	37.998417	-121.81166
57695	21469997	2023-02-16T20:16:00	24	E	6.7	37.878599	-122.183245
57704	21470006	2023-02-16T20:19:00	580	W	70.0	37.932486	-122.403542
57711	21470016	2023-02-16T20:33:00	4	E	23.664	38.012821	-121.872431
57786	21470137	2023-02-16T22:28:00	4	W	24.061	38.011402	-121.864671
57789	21470142	2023-02-16T22:29:00	680	S	52.452	37.988532	-122.067273
57916	21470343	2023-02-17T05:12:00	4	W	14.179	38.004968	-122.038364
58002	21470470	2023-02-17T06:48:00	580	W	64.8	37.908665	-122.320973
58008	21470480	2023-02-17T06:59:00	4	W	15.413	38.010708	-122.017546
58010	21470482	2023-02-17T06:55:00	80	W	20.3	37.989215	-122.312635
58018	21470494	2023-02-17T07:00:00	4	W	15.413	38.010708	-122.017546
58078	21470581	2023-02-17T07:50:00	680	S	45.796	37.897511	-122.071253
58079	21470582	2023-02-17T07:49:00	680	S	45.796	37.897511	-122.071253
58102	21470614	2023-02-17T08:07:00	680	N	40.268	37.836433	-122.011453
58116	21470634	2023-02-17T08:21:00	80	W	19.3	37.975686	-122.318684
58145	21470672	2023-02-17T08:38:00	4	E	14.725	38.008166	-122.030414
58173	21470715	2023-02-17T09:08:00	80	W	21.3	37.994255	-122.296122
58186	21470733	2023-02-17T09:15:00	80	E	19.6	37.979938	-122.317059
58187	21470734	2023-02-17T09:14:00	24	E	9.0	37.891181	-122.150167
58405	21471037	2023-02-17T12:14:00	680	N	52.856	37.994782	-122.069526
58438	21471081	2023-02-17T12:33:00	160	N	0.0	38.001617	-121.754408
58476	21471134	2023-02-17T13:05:00	4	W	25.717	38.003464	-121.835484
58880	21471673	2023-02-17T17:17:00	24	W	2.7	37.850042	-122.238377
58881	21471674	2023-02-17T17:16:00	4	E	13.969	38.003358	-122.042918
58915	21471718	2023-02-17T17:39:00	242	N	2.0	37.982719	-122.041525
58916	21471719	2023-02-17T17:37:00	242	N	2.0	37.982719	-122.041525
59229	21472220	2023-02-17T23:56:00	4	W	24.061	38.011402	-121.864671
59403	21472512	2023-02-18T06:44:00	4	W	25.717	38.003464	-121.835484
59476	21472623	2023-02-18T08:31:00	4	W	33.01	37.95542	-121.74441
59480	21472628	2023-02-18T08:34:00	80	W	13.1	37.895221	-122.308233
59502	21472659	2023-02-18T09:06:00	680	N	52.53	37.990271	-122.06743
59506	21472663	2023-02-18T09:08:00	4	E	19.751	38.018741	-121.942884
59513	21472676	2023-02-18T09:22:00	4	W	12.337	37.994782	-122.069526
59515	21472678	2023-02-18T09:20:00	4	E	27.715	37.998106	-121.801068
59531	21472700	2023-02-18T09:37:00	4	W	24.061	38.011402	-121.864671
59891	21473268	2023-02-18T15:33:00	80	W	15.6	37.927978	-122.32287
59923	21473327	2023-02-18T15:59:00	680	N	52.775	37.995586	-122.066559
59929	21473334	2023-02-18T16:08:00	4	E	28.348	37.996773	-121.789698
59964	21473378	2023-02-18T16:34:00	24	E	5.4	37.867235	-122.201026
59977	21473401	2023-02-18T16:48:00	680	N	48.378	37.93412	-122.060041
59990	21473416	2023-02-18T16:59:00	4	W	28.794	37.995591	-121.780403
60323	21473987	2023-02-19T01:29:00	680	S	29.242	37.696595	-121.921082
60324	21473988	2023-02-19T01:37:00	4	E	14.23	38.004458	-122.038839
60343	21474018	2023-02-19T02:28:00	4	W	1.147	38.014414	-122.25234
60344	21474019	2023-02-19T02:15:00	4	E	15.58	38.010574	-122.015485
60346	21474022	2023-02-19T02:34:00	4	E	18.812	38.021811	-121.960767
60350	21474029	2023-02-19T02:43:00	4	W	2.777	38.009209	-122.223901
60378	21474071	2023-02-19T04:09:00	4	W	5.636	38.013022	-122.17456
60497	21474257	2023-02-19T08:25:00	680	N	57.433	38.042911	-122.121842
60531	21474318	2023-02-19T09:21:00	4	W	16.962	38.017386	-121.990427
60532	21474319	2023-02-19T09:18:00	4	E	31.52	37.975972	-121.74242
60567	21474373	2023-02-19T10:07:00	80	W	20.3	37.989215	-122.312635
60578	21474385	2023-02-19T10:22:00	680	S	50.995	37.969068	-122.058604
60596	21474414	2023-02-19T10:45:00	4	W	27.661	37.998404	-121.801574
60603	21474426	2023-02-19T10:55:00	4	W	16.263	38.013095	-122.001843
60613	21474455	2023-02-19T11:23:00	24	E	13.3	37.896063	-122.073519
60617	21474461	2023-02-19T11:28:00	80	W	22.2	38.00178	-122.281783
60641	21474495	2023-02-19T11:49:00	4	E	23.108	38.015064	-121.882403
60644	21474502	2023-02-19T11:57:00	4	W	22.348	38.018567	-121.895066
60645	21474504	2023-02-19T11:58:00	4	W	22.348	38.018567	-121.895066
60837	21474802	2023-02-19T15:12:00	24	E	4.5	37.858644	-122.212162
60855	21474827	2023-02-19T15:37:00	4	W	10.375	37.993538	-122.10464
60902	21474905	2023-02-19T16:21:00	4	W	28.794	37.995591	-121.780403
60982	21475027	2023-02-19T17:32:00	80	E	18.4	37.96469	-122.324915
61035	21475103	2023-02-19T18:15:00	4	E	18.134	38.023689	-121.972104
61101	21475232	2023-02-19T19:44:00	4	E	12.562	37.995586	-122.066559
61564	21475991	2023-02-20T11:29:00	24	E	2.1	37.845854	-122.247879
61579	21476015	2023-02-20T11:41:00	680	N	43.721	37.876406	-122.046355
61588	21476025	2023-02-20T11:43:00	680	S	40.301	37.836427	-122.011894
61595	21476036	2023-02-20T11:50:00	4	W	31.46	37.976136	-121.741915
61596	21476037	2023-02-20T11:48:00	680	S	38.395	37.81494	-121.993459
61976	21476601	2023-02-20T17:14:00	580	E	67.2	37.921658	-122.353789
61985	21476618	2023-02-20T17:32:00	580	W	64.8	37.908665	-122.320973
61986	21476619	2023-02-20T17:31:00	580	E	70.4	37.932711	-122.40954
62012	21476660	2023-02-20T17:51:00	24	E	5.4	37.867235	-122.201026
62195	21476966	2023-02-20T22:10:00	4	E	25.442	38.004791	-121.841338
62349	21477214	2023-02-21T06:21:00	680	S	47.694	37.923282	-122.061272
62350	21477215	2023-02-21T06:18:00	680	S	47.694	37.923282	-122.061272
62354	21477222	2023-02-21T06:28:00	4	W	19.521	38.019089	-121.946589
62355	21477223	2023-02-21T06:27:00	4	W	19.521	38.019089	-121.946589
62421	21477342	2023-02-21T07:26:00	680	S	47.694	37.923282	-122.061272
62422	21477343	2023-02-21T07:25:00	680	S	47.694	37.923282	-122.061272
62434	21477356	2023-02-21T07:30:00	80	E	29.1	38.082991	-122.233205
62435	21477357	2023-02-21T07:29:00	242	S	3.3	38.000947	-122.037852
62504	21477450	2023-02-21T08:12:00	680	N	46.866	37.912775	-122.06692
62505	21477451	2023-02-21T08:11:00	680	N	46.866	37.912775	-122.06692
62530	21477484	2023-02-21T08:25:00	24	E	7.5	37.888907	-122.175662
62848	21477926	2023-02-21T12:24:00	80	W	15.9	37.93162	-122.325372
62855	21477941	2023-02-21T12:35:00	580	E	68.2	37.927037	-122.370418
62866	21477956	2023-02-21T12:45:00	580	E	69.0	37.928635	-122.385096
62879	21477974	2023-02-21T12:57:00	4	W	13.31	38.000983	-122.053668
62930	21478046	2023-02-21T13:33:00	4	W	18.744	38.022038	-121.960192
62946	21478074	2023-02-21T13:48:00	4	W	18.391	38.023255	-121.966585
62993	21478145	2023-02-21T14:17:00	24	E	4.9	37.862496	-122.209079
63008	21478164	2023-02-21T14:20:00	4	W	22.348	38.018567	-121.895066
63151	21478382	2023-02-21T12:14:00	4	W	20.423	38.019111	-121.929798
63309	21478639	2023-02-21T12:32:00	680	N	56.193	38.026944	-122.114167
63670	21479360	2023-02-22T01:53:00	24	W	5.4	37.868261	-122.200872
63902	21479790	2023-02-22T08:14:00	80	E	18.4	37.96469	-122.324915
63903	21479791	2023-02-22T08:12:00	80	E	12.1	37.881746	-122.307966
63904	21479792	2023-02-22T08:11:00	80	E	18.4	37.96469	-122.324915
63916	21479818	2023-02-22T08:20:00	24	W	12.4	37.898073	-122.09004
63917	21479819	2023-02-22T08:19:00	24	W	12.4	37.898073	-122.09004
63931	21479848	2023-02-22T08:31:00	4	W	20.036	38.019101	-121.937152
63932	21479850	2023-02-22T08:29:00	4	W	20.036	38.019101	-121.937152
63953	21479879	2023-02-22T08:41:00	680	N	56.303	38.027878	-122.1155
63976	21479911	2023-02-22T08:58:00	680	N	47.855	37.926362	-122.060449
63979	21479914	2023-02-22T08:55:00	680	N	47.855	37.926362	-122.060449
63983	21479920	2023-02-22T09:02:00	80	W	16.5	37.940155	-122.324756
63984	21479921	2023-02-22T09:00:00	80	W	16.5	37.940155	-122.324756
63985	21479922	2023-02-22T08:59:00	242	S	0.2	37.956956	-122.053305
63991	21479933	2023-02-22T09:07:00	242	S	0.2	37.956956	-122.053305
63993	21479935	2023-02-22T09:01:00	680	N	52.775	37.995586	-122.066559
64031	21479991	2023-02-22T09:31:00	242	S	2.9	37.994816	-122.039153
64051	21480018	2023-02-22T09:45:00	4	W	10.836	37.990762	-122.096283
64069	21480051	2023-02-22T09:59:00	4	E	19.485	38.018836	-121.948032
64103	21480097	2023-02-22T10:26:00	580	W	67.1	37.921855	-122.354109
64123	21480127	2023-02-22T10:47:00	680	N	33.953	37.756191	-121.962774
64137	21480150	2023-02-22T11:03:00	680	S	29.137	37.694397	-121.920222
64170	21480203	2023-02-22T11:24:00	242	S	0.2	37.956956	-122.053305
64361	21480496	2023-02-22T14:22:00	24	W	1.6	37.842972	-122.256764
64414	21480568	2023-02-22T14:55:00	4	W	18.744	38.022038	-121.960192
64472	21480662	2023-02-22T15:37:00	4	W	13.715	38.002816	-122.046293
64521	21480729	2023-02-22T16:08:00	24	W	7.1	37.88436	-122.179679
64522	21480730	2023-02-22T16:06:00	24	W	7.1	37.88436	-122.179679
64641	21480932	2023-02-22T17:39:00	24	W	1.7	37.843503	-122.254967
64642	21480933	2023-02-22T17:37:00	24	W	1.7	37.843503	-122.254967
64656	21480950	2023-02-22T17:43:00	242	S	1.6	37.977448	-122.044261
64674	21480981	2023-02-22T18:31:00	580	E	70.1	37.932122	-122.404198
64725	21481059	2023-02-22T18:38:00	80	W	12.2	37.883528	-122.308627
64730	21481074	2023-02-22T18:53:00	242	N	2.8	37.993791	-122.039167
64731	21481075	2023-02-22T18:51:00	242	N	2.8	37.993791	-122.039167
64907	21481393	2023-02-22T23:51:00	242	N	2.8	37.993791	-122.039167
65028	21481613	2023-02-23T05:39:00	4	W	24.061	38.011402	-121.864671
65029	21481614	2023-02-23T05:38:00	24	W	5.0	37.864109	-122.209158
65030	21481615	2023-02-23T05:37:00	24	W	5.0	37.864109	-122.209158
65031	21481616	2023-02-23T05:36:00	4	W	24.061	38.011402	-121.864671
65047	21481646	2023-02-23T05:59:00	80	E	26.7	38.051224	-122.229366
65105	21481757	2023-02-23T06:50:00	4	W	26.728	37.998674	-121.817967
65111	21481769	2023-02-23T06:57:00	4	W	27.842	37.998386	-121.798004
65122	21481788	2023-02-23T07:08:00	4	W	28.794	37.995591	-121.780403
65171	21481867	2023-02-23T07:48:00	4	E	33.593	37.947685	-121.743882
65172	21481868	2023-02-23T07:47:00	4	E	33.593	37.947685	-121.743882
65306	21482094	2023-02-23T09:26:00	24	E	7.5	37.888907	-122.175662
65324	21482122	2023-02-23T09:40:00	4	E	13.332	38.000576	-122.054088
65419	21482267	2023-02-23T10:53:00	24	E	10.4	37.892862	-122.125001
65441	21482299	2023-02-23T11:16:00	24	W	8.1	37.892846	-122.166865
65697	21482692	2023-02-23T14:18:00	4	E	20.104	38.018752	-121.937094
65827	21482914	2023-02-23T15:52:00	24	E	4.0	37.854339	-122.219102
65868	21482987	2023-02-23T16:19:00	4	W	22.348	38.018567	-121.895066
65875	21482996	2023-02-23T16:25:00	24	E	10.4	37.892862	-122.125001
65888	21483025	2023-02-23T16:34:00	680	N	56.004	38.025492	-122.111604
65904	21483051	2023-02-23T16:48:00	580	E	72.3	37.935043	-122.444523
65913	21483068	2023-02-23T16:57:00	4	W	19.521	38.019089	-121.946589
66077	21483406	2023-02-23T19:49:00	680	S	43.021	37.866847	-122.039129
66094	21483448	2023-02-23T20:38:00	580	W	63.9	37.89741	-122.311741
66095	21483450	2023-02-23T20:26:00	80	W	14.1	37.907481	-122.315399
66096	21483452	2023-02-23T20:21:00	242	S	0.2	37.956956	-122.053305
66114	21483492	2023-02-23T20:57:00	4	E	19.751	38.018741	-121.942884
66163	21483595	2023-02-23T23:11:00	80	W	12.1	37.881911	-122.308246
66167	21483600	2023-02-23T23:02:00	80	E	28.7	38.076638	-122.231967
66200	21483663	2023-02-23T23:37:00	242	S	0.2	37.956956	-122.053305
66220	21483690	2023-02-23T23:53:00	80	W	11.0	37.864609	-122.303227
66224	21483694	2023-02-23T23:43:00	242	S	1.6	37.977448	-122.044261
66233	21483709	2023-02-23T23:59:00	80	E	11.4	37.870249	-122.304706
66234	21483710	2023-02-23T23:59:00	80	E	10.9	37.863935	-122.302816
66256	21483764	2023-02-24T00:45:00	24	E	5.7	37.868546	-122.194784
66282	21483810	2023-02-24T01:32:00	24	E	5.1	37.865846	-122.207047
66354	21483945	2023-02-24T03:16:00	680	S	34.081	37.75706	-121.963575
66362	21483959	2023-02-24T03:23:00	80	W	11.3	37.869523	-122.304749
66370	21483973	2023-02-24T03:43:00	160	N	0.9	38.018343	-121.751477
66372	21483977	2023-02-24T03:39:00	160	N	0.9	38.018344	-121.751477
66386	21484003	2023-02-24T04:00:00	80	W	14.6	37.914584	-122.317505
66387	21484004	2023-02-24T03:59:00	4	W	31.03	37.982452	-121.746491
66453	21484109	2023-02-24T05:07:00	580	W	68.2	37.927221	-122.37295
66454	21484110	2023-02-24T05:05:00	4	E	4.414	38.012909	-122.195991
66485	21484164	2023-02-24T05:30:00	80	E	12.1	37.881746	-122.307966
66515	21484204	2023-02-24T05:47:00	80	E	13.3	37.898081	-122.309198
66522	21484219	2023-02-24T05:52:00	80	E	12.1	37.881746	-122.307966
66569	21484294	2023-02-24T06:21:00	4	W	4.464	38.014135	-122.19433
66570	21484295	2023-02-24T06:20:00	80	E	13.3	37.898081	-122.309198
66579	21484306	2023-02-24T06:25:00	80	E	14.1	37.907164	-122.314949
66593	21484332	2023-02-24T06:38:00	580	W	68.2	37.927221	-122.37295
66595	21484334	2023-02-24T06:35:00	580	W	68.2	37.927221	-122.37295
66608	21484365	2023-02-24T06:46:00	4	W	12.337	37.994782	-122.069526
66618	21484381	2023-02-24T06:50:00	4	E	14.725	38.008166	-122.030414
66619	21484382	2023-02-24T06:48:00	4	E	14.725	38.008166	-122.030414
66759	21484634	2023-02-24T08:18:00	160	S	0.7	38.015567	-121.751605
66813	21484718	2023-02-24T08:53:00	4	W	16.263	38.013095	-122.001843
66814	21484719	2023-02-24T08:51:00	4	W	16.263	38.013095	-122.001843
66815	21484720	2023-02-24T08:49:00	4	W	15.413	38.010708	-122.017546
66909	21484880	2023-02-24T09:51:00	680	S	44.891	37.889558	-122.058503
66918	21484893	2023-02-24T09:58:00	80	E	25.8	38.042706	-122.24148
66957	21484955	2023-02-24T10:22:00	80	W	16.5	37.940155	-122.324756
66958	21484956	2023-02-24T10:21:00	24	E	5.7	37.868546	-122.194784
66964	21484965	2023-02-24T10:23:00	24	E	13.5	37.897764	-122.071278
67021	21485053	2023-02-24T11:02:00	4	W	23.665	38.012996	-121.871769
67259	21485432	2023-02-24T13:24:00	80	W	13.1	37.895221	-122.308233
67349	21485569	2023-02-24T14:16:00	24	W	8.9	37.891793	-122.151758
67406	21485655	2023-02-24T14:41:00	680	N	45.856	37.898794	-122.070698
67432	21485695	2023-02-24T15:03:00	80	W	12.1	37.881911	-122.308246
67447	21485715	2023-02-24T15:04:00	4	W	0.743	38.013479	-122.259298
67461	21485738	2023-02-24T15:17:00	80	W	12.1	37.881911	-122.308246
67477	21485762	2023-02-24T15:28:00	80	E	15.9	37.932417	-122.325715
67480	21485765	2023-02-24T15:24:00	80	E	15.9	37.932417	-122.325715
67500	21485801	2023-02-24T15:41:00	4	W	27.088	37.998416	-121.811661
67656	21486066	2023-02-24T17:12:00	680	S	29.37	37.701642	-121.911281
67670	21486085	2023-02-24T17:13:00	24	W	1.7	37.843503	-122.254967
67748	21486201	2023-02-24T18:02:00	4	E	10.822	37.990649	-122.097279
67749	21486202	2023-02-24T18:00:00	4	E	10.822	37.990649	-122.097279
67750	21486203	2023-02-24T17:59:00	680	N	52.53	37.990271	-122.06743
67757	21486213	2023-02-24T18:05:00	680	S	35.873	37.780831	-121.97722
67814	21486315	2023-02-24T18:44:00	580	W	74.2	37.942881	-122.478942
67870	21486428	2023-02-24T19:30:00	4	E	16.282	38.012596	-122.002277
67953	21486578	2023-02-24T20:47:00	680	S	53.355	37.999523	-122.076105
67965	21486601	2023-02-24T21:07:00	242	N	1.9	37.98069	-122.042276
67982	21486628	2023-02-24T21:21:00	4	W	10.836	37.990762	-122.096283
68121	21486853	2023-02-24T23:11:00	24	W	5.4	37.868261	-122.200872
68244	21487044	2023-02-25T01:02:00	4	E	18.812	38.021811	-121.960767
68302	21487133	2023-02-25T01:54:00	680	S	53.355	37.999523	-122.076105
68328	21487167	2023-02-25T02:14:00	4	W	29.694	37.991686	-121.765042
68680	21487651	2023-02-25T06:53:00	80	E	18.9	37.969909	-122.320442
68713	21487690	2023-02-25T07:10:00	4	W	16.263	38.013095	-122.001843
68788	21487794	2023-02-25T07:55:00	80	E	16.5	37.94046	-122.324391
68830	21487848	2023-02-25T08:15:00	4	E	18.134	38.023689	-121.972104
68912	21487974	2023-02-25T09:08:00	80	E	15.7	37.930097	-122.324016
68978	21488071	2023-02-25T09:46:00	4	E	23.664	38.012821	-121.872431
69694	21489195	2023-02-25T18:16:00	4	E	30.572	37.98771	-121.750948
69759	21489310	2023-02-25T19:22:00	24	W	7.1	37.88436	-122.179679
69764	21489319	2023-02-25T19:28:00	24	W	8.9	37.891793	-122.151758
69807	21489393	2023-02-25T20:12:00	4	W	16.962	38.017386	-121.990427
69892	21489533	2023-02-25T21:39:00	80	E	28.1	38.069722	-122.226905
69903	21489548	2023-02-25T21:48:00	4	E	9.058	37.991473	-122.12634
69962	21489638	2023-02-25T22:43:00	4	E	23.108	38.015064	-121.882403
70236	21490094	2023-02-26T05:50:00	4	E	25.929	38.002351	-121.832686
70241	21490106	2023-02-26T06:06:00	4	E	23.108	38.015064	-121.882403
70317	21490248	2023-02-26T08:13:00	680	S	50.362	37.960855	-122.053254
70318	21490249	2023-02-26T08:11:00	4	W	23.64	38.013177	-121.872559
70324	21490262	2023-02-26T08:20:00	24	W	5.1	37.86612	-122.206946
70379	21490353	2023-02-26T09:35:00	4	E	13.721	38.00229	-122.047248
70391	21490368	2023-02-26T09:45:00	4	E	22.429	38.017951	-121.894061
70494	21490559	2023-02-26T11:57:00	242	S	2.0	37.983275	-122.041624
70495	21490561	2023-02-26T11:59:00	242	S	2.0	37.983275	-122.041624
70496	21490562	2023-02-26T11:56:00	242	N	2.1	37.98392	-122.041279
70536	21490642	2023-02-26T12:41:00	680	N	49.189	37.945354	-122.058003
70571	21490700	2023-02-26T13:12:00	4	W	14.717	38.008988	-122.029992
70578	21490708	2023-02-26T13:16:00	160	N	0.0	37.99523	-121.755948
70592	21490729	2023-02-26T13:27:00	680	S	53.005	37.993496	-122.073288
70603	21490751	2023-02-26T13:39:00	4	E	15.58	38.010574	-122.015485
70633	21490791	2023-02-26T13:57:00	80	E	12.1	37.881746	-122.307966
70652	21490824	2023-02-26T14:21:00	24	E	8.5	37.892591	-122.159524
70675	21490865	2023-02-26T14:41:00	580	W	68.2	37.927221	-122.37295
70684	21490886	2023-02-26T14:51:00	680	N	56.193	38.026944	-122.114167
70707	21490931	2023-02-26T15:14:00	80	W	15.6	37.927978	-122.32287
70724	21490955	2023-02-26T15:32:00	680	N	57.433	38.042939	-122.121808
70729	21490965	2023-02-26T15:26:00	24	W	8.5	37.892873	-122.158869
70742	21490989	2023-02-26T15:46:00	4	W	24.061	38.011402	-121.864671
70748	21491000	2023-02-26T15:51:00	80	E	24.0	38.022089	-122.262691
70757	21491012	2023-02-26T15:56:00	680	S	43.021	37.866847	-122.039129
70773	21491033	2023-02-26T16:08:00	680	S	38.395	37.81494	-121.993459
70784	21491052	2023-02-26T16:16:00	680	S	43.021	37.866847	-122.039129
70793	21491061	2023-02-26T16:19:00	680	S	34.564	37.763758	-121.967986
70800	21491074	2023-02-26T16:32:00	680	S	31.172	37.72093	-121.938362
70801	21491075	2023-02-26T16:29:00	4	E	14.725	38.008166	-122.030414
70819	21491112	2023-02-26T16:50:00	24	W	5.7	37.868105	-122.195924
70856	21491171	2023-02-26T17:12:00	80	E	10.9	37.863935	-122.302816
70865	21491187	2023-02-26T17:22:00	242	S	2.2	37.985937	-122.041056
70870	21491195	2023-02-26T17:31:00	24	E	5.4	37.867235	-122.201026
70874	21491201	2023-02-26T17:37:00	24	W	12.4	37.898073	-122.09004
70875	21491202	2023-02-26T17:36:00	24	W	11.1	37.895372	-122.113724
70889	21491220	2023-02-26T17:46:00	680	N	56.193	38.026944	-122.114167
70903	21491239	2023-02-26T17:54:00	242	N	3.2	38.000481	-122.037725
70979	21491381	2023-02-26T19:26:00	680	S	31.831	37.728617	-121.944331
70993	21491399	2023-02-26T19:40:00	680	S	34.564	37.763758	-121.967986
71026	21491452	2023-02-26T20:21:00	4	W	0.091	38.013592	-122.271176
71081	21491552	2023-02-26T21:45:00	680	N	45.856	37.898794	-122.070698
71110	21491603	2023-02-26T22:41:00	24	W	5.1	37.86612	-122.206946
71116	21491610	2023-02-26T22:44:00	80	E	26.7	38.051224	-122.229366
71126	21491629	2023-02-26T23:02:00	680	N	45.856	37.898794	-122.070698
71132	21491637	2023-02-26T23:14:00	4	E	8.677	37.989925	-122.133315
71166	21491696	2023-02-27T00:18:00	24	W	7.1	37.88436	-122.179679
71185	21491726	2023-02-27T00:44:00	24	W	8.9	37.891793	-122.151758
71290	21491917	2023-02-27T06:01:00	4	E	23.664	38.012821	-121.872431
71302	21491936	2023-02-27T06:11:00	80	E	12.1	37.881746	-122.307966
71357	21492048	2023-02-27T07:09:00	24	W	5.7	37.868105	-122.195924
71363	21492061	2023-02-27T07:22:00	680	S	40.301	37.836427	-122.011894
71364	21492062	2023-02-27T07:21:00	24	W	5.7	37.868105	-122.195924
71369	21492072	2023-02-27T07:25:00	680	S	40.301	37.836427	-122.011894
71488	21492269	2023-02-27T08:52:00	80	W	29.7	38.09164	-122.230478
71508	21492294	2023-02-27T09:03:00	80	W	23.7	38.018484	-122.266235
71509	21492295	2023-02-27T09:01:00	80	E	29.4	38.08791	-122.231755
71510	21492296	2023-02-27T08:59:00	80	E	29.4	38.08791	-122.231755
71549	21492356	2023-02-27T09:34:00	580	E	67.2	37.921658	-122.353789
71551	21492358	2023-02-27T09:32:00	580	W	65.8	37.919271	-122.331368
71565	21492379	2023-02-27T09:41:00	4	E	13.969	38.003358	-122.042918
71579	21492395	2023-02-27T09:43:00	242	N	3.2	38.000481	-122.037725
71607	21492431	2023-02-27T10:00:00	580	E	66.3	37.921417	-122.338695
71613	21492441	2023-02-27T10:07:00	24	E	5.4	37.867235	-122.201026
71615	21492443	2023-02-27T10:03:00	4	E	12.562	37.995586	-122.066559
71622	21492452	2023-02-27T10:10:00	4	E	23.664	38.012821	-121.872431
71627	21492458	2023-02-27T10:18:00	680	N	46.866	37.912775	-122.06692
71628	21492459	2023-02-27T10:16:00	680	N	46.866	37.912775	-122.06692
71630	21492461	2023-02-27T10:12:00	4	W	27.661	37.998404	-121.801574
71666	21492527	2023-02-27T10:46:00	4	E	32.346	37.964821	-121.740553
71673	21492539	2023-02-27T10:50:00	80	W	14.6	37.914584	-122.317505
71678	21492545	2023-02-27T10:58:00	680	S	28.804	37.69002	-121.918519
71700	21492586	2023-02-27T11:12:00	580	E	70.1	37.932083	-122.40375
71713	21492609	2023-02-27T11:20:00	80	W	17.4	37.952263	-122.327903
71714	21492610	2023-02-27T11:15:00	80	W	17.4	37.952263	-122.327903
71756	21492675	2023-02-27T11:50:00	24	E	2.7	37.849799	-122.238351
71762	21492687	2023-02-27T11:58:00	4	E	13.332	38.000576	-122.054088
71764	21492689	2023-02-27T11:54:00	4	W	10.836	37.990762	-122.096283
71804	21492749	2023-02-27T12:19:00	4	W	13.968	38.003865	-122.042102
71826	21492789	2023-02-27T12:37:00	242	S	2.7	37.992591	-122.039625
71827	21492790	2023-02-27T12:36:00	24	E	7.5	37.888907	-122.175662
71828	21492791	2023-02-27T12:33:00	160	N	0.0	38.001617	-121.754408
71834	21492801	2023-02-27T12:41:00	24	W	5.7	37.868105	-122.195924
71835	21492802	2023-02-27T12:39:00	580	W	68.2	37.927221	-122.37295
71850	21492834	2023-02-27T12:57:00	680	S	49.822	37.953265	-122.05476
71867	21492857	2023-02-27T13:06:00	680	S	46.565	37.908558	-122.068713
71894	21492919	2023-02-27T13:30:00	24	W	7.1	37.88436	-122.179679
71918	21492958	2023-02-27T13:52:00	680	N	56.11	38.026257	-122.113093
71919	21492959	2023-02-27T13:48:00	80	E	29.1	38.082991	-122.233205
71931	21492979	2023-02-27T13:59:00	4	W	25.717	38.003464	-121.835484
72062	21493208	2023-02-27T15:24:00	24	W	8.9	37.891793	-122.151758
72069	21493217	2023-02-27T15:19:00	24	W	5.0	37.864109	-122.209158
72077	21493228	2023-02-27T15:37:00	680	N	56.193	38.026944	-122.114167
72093	21493251	2023-02-27T15:49:00	4	E	30.572	37.98771	-121.750948
72211	21493444	2023-02-27T16:44:00	680	N	28.436	37.685932	-121.916638
72252	21493507	2023-02-27T17:24:00	24	W	8.1	37.892846	-122.166865
72294	21493582	2023-02-27T18:03:00	4	W	25.717	38.003464	-121.835484
72304	21493597	2023-02-27T18:05:00	80	W	12.2	37.883528	-122.308627
72356	21493689	2023-02-27T18:50:00	24	W	5.7	37.868105	-122.195924
72374	21493726	2023-02-27T19:10:00	4	W	12.505	37.995823	-122.066438
72393	21493780	2023-02-27T19:37:00	24	W	8.9	37.891793	-122.151758
72466	21493932	2023-02-27T21:17:00	680	S	45.272	37.892761	-122.064902
72469	21493938	2023-02-27T21:20:00	680	S	29.242	37.696595	-121.921082
72481	21493957	2023-02-27T21:35:00	24	E	5.1	37.865846	-122.207047
72529	21494040	2023-02-27T22:44:00	680	N	53.878	38.005573	-122.082507
72546	21494063	2023-02-27T23:12:00	24	W	6.4	37.875588	-122.187732
72556	21494080	2023-02-27T23:32:00	24	E	10.4	37.892862	-122.125001
72564	21494091	2023-02-27T23:51:00	24	W	5.4	37.868261	-122.200872
72646	21494254	2023-02-28T04:15:00	4	W	18.122	38.023975	-121.971031
72812	21494533	2023-02-28T07:26:00	80	E	19.6	37.979938	-122.317059
72848	21494583	2023-02-28T07:46:00	80	W	21.6	37.99537	-122.289589
72871	21494610	2023-02-28T07:53:00	80	E	16.5	37.939611	-122.324825
72914	21494678	2023-02-28T08:27:00	24	W	7.6	37.890168	-122.174599
72917	21494681	2023-02-28T08:21:00	24	W	7.6	37.890168	-122.174599
72924	21494691	2023-02-28T08:31:00	680	N	34.298	37.760375	-121.965448
72939	21494711	2023-02-28T08:34:00	80	E	23.1	38.011875	-122.272168
72961	21494744	2023-02-28T08:51:00	80	E	14.1	37.907164	-122.314949
72962	21494745	2023-02-28T08:50:00	80	E	14.1	37.907164	-122.314949
72978	21494768	2023-02-28T09:01:00	80	E	24.0	38.022089	-122.262691
73028	21494835	2023-02-28T09:27:00	680	N	50.46	37.962458	-122.053879
73034	21494842	2023-02-28T09:29:00	4	E	13.332	38.000576	-122.054088
73050	21494866	2023-02-28T09:47:00	4	E	10.42	37.993192	-122.104465
73052	21494868	2023-02-28T09:45:00	80	W	12.1	37.881911	-122.308246
73053	21494869	2023-02-28T09:44:00	242	N	1.9	37.98069	-122.042276
73073	21494891	2023-02-28T09:55:00	24	E	10.4	37.892862	-122.125001
73089	21494914	2023-02-28T10:03:00	680	S	52.9	37.994341	-122.070209
73095	21494922	2023-02-28T10:12:00	24	W	8.1	37.892846	-122.166865
73096	21494923	2023-02-28T10:11:00	24	W	8.1	37.892846	-122.166865
73099	21494930	2023-02-28T10:19:00	24	E	10.4	37.892862	-122.125001
73110	21494951	2023-02-28T10:27:00	680	N	37.79	37.806862	-121.990775
73119	21494961	2023-02-28T10:30:00	24	E	13.5	37.892761	-122.064902
73120	21494962	2023-02-28T10:28:00	24	E	5.4	37.867235	-122.201026
73131	21494980	2023-02-28T10:41:00	4	W	5.636	38.013022	-122.17456
73133	21494983	2023-02-28T10:37:00	4	E	2.405	38.01046	-122.230175
73137	21494989	2023-02-28T10:43:00	4	E	4.414	38.012909	-122.195991
73143	21495000	2023-02-28T10:49:00	680	S	42.419	37.860149	-122.032664
73149	21495010	2023-02-28T10:58:00	580	W	69.8	37.93209	-122.399839
73150	21495011	2023-02-28T10:53:00	242	N	2.1	37.98392	-122.041279
73161	21495025	2023-02-28T11:00:00	580	W	68.2	37.927221	-122.37295
73187	21495064	2023-02-28T11:26:00	4	W	9.11	37.992411	-122.125089
73206	21495090	2023-02-28T11:40:00	80	W	22.2	38.00178	-122.281783
73213	21495105	2023-02-28T11:51:00	80	W	17.9	37.959772	-122.330645
73227	21495128	2023-02-28T12:02:00	24	W	4.0	37.854472	-122.219756
73238	21495143	2023-02-28T12:03:00	24	W	5.7	37.868105	-122.195924
73381	21495388	2023-02-28T13:50:00	680	S	49.822	37.953265	-122.05476
73402	21495424	2023-02-28T14:03:00	580	W	70.0	37.932486	-122.403542
73411	21495441	2023-02-28T14:14:00	24	W	5.1	37.86612	-122.206946
73549	21495640	2023-02-28T15:37:00	680	N	57.433	38.042911	-122.121842
73576	21495687	2023-02-28T15:46:00	80	E	23.5	38.014349	-122.26689
73584	21495695	2023-02-28T15:54:00	24	W	5.4	37.868261	-122.200872
73601	21495718	2023-02-28T16:06:00	680	N	31.108	37.720114	-121.937379
73620	21495747	2023-02-28T16:15:00	4	E	13.332	38.000576	-122.054088
73621	21495748	2023-02-28T16:14:00	4	E	13.332	38.000576	-122.054088
73634	21495763	2023-02-28T16:19:00	80	E	20.6	37.99184	-122.307909
73642	21495773	2023-02-28T16:28:00	680	N	48.815	37.940053	-122.060052
73643	21495774	2023-02-28T16:27:00	680	N	48.815	37.940053	-122.060052
73681	21495829	2023-02-28T16:47:00	680	S	42.419	37.860149	-122.032664
73688	21495844	2023-02-28T16:49:00	680	S	42.419	37.860149	-122.032664
73699	21495863	2023-02-28T17:03:00	680	S	37.987	37.80853	-121.991808
73703	21495867	2023-02-28T16:58:00	680	S	37.987	37.80853	-121.991808
73721	21495894	2023-02-28T17:09:00	4	E	18.515	38.022678	-121.965215
73762	21495965	2023-02-28T17:42:00	580	W	70.0	37.932486	-122.403542
73779	21495987	2023-02-28T17:51:00	4	W	9.11	37.992411	-122.125089
73780	21495988	2023-02-28T17:50:00	4	W	4.968	38.016331	-122.186186
73799	21496024	2023-02-28T18:07:00	24	E	2.1	37.845854	-122.247879
73800	21496025	2023-02-28T18:06:00	24	E	2.1	37.845854	-122.247879
73840	21496093	2023-02-28T18:38:00	680	N	33.953	37.756191	-121.962774
73848	21496105	2023-02-28T18:44:00	680	N	48.56	37.936454	-122.060091
73863	21496129	2023-02-28T19:01:00	4	E	18.812	38.021811	-121.960767
73894	21496184	2023-02-28T19:30:00	4	E	18.812	38.021811	-121.960767
73916	21496238	2023-02-28T20:02:00	4	E	19.751	38.018741	-121.942884
73937	21496283	2023-02-28T20:26:00	80	W	16.5	37.940155	-122.324756
73944	21496300	2023-02-28T20:39:00	580	E	70.4	37.932711	-122.40954
73982	21496369	2023-02-28T21:23:00	4	W	4.968	38.016331	-122.186186
73995	21496387	2023-02-28T21:28:00	4	E	37.69	37.895679	-121.712619
74266	21496858	2023-03-01T04:11:00	80	E	12.3	37.884747	-122.308659
74291	21496894	2023-03-01T04:35:00	580	W	70.3	37.93278	-122.409584
74302	21496912	2023-03-01T04:48:00	4	E	32.346	37.964821	-121.740553
74303	21496913	2023-03-01T04:47:00	24	E	12.8	37.897394	-122.081878
74360	21497009	2023-03-01T05:38:00	680	N	28.923	37.692391	-121.91918
74361	21497010	2023-03-01T05:37:00	680	N	28.436	37.685932	-121.916638
74369	21497021	2023-03-01T05:43:00	4	W	0.743	38.013479	-122.259298
74477	21497193	2023-03-01T06:40:00	4	W	23.665	38.012996	-121.871769
74581	21497410	2023-03-01T07:56:00	680	S	50.995	37.969068	-122.058604
74594	21497430	2023-03-01T07:58:00	24	E	12.8	37.897394	-122.081878
74645	21497532	2023-03-01T08:36:00	4	W	33.01	37.95542	-121.74441
74661	21497562	2023-03-01T08:55:00	4	W	9.218	37.993446	-122.123207
74771	21497732	2023-03-01T10:10:00	4	E	13.332	38.000576	-122.054088
74780	21497745	2023-03-01T10:13:00	4	W	12.505	37.995823	-122.066438
74878	21497893	2023-03-01T11:24:00	4	E	8.677	37.989925	-122.133315
74910	21497945	2023-03-01T11:52:00	160	S	0.7	38.015567	-121.751605
74919	21497961	2023-03-01T12:00:00	4	W	30.427	37.988982	-121.752267
75124	21498305	2023-03-01T14:38:00	4	W	29.694	37.991686	-121.765042
75148	21498343	2023-03-01T14:57:00	680	S	45.796	37.897511	-122.071253
75176	21498387	2023-03-01T15:11:00	4	E	14.177	38.000947	-122.037852
75290	21498566	2023-03-01T16:21:00	80	W	21.6	37.99537	-122.289589
75317	21498606	2023-03-01T16:44:00	242	N	2.6	37.991325	-122.039692
75318	21498607	2023-03-01T16:43:00	680	N	51.842	37.980369	-122.065426
75596	21499084	2023-03-01T20:55:00	4	W	4.968	38.016331	-122.186186
75836	21499500	2023-03-02T05:48:00	24	E	4.5	37.858422	-122.211892
75867	21499557	2023-03-02T06:25:00	24	E	4.8	37.861022	-122.209626
75879	21499579	2023-03-02T06:43:00	24	W	5.7	37.868105	-122.195924
75915	21499648	2023-03-02T07:16:00	580	W	72.2	37.935097	-122.444517
75916	21499649	2023-03-02T07:15:00	4	W	13.968	38.003865	-122.042102
75917	21499650	2023-03-02T07:13:00	4	W	13.968	38.003865	-122.042102
76038	21499823	2023-03-02T08:27:00	4	W	22.348	38.018567	-121.895066
76039	21499824	2023-03-02T08:24:00	4	W	22.348	38.018567	-121.895066
76043	21499831	2023-03-02T08:30:00	80	E	20.6	37.99184	-122.307909
76064	21499858	2023-03-02T08:40:00	680	N	38.683	37.819472	-121.993079
76092	21499904	2023-03-02T08:55:00	680	S	45.796	37.897511	-122.071253
76110	21499929	2023-03-02T09:10:00	4	W	12.337	37.994782	-122.069526
76151	21499991	2023-03-02T09:42:00	680	S	45.796	37.897511	-122.071253
76155	21499997	2023-03-02T09:48:00	80	E	17.4	37.952867	-122.327994
76156	21499998	2023-03-02T09:47:00	80	E	17.4	37.952867	-122.327994
76191	21500042	2023-03-02T10:05:00	80	W	22.2	38.00178	-122.281783
76231	21500097	2023-03-02T10:38:00	24	W	7.1	37.88436	-122.179679
76603	21500662	2023-03-02T15:36:00	4	E	24.198	38.01073	-121.863155
76605	21500664	2023-03-02T15:34:00	24	E	11.7	37.8969	-122.101841
76620	21500686	2023-03-02T15:45:00	242	S	0.2	37.956956	-122.053305
76664	21500760	2023-03-02T16:19:00	4	E	16.282	38.012596	-122.002277
76742	21500880	2023-03-02T16:59:00	680	N	33.953	37.756191	-121.962774
76747	21500892	2023-03-02T17:08:00	4	E	19.485	38.018836	-121.948032
76933	21501161	2023-03-02T19:13:00	580	E	63.4	37.8916	-122.308817
76934	21501162	2023-03-02T19:10:00	580	W	64.3	37.902354	-122.315759
76964	21501214	2023-03-02T19:44:00	4	W	20.036	38.019101	-121.937152
77006	21501278	2023-03-02T20:30:00	680	S	29.37	37.701642	-121.911281
77020	21501303	2023-03-02T20:48:00	680	S	49.822	37.953265	-122.05476
77023	21501309	2023-03-02T20:51:00	4	E	31.52	37.975972	-121.74242
77055	21501368	2023-03-02T21:46:00	4	E	22.429	38.017951	-121.894061
77151	21501539	2023-03-03T02:05:00	4	W	18.122	38.023975	-121.971031
77300	21501790	2023-03-03T07:19:00	4	W	20.036	38.019101	-121.937152
77428	21501989	2023-03-03T08:49:00	680	N	39.543	37.829712	-122.000714
77438	21502001	2023-03-03T08:58:00	680	S	41.498	37.847743	-122.02778
77439	21502002	2023-03-03T08:57:00	680	S	41.498	37.847743	-122.02778
77480	21502064	2023-03-03T09:38:00	4	W	31.46	37.976136	-121.741915
77481	21502065	2023-03-03T09:37:00	680	N	35.657	37.778337	-121.975649
77545	21502149	2023-03-03T10:21:00	4	W	9.634	37.996463	-122.11681
77596	21502221	2023-03-03T11:01:00	4	W	9.626	37.996431	-122.116998
77902	21502688	2023-03-03T15:13:00	680	S	44.498	37.884476	-122.05416
77932	21502730	2023-03-03T15:31:00	580	W	65.8	37.919271	-122.331368
77985	21502811	2023-03-03T16:06:00	24	E	12.8	37.897394	-122.081878
77986	21502812	2023-03-03T16:05:00	4	E	28.348	37.996773	-121.789698
77995	21502826	2023-03-03T16:12:00	4	E	11.91	37.991775	-122.077885
78000	21502836	2023-03-03T16:18:00	80	W	11.3	37.869523	-122.304749
78001	21502838	2023-03-03T16:14:00	4	E	11.91	37.991775	-122.077885
78022	21502880	2023-03-03T16:33:00	680	S	41.829	37.852397	-122.029072
78023	21502881	2023-03-03T16:32:00	24	E	6.4	37.874851	-122.18658
78024	21502882	2023-03-03T16:31:00	680	S	41.829	37.852397	-122.029072
78164	21503110	2023-03-03T18:27:00	680	N	52.856	37.994782	-122.069526
78165	21503111	2023-03-03T18:26:00	680	N	52.856	37.994782	-122.069526
78178	21503126	2023-03-03T18:34:00	680	N	46.866	37.912775	-122.06692
78195	21503145	2023-03-03T18:39:00	4	E	23.664	38.012821	-121.872431
78201	21503153	2023-03-03T18:47:00	680	N	46.866	37.912775	-122.06692
78211	21503167	2023-03-03T18:50:00	4	E	23.664	38.012821	-121.872431
78357	21503408	2023-03-03T21:24:00	680	S	46.565	37.908558	-122.068713
78364	21503419	2023-03-03T21:39:00	80	E	28.7	38.077469	-122.233727
78381	21503444	2023-03-03T21:53:00	4	W	26.728	37.998674	-121.817967
78385	21503450	2023-03-03T22:00:00	4	W	25.717	38.003464	-121.835484
78404	21503482	2023-03-03T22:28:00	4	E	8.677	37.989925	-122.133315
78410	21503491	2023-03-03T22:36:00	4	E	2.635	38.009266	-122.22697
78537	21503717	2023-03-04T02:59:00	4	W	20.036	38.019101	-121.937152
78651	21503913	2023-03-04T06:59:00	680	N	56.193	38.026944	-122.114167
78670	21503942	2023-03-04T07:27:00	680	S	45.035	37.890801	-122.060828
78677	21503958	2023-03-04T07:33:00	242	S	2.2	37.985937	-122.041056
78713	21504032	2023-03-04T08:35:00	680	S	57.439	38.041468	-122.123672
78739	21504072	2023-03-04T09:00:00	4	W	24.061	38.011402	-121.864671
78753	21504093	2023-03-04T09:18:00	680	S	41.498	37.847743	-122.02778
78762	21504108	2023-03-04T09:28:00	580	E	72.3	37.935043	-122.444523
78763	21504109	2023-03-04T09:26:00	4	W	12.337	37.994782	-122.069526
78849	21504241	2023-03-04T10:45:00	242	S	0.2	37.956956	-122.053305
78889	21504305	2023-03-04T11:21:00	4	W	31.46	37.976136	-121.741915
78909	21504332	2023-03-04T11:35:00	680	N	56.193	38.026944	-122.114167
78953	21504404	2023-03-04T12:15:00	680	N	56.193	38.026944	-122.114167
78965	21504418	2023-03-04T12:21:00	4	E	8.677	37.989925	-122.133315
78972	21504432	2023-03-04T12:29:00	4	E	8.677	37.989925	-122.133315
78973	21504433	2023-03-04T12:28:00	80	W	12.1	37.881911	-122.308246
79007	21504502	2023-03-04T13:03:00	24	E	14.0	37.903398	-122.069808
79008	21504503	2023-03-04T13:01:00	680	S	45.272	37.892761	-122.064902
79012	21504508	2023-03-04T13:10:00	680	S	38.395	37.81494	-121.993459
79047	21504559	2023-03-04T13:40:00	4	E	35.236	37.925219	-121.732887
79071	21504594	2023-03-04T13:52:00	4	W	25.717	38.003464	-121.835484
79424	21505223	2023-03-04T20:27:00	4	E	13.721	38.00229	-122.047248
79452	21505281	2023-03-04T21:18:00	242	N	2.1	37.98392	-122.041279
79584	21505528	2023-03-05T01:32:00	680	N	57.433	38.042706	-122.121663
79591	21505537	2023-03-05T01:41:00	580	E	74.2	37.942505	-122.477783
79592	21505538	2023-03-05T01:37:00	80	E	12.3	37.884747	-122.308659
79599	21505545	2023-03-05T01:45:00	580	E	70.1	37.932083	-122.40375
79622	21505580	2023-03-05T02:23:00	4	E	25.442	38.004791	-121.841338
79624	21505582	2023-03-05T02:19:00	242	N	2.6	37.991325	-122.039692
79625	21505588	2023-03-05T02:27:00	4	E	14.23	38.004458	-122.038839
79626	21505589	2023-03-05T02:25:00	4	E	23.664	38.012821	-121.872431
79734	21505760	2023-03-05T05:57:00	24	E	6.4	37.874851	-122.18658
79753	21505794	2023-03-05T06:37:00	680	N	45.856	37.898794	-122.070698
79774	21505830	2023-03-05T07:00:00	680	N	56.984	38.037375	-122.117744
79792	21505858	2023-03-05T07:26:00	24	W	5.7	37.868105	-122.195924
80012	21506220	2023-03-05T11:33:00	4	E	16.282	38.012596	-122.002277
80018	21506230	2023-03-05T11:48:00	242	S	2.9	37.994816	-122.039153
80118	21506396	2023-03-05T13:28:00	580	W	68.2	37.927221	-122.37295
80139	21506432	2023-03-05T13:50:00	80	W	11.3	37.869523	-122.304749
80151	21506453	2023-03-05T14:08:00	24	E	4.8	37.861022	-122.209626
80167	21506483	2023-03-05T14:23:00	4	W	28.794	37.995591	-121.780403
80186	21506514	2023-03-05T14:47:00	4	W	25.384	38.005247	-121.84187
80187	21506515	2023-03-05T14:45:00	4	W	24.061	38.011402	-121.864671
80208	21506542	2023-03-05T14:59:00	4	W	28.469	37.996589	-121.786913
80217	21506560	2023-03-05T15:12:00	4	W	19.521	38.019089	-121.946589
80230	21506589	2023-03-05T15:29:00	4	E	28.348	37.996773	-121.789698
80272	21506662	2023-03-05T16:15:00	80	E	25.8	38.042706	-122.24148
80289	21506687	2023-03-05T16:32:00	4	W	29.694	37.991686	-121.765042
80395	21506874	2023-03-05T18:30:00	4	E	18.812	38.021811	-121.960767
80625	21507327	2023-03-06T04:58:00	4	E	30.572	37.98771	-121.750948
80630	21507336	2023-03-06T05:21:00	4	W	22.348	38.018567	-121.895066
80735	21507501	2023-03-06T06:58:00	80	W	12.1	37.881911	-122.308246
80761	21507536	2023-03-06T07:17:00	80	E	29.2	38.085178	-122.232832
80789	21507573	2023-03-06T07:26:00	4	W	15.413	38.010708	-122.017546
80793	21507583	2023-03-06T07:38:00	80	W	23.7	38.018484	-122.266235
80794	21507584	2023-03-06T07:35:00	80	W	23.7	38.018484	-122.266235
80825	21507627	2023-03-06T07:54:00	4	E	18.134	38.023689	-121.972104
80832	21507640	2023-03-06T08:00:00	680	N	49.937	37.95548	-122.053382
80833	21507641	2023-03-06T07:59:00	680	N	49.937	37.95548	-122.053382
80848	21507670	2023-03-06T08:08:00	80	W	23.7	38.018484	-122.266235
80858	21507685	2023-03-06T08:15:00	4	W	12.505	37.995823	-122.066438
80935	21507794	2023-03-06T09:07:00	24	E	7.5	37.888907	-122.175662
80961	21507827	2023-03-06T09:22:00	4	E	16.282	38.012596	-122.002277
80962	21507828	2023-03-06T09:19:00	4	E	14.725	38.008166	-122.030414
80963	21507829	2023-03-06T09:14:00	680	N	48.56	37.936454	-122.060091
80969	21507837	2023-03-06T09:26:00	680	S	45.272	37.892761	-122.064902
80973	21507846	2023-03-06T09:30:00	680	S	44.891	37.889558	-122.058503
80974	21507847	2023-03-06T09:28:00	680	S	44.891	37.889558	-122.058503
80997	21507881	2023-03-06T09:53:00	680	S	45.272	37.892761	-122.064902
81017	21507913	2023-03-06T10:02:00	4	W	29.694	37.991686	-121.765042
81018	21507914	2023-03-06T10:01:00	80	E	23.1	38.011875	-122.272168
81074	21508000	2023-03-06T10:46:00	4	W	0.254	38.01621	-122.267711
81090	21508022	2023-03-06T10:56:00	680	S	44.498	37.884476	-122.05416
81103	21508037	2023-03-06T11:00:00	4	W	15.413	38.010708	-122.017546
81447	21508539	2023-03-06T15:52:00	680	S	50.756	37.965836	-122.056037
81508	21508617	2023-03-06T16:26:00	4	E	28.348	37.996773	-121.789698
81509	21508618	2023-03-06T16:25:00	4	E	28.348	37.996773	-121.789698
81518	21508635	2023-03-06T16:36:00	4	E	15.58	38.010574	-122.015485
81590	21508746	2023-03-06T17:26:00	680	S	47.508	37.920636	-122.062281
81617	21508790	2023-03-06T17:52:00	580	E	74.3	37.942764	-122.478971
81626	21508801	2023-03-06T17:53:00	4	W	5.636	38.013022	-122.17456
81705	21508929	2023-03-06T19:05:00	80	E	11.7	37.874502	-122.306023
81726	21508964	2023-03-06T19:21:00	80	W	29.5	38.088285	-122.231856
81758	21509013	2023-03-06T20:02:00	242	N	2.0	37.982719	-122.041525
81772	21509039	2023-03-06T20:19:00	580	W	65.4	37.915398	-122.326638
81779	21509051	2023-03-06T20:35:00	24	W	5.4	37.868261	-122.200872
81780	21509052	2023-03-06T20:33:00	580	W	67.1	37.921855	-122.354109
81798	21509079	2023-03-06T21:02:00	80	W	12.1	37.881911	-122.308246
81817	21509103	2023-03-06T21:16:00	24	W	7.1	37.88436	-122.179679
81828	21509120	2023-03-06T21:34:00	242	S	2.7	37.992591	-122.039625
81844	21509147	2023-03-06T22:02:00	80	E	16.5	37.94046	-122.324391
81855	21509168	2023-03-06T22:33:00	4	E	26.804	37.998353	-121.81803
81890	21509229	2023-03-06T23:42:00	80	W	21.3	37.994255	-122.296122
81894	21509234	2023-03-06T23:44:00	680	S	48.324	37.932715	-122.060323
81898	21509249	2023-03-07T00:03:00	24	E	6.4	37.874851	-122.18658
81902	21509261	2023-03-07T00:22:00	242	S	2.7	37.992591	-122.039625
81982	21509422	2023-03-07T05:52:00	4	E	10.42	37.993192	-122.104465
81986	21509428	2023-03-07T06:00:00	4	E	10.42	37.993192	-122.104465
82011	21509479	2023-03-07T06:31:00	242	S	2.0	37.983275	-122.041624
82012	21509480	2023-03-07T06:30:00	242	S	2.0	37.983275	-122.041624
82013	21509481	2023-03-07T06:28:00	680	N	45.856	37.898794	-122.070698
82024	21509504	2023-03-07T06:49:00	24	E	6.4	37.874851	-122.18658
82025	21509506	2023-03-07T06:47:00	24	E	6.4	37.874851	-122.18658
82030	21509519	2023-03-07T06:54:00	680	N	45.856	37.898794	-122.070698
82031	21509520	2023-03-07T06:53:00	24	E	12.8	37.897394	-122.081878
82057	21509554	2023-03-07T07:11:00	24	E	6.6	37.87735	-122.184078
82058	21509555	2023-03-07T07:09:00	24	E	6.6	37.87735	-122.184078
82369	21509980	2023-03-07T10:53:00	680	S	50.995	37.969068	-122.058604
82401	21510018	2023-03-07T11:14:00	4	W	16.962	38.017386	-121.990427
82402	21510020	2023-03-07T11:12:00	580	W	72.2	37.935097	-122.444517
82539	21510231	2023-03-07T13:27:00	80	W	11.3	37.869523	-122.304749
82542	21510234	2023-03-07T13:23:00	80	W	11.3	37.869523	-122.304749
82562	21510263	2023-03-07T13:45:00	680	S	35.269	37.772788	-121.973169
82594	21510312	2023-03-07T14:10:00	4	W	26.728	37.998674	-121.817967
82940	21510804	2023-03-07T18:10:00	80	W	13.1	37.895221	-122.308233
82998	21510897	2023-03-07T19:03:00	242	N	2.1	37.98392	-122.041279
83058	21510994	2023-03-07T20:15:00	4	E	8.677	37.989925	-122.133315
83082	21511031	2023-03-07T20:44:00	24	E	9.0	37.891181	-122.150167
83088	21511038	2023-03-07T20:52:00	580	E	67.2	37.921658	-122.353789
83093	21511048	2023-03-07T20:54:00	4	E	30.572	37.98771	-121.750948
83198	21511260	2023-03-08T01:30:00	4	W	4.968	38.016331	-122.186186
83199	21511261	2023-03-08T01:29:00	4	W	2.777	38.009209	-122.223901
83204	21511268	2023-03-08T02:00:00	4	W	4.968	38.016331	-122.186186
83224	21511300	2023-03-08T02:58:00	4	W	15.194	38.01011	-122.021262
83283	21511401	2023-03-08T05:49:00	24	W	5.4	37.868261	-122.200872
83306	21511435	2023-03-08T06:13:00	24	E	5.7	37.868546	-122.194784
83334	21511482	2023-03-08T06:34:00	24	E	5.4	37.867235	-122.201026
83335	21511483	2023-03-08T06:30:00	24	E	5.4	37.867235	-122.201026
83402	21511595	2023-03-08T07:28:00	4	E	9.058	37.991473	-122.12634
83403	21511597	2023-03-08T07:26:00	4	E	5.671	38.012858	-122.174702
83405	21511599	2023-03-08T07:24:00	24	E	6.4	37.874851	-122.18658
83420	21511619	2023-03-08T07:35:00	4	W	22.348	38.018567	-121.895066
83433	21511639	2023-03-08T07:41:00	4	W	2.128	38.012442	-122.234377
83468	21511688	2023-03-08T08:02:00	24	E	6.6	37.87735	-122.184078
83470	21511690	2023-03-08T07:59:00	24	E	6.4	37.874851	-122.18658
83474	21511702	2023-03-08T08:08:00	4	W	18.122	38.023975	-121.971031
83475	21511703	2023-03-08T08:06:00	4	W	19.828	38.019102	-121.940875
83476	21511704	2023-03-08T08:05:00	4	W	18.122	38.023975	-121.971031
83639	21511931	2023-03-08T09:47:00	80	E	17.4	37.952867	-122.327994
83703	21512013	2023-03-08T10:31:00	4	W	27.088	37.998416	-121.811661
83853	21512245	2023-03-08T12:48:00	80	E	12.1	37.881746	-122.307966
83900	21512318	2023-03-08T13:19:00	680	S	47.508	37.920636	-122.062281
83930	21512352	2023-03-08T13:42:00	24	W	8.9	37.891793	-122.151758
83953	21512387	2023-03-08T13:54:00	242	S	2.0	37.983275	-122.041624
83974	21512419	2023-03-08T14:13:00	580	E	69.6	37.932344	-122.394464
83981	21512431	2023-03-08T14:16:00	580	W	74.1	37.942605	-122.477717
84000	21512462	2023-03-08T14:34:00	80	E	13.3	37.898081	-122.309198
84022	21512497	2023-03-08T14:48:00	4	E	35.236	37.925219	-121.732887
84050	21512533	2023-03-08T15:12:00	4	E	28.348	37.996773	-121.789698
84215	21512776	2023-03-08T16:59:00	80	W	11.3	37.869523	-122.304749
84216	21512777	2023-03-08T16:58:00	80	W	11.3	37.869523	-122.304749
84247	21512833	2023-03-08T17:29:00	580	W	64.3	37.902354	-122.315759
84268	21512867	2023-03-08T17:48:00	24	E	6.6	37.87735	-122.184078
84270	21512869	2023-03-08T17:43:00	80	E	20.2	37.987956	-122.313409
84389	21513029	2023-03-08T19:10:00	80	E	11.7	37.874502	-122.306023
84417	21513077	2023-03-08T19:40:00	580	E	68.2	37.927037	-122.370418
84424	21513089	2023-03-08T19:50:00	4	W	27.661	37.998404	-121.801574
84454	21513133	2023-03-08T20:24:00	680	N	29.816	37.704565	-121.92434
84465	21513150	2023-03-08T20:33:00	4	E	23.664	38.012821	-121.872431
84481	21513174	2023-03-08T20:54:00	160	N	0.0	38.001617	-121.754408
84503	21513216	2023-03-08T21:31:00	4	W	34.105	37.940655	-121.739953
84584	21513361	2023-03-09T00:29:00	24	W	5.4	37.868261	-122.200872
84823	21513736	2023-03-09T08:07:00	24	W	11.1	37.895372	-122.113724
84861	21513801	2023-03-09T08:34:00	4	E	16.604	38.013625	-121.996839
84974	21513950	2023-03-09T09:52:00	80	W	17.4	37.952263	-122.327903
84987	21513968	2023-03-09T10:03:00	4	E	12.358	37.994341	-122.070209
84996	21513982	2023-03-09T10:16:00	4	E	18.134	38.023689	-121.972104
85177	21514237	2023-03-09T12:56:00	4	W	0.743	38.013479	-122.259298
85185	21514248	2023-03-09T12:58:00	24	E	13.5	37.892761	-122.064902
85191	21514256	2023-03-09T13:07:00	680	N	46.316	37.905243	-122.069406
85192	21514257	2023-03-09T13:06:00	4	E	18.134	38.023689	-121.972104
85193	21514258	2023-03-09T13:03:00	4	E	13.332	38.000576	-122.054088
85200	21514268	2023-03-09T13:10:00	80	E	28.1	38.069722	-122.226905
85224	21514299	2023-03-09T13:25:00	80	E	28.1	38.069722	-122.226905
85239	21514325	2023-03-09T13:36:00	680	S	41.829	37.852397	-122.029072
85242	21514333	2023-03-09T13:41:00	24	W	3.7	37.851328	-122.222873
85260	21514356	2023-03-09T13:49:00	80	E	19.8	37.98325	-122.315941
85261	21514357	2023-03-09T13:48:00	24	W	2.5	37.849184	-122.242346
85286	21514390	2023-03-09T14:06:00	4	W	27.088	37.998416	-121.811661
85423	21514623	2023-03-09T15:40:00	680	N	57.433	38.042686	-122.121689
85440	21514644	2023-03-09T15:53:00	680	N	51.842	37.980369	-122.065426
85441	21514645	2023-03-09T15:50:00	680	N	51.842	37.980369	-122.065426
85450	21514657	2023-03-09T15:59:00	680	N	45.856	37.898794	-122.070698
85452	21514659	2023-03-09T15:56:00	680	N	45.856	37.898794	-122.070698
85474	21514703	2023-03-09T16:10:00	580	W	67.8	37.926369	-122.364869
85475	21514704	2023-03-09T16:05:00	580	W	67.8	37.926369	-122.364869
85481	21514712	2023-03-09T16:18:00	680	N	29.207	37.69603	-121.920605
85492	21514729	2023-03-09T16:17:00	4	E	32.916	37.957212	-121.744885
85531	21514785	2023-03-09T16:39:00	4	W	32.215	37.966301	-121.739069
85536	21514797	2023-03-09T16:43:00	4	W	28.794	37.995591	-121.780403
85589	21514867	2023-03-09T17:09:00	24	E	5.7	37.868546	-122.194784
85621	21514916	2023-03-09T17:28:00	80	W	20.7	37.992603	-122.306302
85622	21514917	2023-03-09T17:27:00	80	W	18.4	37.964627	-122.325422
85638	21514947	2023-03-09T17:34:00	4	W	4.968	38.016331	-122.186186
85654	21514975	2023-03-09T17:47:00	4	W	2.777	38.009209	-122.223901
85679	21515007	2023-03-09T17:58:00	80	W	11.0	37.864609	-122.303227
85681	21515009	2023-03-09T17:56:00	80	W	11.0	37.864609	-122.303227
85708	21515044	2023-03-09T18:13:00	24	W	5.7	37.868105	-122.195924
85710	21515046	2023-03-09T18:11:00	80	W	18.4	37.964627	-122.325422
85770	21515143	2023-03-09T18:43:00	4	E	3.537	38.007701	-122.21057
85774	21515153	2023-03-09T18:54:00	80	E	29.4	38.08791	-122.231755
85777	21515156	2023-03-09T18:51:00	80	E	29.4	38.08791	-122.231755
85800	21515198	2023-03-09T19:03:00	4	E	11.91	37.991775	-122.077885
85801	21515205	2023-03-09T19:10:00	680	N	48.56	37.936454	-122.060091
85823	21515241	2023-03-09T19:23:00	4	W	18.391	38.023255	-121.966585
85832	21515252	2023-03-09T19:33:00	80	W	29.5	38.08873	-122.231771
85841	21515265	2023-03-09T19:42:00	4	W	27.088	37.998417	-121.81166
85944	21515449	2023-03-09T21:12:00	80	E	26.7	38.051224	-122.229366
85988	21515519	2023-03-09T21:48:00	24	E	4.5	37.858644	-122.212162
86001	21515544	2023-03-09T22:05:00	24	E	5.4	37.867235	-122.201026
86086	21515728	2023-03-10T00:47:00	680	N	58.663	38.059332	-122.130402
86090	21515734	2023-03-10T00:58:00	80	E	10.9	37.863935	-122.302816
86100	21515750	2023-03-10T01:09:00	24	E	6.4	37.874851	-122.18658
86979	21517320	2023-03-10T14:50:00	4	W	1.147	38.014414	-122.25234
86980	21517321	2023-03-10T14:49:00	80	W	30.0	38.095726	-122.229909
86991	21517335	2023-03-10T14:56:00	4	E	14.23	38.004458	-122.038839
86992	21517336	2023-03-10T14:55:00	4	E	14.23	38.004458	-122.038839
87420	21517944	2023-03-10T19:13:00	580	W	64.8	37.908665	-122.320973
87451	21518006	2023-03-10T19:45:00	80	E	16.5	37.94046	-122.324391
87452	21518007	2023-03-10T19:42:00	24	E	8.1	37.892634	-122.165653
87646	21518314	2023-03-10T23:24:00	80	E	12.1	37.881746	-122.307966
87650	21518320	2023-03-10T23:30:00	80	W	12.1	37.881911	-122.308246
87651	21518321	2023-03-10T23:29:00	4	W	4.968	38.016331	-122.186186
87725	21518445	2023-03-11T01:04:00	680	N	47.56	37.922044	-122.061426
87757	21518495	2023-03-11T01:55:00	4	E	18.134	38.023689	-121.972104
88055	21518987	2023-03-11T09:19:00	680	S	44.891	37.889558	-122.058503
88069	21519008	2023-03-11T09:30:00	4	W	18.744	38.022038	-121.960192
88084	21519033	2023-03-11T09:46:00	4	E	19.485	38.018836	-121.948032
88114	21519086	2023-03-11T10:18:00	680	S	37.987	37.80853	-121.991808
88115	21519087	2023-03-11T10:17:00	242	S	2.2	37.985937	-122.041056
88116	21519088	2023-03-11T10:14:00	80	W	17.9	37.959772	-122.330645
88158	21519148	2023-03-11T10:52:00	24	W	2.7	37.850042	-122.238377
88183	21519186	2023-03-11T11:15:00	24	W	14.0	37.908558	-122.068713
88184	21519187	2023-03-11T11:14:00	24	W	12.9	37.897483	-122.081196
88212	21519225	2023-03-11T11:43:00	80	E	21.2	37.993899	-122.297627
88214	21519227	2023-03-11T11:40:00	80	E	28.3	38.07247	-122.228965
88215	21519228	2023-03-11T11:39:00	80	E	29.4	38.08791	-122.231755
88220	21519235	2023-03-11T11:45:00	24	W	5.1	37.86612	-122.206946
88228	21519244	2023-03-11T11:52:00	680	S	44.498	37.884476	-122.05416
88239	21519258	2023-03-11T11:56:00	80	E	17.4	37.952867	-122.327994
88262	21519293	2023-03-11T12:16:00	24	W	7.1	37.88436	-122.179679
88323	21519390	2023-03-11T13:04:00	24	W	8.9	37.891793	-122.151758
88345	21519419	2023-03-11T13:19:00	160	S	0.0	37.99749	-121.755727
88371	21519457	2023-03-11T13:38:00	4	W	9.11	37.992411	-122.125089
88531	21519739	2023-03-11T16:04:00	80	E	12.1	37.881746	-122.307966
88532	21519740	2023-03-11T16:03:00	4	W	5.636	38.013022	-122.17456
88539	21519756	2023-03-11T16:16:00	24	W	8.1	37.892846	-122.166865
88540	21519757	2023-03-11T16:14:00	24	E	6.4	37.874851	-122.18658
88550	21519780	2023-03-11T16:30:00	680	S	47.508	37.920636	-122.062281
88572	21519812	2023-03-11T16:43:00	680	N	41.97	37.854862	-122.029221
88585	21519835	2023-03-11T17:02:00	24	E	10.4	37.892862	-122.125001
88593	21519845	2023-03-11T17:03:00	24	W	9.3	37.891488	-122.145486
88618	21519884	2023-03-11T17:32:00	4	W	5.636	38.013022	-122.17456
88627	21519900	2023-03-11T17:41:00	680	N	48.56	37.936454	-122.060091
88637	21519916	2023-03-11T17:51:00	24	E	12.8	37.897394	-122.081878
88642	21519927	2023-03-11T17:56:00	680	S	45.035	37.890801	-122.060828
88657	21519953	2023-03-11T18:07:00	680	S	29.242	37.696595	-121.921082
88669	21519971	2023-03-11T18:21:00	680	N	56.193	38.026944	-122.114167
88670	21519972	2023-03-11T18:20:00	4	E	14.23	38.004458	-122.038839
88683	21520000	2023-03-11T18:35:00	24	W	12.4	37.898073	-122.09004
88687	21520008	2023-03-11T18:38:00	80	E	29.7	38.091861	-122.230205
88695	21520031	2023-03-11T19:01:00	4	E	4.864	38.01589	-122.188886
88696	21520032	2023-03-11T19:00:00	680	N	53.148	37.997676	-122.073548
88715	21520067	2023-03-11T19:21:00	24	W	4.5	37.858736	-122.212489
88726	21520089	2023-03-11T19:30:00	680	N	47.56	37.922044	-122.061426
88733	21520099	2023-03-11T19:35:00	680	S	44.498	37.884476	-122.05416
88743	21520121	2023-03-11T19:48:00	4	E	24.198	38.01073	-121.863155
88749	21520129	2023-03-11T19:56:00	24	E	8.5	37.892591	-122.159524
88843	21520298	2023-03-11T22:03:00	24	W	5.4	37.868261	-122.200872
88872	21520353	2023-03-11T22:41:00	24	W	5.4	37.868261	-122.200872
90073	21522350	2023-03-13T01:24:00	80	W	14.6	37.914584	-122.317505
90076	21522356	2023-03-13T01:28:00	24	W	7.6	37.890168	-122.174599
90158	21522508	2023-03-13T05:58:00	24	W	5.1	37.86612	-122.206946
90167	21522522	2023-03-13T06:03:00	242	S	2.0	37.983275	-122.041624
90171	21522528	2023-03-13T06:14:00	24	W	5.1	37.86612	-122.206946
90751	21523412	2023-03-13T14:02:00	80	E	28.1	38.069178	-122.226636
90831	21523519	2023-03-13T14:51:00	4	W	10.375	37.993538	-122.10464
90832	21523520	2023-03-13T14:50:00	680	N	52.53	37.990271	-122.06743
90875	21523582	2023-03-13T15:21:00	80	W	15.9	37.93162	-122.325372
90885	21523594	2023-03-13T15:24:00	80	W	14.6	37.914584	-122.317505
90903	21523623	2023-03-13T15:35:00	242	N	1.9	37.98069	-122.042276
90926	21523658	2023-03-13T15:53:00	4	E	23.108	38.015064	-121.882403
90928	21523660	2023-03-13T15:50:00	4	E	23.108	38.015064	-121.882403
91017	21523790	2023-03-13T16:44:00	80	E	27.5	38.060831	-122.225101
91032	21523810	2023-03-13T16:53:00	680	N	41.658	37.850611	-122.028596
91081	21523878	2023-03-13T17:25:00	680	N	46.181	37.903398	-122.069808
91083	21523880	2023-03-13T17:23:00	4	W	20.036	38.019101	-121.937152
91178	21524020	2023-03-13T18:36:00	4	W	15.413	38.010708	-122.017546
91179	21524021	2023-03-13T18:35:00	4	E	32.346	37.964821	-121.740553
91180	21524022	2023-03-13T18:32:00	4	W	15.413	38.010708	-122.017546
91404	21524436	2023-03-14T01:49:00	242	S	0.3	37.96009	-122.051906
91456	21524547	2023-03-14T05:30:00	4	W	16.263	38.013095	-122.001843
91531	21524657	2023-03-14T06:42:00	80	W	22.2	38.00178	-122.281783
91532	21524658	2023-03-14T06:41:00	80	E	12.3	37.884747	-122.308659
91563	21524701	2023-03-14T07:03:00	80	W	21.3	37.994255	-122.296122
91598	21524766	2023-03-14T07:30:00	80	E	19.0	37.971598	-122.319869
91608	21524779	2023-03-14T07:35:00	4	W	13.715	38.002816	-122.046293
91614	21524789	2023-03-14T07:41:00	80	E	28.7	38.077469	-122.233727
91616	21524791	2023-03-14T07:39:00	80	E	28.7	38.077469	-122.233727
91647	21524841	2023-03-14T08:01:00	80	W	13.1	37.895221	-122.308233
91656	21524855	2023-03-14T08:06:00	80	E	13.3	37.898081	-122.309198
91657	21524856	2023-03-14T08:05:00	80	W	13.1	37.895221	-122.308233
91659	21524858	2023-03-14T08:03:00	80	E	13.3	37.898081	-122.309198
91694	21524914	2023-03-14T08:27:00	4	E	2.405	38.01046	-122.230175
91702	21524928	2023-03-14T08:41:00	80	E	18.9	37.969909	-122.320442
91722	21524958	2023-03-14T08:53:00	160	N	0.7	38.015558	-121.751468
91756	21525008	2023-03-14T09:11:00	4	E	9.228	37.99293	-122.123639
91777	21525040	2023-03-14T09:23:00	4	W	14.148	38.000947	-122.037852
91926	21525293	2023-03-14T11:18:00	24	E	11.7	37.8969	-122.101841
91948	21525336	2023-03-14T11:40:00	680	N	50.46	37.962458	-122.053879
91955	21525351	2023-03-14T11:46:00	580	E	72.3	37.935043	-122.444523
91963	21525364	2023-03-14T11:49:00	24	W	5.1	37.86612	-122.206946
92028	21525471	2023-03-14T12:31:00	580	E	72.3	37.935043	-122.444523
92054	21525519	2023-03-14T12:50:00	680	S	31.172	37.72093	-121.938362
92102	21525610	2023-03-14T13:21:00	4	W	0.254	38.01621	-122.267711
92120	21525649	2023-03-14T13:36:00	4	W	19.521	38.019089	-121.946589
92157	21525712	2023-03-14T13:57:00	80	E	29.1	38.082991	-122.233205
92159	21525714	2023-03-14T13:51:00	24	E	13.0	37.89613	-122.077913
92178	21525742	2023-03-14T14:08:00	4	E	0.115	38.013592	-122.271176
92186	21525757	2023-03-14T14:13:00	680	S	38.395	37.81494	-121.993459
92226	21525821	2023-03-14T14:24:00	4	E	9.228	37.99293	-122.123639
92252	21525865	2023-03-14T14:45:00	24	E	5.4	37.867235	-122.201026
92278	21525909	2023-03-14T15:01:00	4	E	19.751	38.018741	-121.942884
92300	21525941	2023-03-14T15:12:00	580	W	72.2	37.935097	-122.444517
92354	21526046	2023-03-14T15:41:00	4	E	30.995	37.982313	-121.746896
92381	21526087	2023-03-14T16:08:00	580	E	64.3	37.901366	-122.315167
92390	21526101	2023-03-14T16:12:00	242	N	2.1	37.98392	-122.041279
92683	21526568	2023-03-14T19:15:00	80	W	11.3	37.869523	-122.304749
92725	21526639	2023-03-14T19:53:00	4	W	24.061	38.011402	-121.864671
93603	21527865	2023-03-15T07:37:00	580	W	74.1	37.942605	-122.477717
93620	21527892	2023-03-15T07:55:00	242	N	2.1	37.98392	-122.041279
93710	21528017	2023-03-15T08:42:00	4	E	19.751	38.018741	-121.942884
93717	21528030	2023-03-15T08:49:00	4	E	22.429	38.017951	-121.894061
94101	21528587	2023-03-15T13:01:00	4	W	20.036	38.019101	-121.937152
94112	21528600	2023-03-15T13:03:00	680	S	29.242	37.696595	-121.921082
94169	21528681	2023-03-15T13:43:00	680	S	29.137	37.694397	-121.920222
94178	21528693	2023-03-15T13:47:00	242	N	2.8	37.993791	-122.039167
94179	21528694	2023-03-15T13:44:00	4	W	20.036	38.019101	-121.937152
94208	21528733	2023-03-15T14:03:00	580	E	70.4	37.932711	-122.40954
94215	21528743	2023-03-15T14:13:00	4	E	8.677	37.989925	-122.133315
94235	21528769	2023-03-15T14:16:00	80	E	20.6	37.99184	-122.307909
94253	21528797	2023-03-15T14:35:00	4	W	22.348	38.018567	-121.895066
94285	21528846	2023-03-15T15:03:00	4	W	22.348	38.018567	-121.895066
94335	21528913	2023-03-15T15:38:00	680	N	28.436	37.685932	-121.916638
94360	21528946	2023-03-15T15:47:00	80	E	16.5	37.94046	-122.324391
94361	21528947	2023-03-15T15:46:00	80	E	16.5	37.94046	-122.324391
94380	21528974	2023-03-15T15:59:00	680	N	46.181	37.903398	-122.069808
94381	21528975	2023-03-15T15:57:00	680	N	46.181	37.903398	-122.069808
94399	21528996	2023-03-15T16:07:00	80	W	22.2	38.00178	-122.281783
94431	21529050	2023-03-15T16:25:00	4	E	28.348	37.996773	-121.789698
94616	21529326	2023-03-15T18:37:00	24	E	2.7	37.849799	-122.238351
94617	21529327	2023-03-15T18:35:00	80	E	19.4	37.976599	-122.316855
94623	21529335	2023-03-15T18:43:00	80	E	19.4	37.976599	-122.316855
94656	21529393	2023-03-15T19:17:00	680	N	53.878	38.005573	-122.082507
94657	21529394	2023-03-15T19:15:00	680	S	35.873	37.780831	-121.97722
94665	21529409	2023-03-15T19:24:00	24	W	12.4	37.898073	-122.09004
94666	21529416	2023-03-15T19:31:00	4	W	20.036	38.019101	-121.937152
94931	21529881	2023-03-16T04:23:00	4	W	13.715	38.002816	-122.046293
95004	21530005	2023-03-16T06:28:00	4	E	18.134	38.023689	-121.972104
95005	21530006	2023-03-16T06:25:00	4	E	18.134	38.023689	-121.972104
95011	21530022	2023-03-16T06:35:00	680	N	56.193	38.026944	-122.114167
95066	21530110	2023-03-16T07:14:00	4	E	10.42	37.993192	-122.104465
95389	21530584	2023-03-16T12:26:00	680	S	44.891	37.889558	-122.058503
95400	21530601	2023-03-16T12:35:00	580	W	66.2	37.921561	-122.337956
95431	21530638	2023-03-16T13:02:00	24	W	14.0	37.908558	-122.068713
95466	21530681	2023-03-16T13:24:00	4	W	28.794	37.995591	-121.780403
95641	21530931	2023-03-16T15:21:00	80	W	15.6	37.927978	-122.32287
95642	21530932	2023-03-16T15:18:00	80	E	21.5	37.99478	-122.291239
95665	21530964	2023-03-16T15:34:00	80	W	19.1	37.972883	-122.319635
95666	21530965	2023-03-16T15:32:00	80	W	18.9	37.970799	-122.320338
95695	21531010	2023-03-16T15:55:00	580	E	68.3	37.927039	-122.373078
95714	21531042	2023-03-16T16:10:00	24	E	6.6	37.87735	-122.184078
95724	21531054	2023-03-16T16:17:00	680	N	49.937	37.955453	-122.053356
95735	21531070	2023-03-16T16:28:00	680	N	49.414	37.948301	-122.056705
95765	21531108	2023-03-16T16:40:00	680	N	49.414	37.948301	-122.056705
95772	21531117	2023-03-16T16:46:00	80	W	24.3	38.025745	-122.259506
95773	21531118	2023-03-16T16:45:00	80	W	25.9	38.043044	-122.241306
95780	21531129	2023-03-16T16:54:00	242	N	2.8	37.993791	-122.039167
95781	21531130	2023-03-16T16:52:00	242	N	2.8	37.993791	-122.039167
95782	21531131	2023-03-16T16:51:00	242	N	2.8	37.993791	-122.039167
95882	21531265	2023-03-16T17:40:00	80	E	21.5	37.99478	-122.291239
95930	21531337	2023-03-16T18:17:00	80	W	23.7	38.018484	-122.266235
95935	21531345	2023-03-16T18:20:00	4	E	16.999	38.016763	-121.990745
95943	21531356	2023-03-16T18:23:00	4	W	16.263	38.013095	-122.001843
95953	21531368	2023-03-16T18:28:00	80	E	29.1	38.082991	-122.233205
95962	21531383	2023-03-16T18:43:00	4	E	16.999	38.016763	-121.990745
95963	21531384	2023-03-16T18:41:00	80	E	19.8	37.98325	-122.315941
95964	21531385	2023-03-16T18:40:00	680	N	45.856	37.898794	-122.070698
95971	21531392	2023-03-16T18:49:00	680	N	45.856	37.898794	-122.070698
96025	21531474	2023-03-16T19:40:00	242	N	2.6	37.991325	-122.039692
96120	21531649	2023-03-16T21:47:00	24	W	3.2	37.849697	-122.230323
96121	21531651	2023-03-16T21:49:00	24	W	3.2	37.849697	-122.230323
96134	21531673	2023-03-16T22:05:00	4	W	18.122	38.023975	-121.971031
96138	21531677	2023-03-16T22:09:00	80	E	13.3	37.898081	-122.309198
96281	21531932	2023-03-17T04:48:00	24	W	5.1	37.86612	-122.206946
96431	21532157	2023-03-17T07:35:00	4	W	12.505	37.995823	-122.066438
96469	21532215	2023-03-17T08:05:00	680	S	47.694	37.923282	-122.061272
96492	21532252	2023-03-17T08:24:00	4	W	12.505	37.995823	-122.066438
96663	21532475	2023-03-17T10:30:00	80	W	12.1	37.881911	-122.308246
96695	21532515	2023-03-17T10:55:00	4	W	27.661	37.998404	-121.801574
96841	21532721	2023-03-17T12:58:00	24	E	3.6	37.850088	-122.223172
96843	21532723	2023-03-17T12:56:00	24	E	3.6	37.850088	-122.223172
96899	21532816	2023-03-17T13:47:00	580	W	64.8	37.908665	-122.320973
96915	21532838	2023-03-17T13:54:00	4	W	32.215	37.966301	-121.739069
96977	21532939	2023-03-17T14:42:00	24	W	3.2	37.849697	-122.230323
96992	21532959	2023-03-17T14:56:00	4	E	10.822	37.990649	-122.097279
97514	21533755	2023-03-17T21:21:00	4	E	28.348	37.996773	-121.789698
97682	21534061	2023-03-18T02:51:00	24	E	5.1	37.865846	-122.207047
97691	21534071	2023-03-18T02:55:00	24	E	6.4	37.874851	-122.18658
97737	21534143	2023-03-18T04:46:00	80	E	10.9	37.863935	-122.302816
97755	21534175	2023-03-18T05:31:00	4	W	24.061	38.011402	-121.864671
97778	21534224	2023-03-18T06:44:00	4	W	19.521	38.019089	-121.946589
97782	21534233	2023-03-18T06:53:00	4	E	12.562	37.995586	-122.066559
97876	21534388	2023-03-18T09:06:00	80	E	15.7	37.930097	-122.324016
97888	21534401	2023-03-18T09:16:00	580	W	67.1	37.921855	-122.354109
97905	21534426	2023-03-18T09:28:00	80	W	17.4	37.952263	-122.327903
97921	21534453	2023-03-18T09:47:00	80	W	16.5	37.940155	-122.324756
97937	21534478	2023-03-18T10:06:00	580	E	67.2	37.921658	-122.353789
97939	21534480	2023-03-18T10:03:00	4	E	22.429	38.017951	-121.894061
97949	21534496	2023-03-18T10:10:00	580	E	72.3	37.935043	-122.444523
97963	21534517	2023-03-18T10:24:00	680	S	40.301	37.836427	-122.011894
97973	21534533	2023-03-18T10:33:00	4	E	15.58	38.010574	-122.015485
97974	21534534	2023-03-18T10:31:00	680	N	50.46	37.962458	-122.053879
98518	21535329	2023-03-18T18:07:00	4	E	9.058	37.991473	-122.12634
98520	21535331	2023-03-18T18:09:00	4	E	9.058	37.991473	-122.12634
98545	21535374	2023-03-18T18:40:00	680	S	51.349	37.97324	-122.062065
98551	21535381	2023-03-18T18:42:00	242	S	0.2	37.956956	-122.053305
98916	21535988	2023-03-19T05:42:00	680	N	39.258	37.827317	-121.997036
98920	21535992	2023-03-19T05:48:00	580	W	74.1	37.942605	-122.477717
98921	21535993	2023-03-19T05:47:00	24	E	9.0	37.891181	-122.150167
98983	21536089	2023-03-19T07:46:00	680	N	42.845	37.865358	-122.03765
98991	21536100	2023-03-19T07:58:00	680	N	42.444	37.861176	-122.032978
99004	21536116	2023-03-19T08:13:00	4	W	20.036	38.019101	-121.937152
99009	21536123	2023-03-19T08:16:00	4	W	18.744	38.022038	-121.960192
99010	21536124	2023-03-19T08:15:00	680	N	52.53	37.990271	-122.06743
99061	21536217	2023-03-19T09:34:00	242	N	0.8	37.96661	-122.048744
99072	21536233	2023-03-19T09:52:00	680	S	44.891	37.889558	-122.058503
99073	21536234	2023-03-19T09:51:00	80	E	19.0	37.971598	-122.319869
99074	21536235	2023-03-19T09:49:00	680	S	43.021	37.866847	-122.039129
99077	21536244	2023-03-19T10:03:00	4	E	33.804	37.943992	-121.742118
99078	21536245	2023-03-19T10:01:00	80	E	23.1	38.011875	-122.272168
99079	21536246	2023-03-19T10:00:00	80	E	12.3	37.884747	-122.308659
99085	21536259	2023-03-19T10:07:00	4	W	16.962	38.017386	-121.990427
99130	21536323	2023-03-19T10:52:00	80	E	23.7	38.018239	-122.266264
99136	21536331	2023-03-19T10:53:00	24	E	10.4	37.892862	-122.125001
99140	21536338	2023-03-19T11:00:00	24	W	5.7	37.868105	-122.195924
99143	21536342	2023-03-19T11:08:00	24	E	12.8	37.897394	-122.081878
99155	21536362	2023-03-19T11:18:00	680	N	45.856	37.898794	-122.070698
99176	21536391	2023-03-19T11:38:00	24	E	11.7	37.8969	-122.101841
99181	21536398	2023-03-19T10:32:00	4	W	1.147	38.014414	-122.25234
99193	21536415	2023-03-19T11:56:00	80	E	12.1	37.881746	-122.307966
99199	21536423	2023-03-19T12:04:00	24	E	5.4	37.867235	-122.201026
99205	21536435	2023-03-19T12:05:00	80	E	13.3	37.898081	-122.309198
99208	21536440	2023-03-19T12:08:00	80	E	11.7	37.874502	-122.306023
99230	21536477	2023-03-19T12:32:00	24	E	6.6	37.87735	-122.184078
99252	21536518	2023-03-19T13:05:00	4	E	31.52	37.975972	-121.74242
99332	21536631	2023-03-19T14:14:00	242	S	2.9	37.994816	-122.039153
99352	21536662	2023-03-19T14:27:00	80	W	19.6	37.979573	-122.317375
99357	21536672	2023-03-19T14:35:00	80	W	11.3	37.869523	-122.304749
99358	21536673	2023-03-19T14:34:00	80	W	11.3	37.869523	-122.304749
99377	21536705	2023-03-19T14:56:00	680	N	58.663	38.059332	-122.130402
99381	21536710	2023-03-19T15:00:00	24	E	6.6	37.87735	-122.184078
99392	21536723	2023-03-19T15:13:00	24	W	5.1	37.86612	-122.206946
99393	21536724	2023-03-19T15:10:00	80	E	18.4	37.96469	-122.324915
99397	21536732	2023-03-19T15:17:00	24	W	5.1	37.86612	-122.206946
99404	21536741	2023-03-19T15:21:00	80	W	19.6	37.979573	-122.317375
99410	21536751	2023-03-19T15:23:00	580	E	72.3	37.935043	-122.444523
99414	21536757	2023-03-19T15:30:00	580	E	65.5	37.915427	-122.326949
99418	21536762	2023-03-19T15:33:00	80	W	18.4	37.964627	-122.325422
99455	21536821	2023-03-19T16:04:00	4	W	9.11	37.992411	-122.125089
99513	21536906	2023-03-19T16:40:00	24	E	12.6	37.897802	-122.085
99533	21536939	2023-03-19T17:09:00	80	W	22.8	38.008424	-122.275602
99540	21536948	2023-03-19T17:18:00	24	E	8.5	37.892591	-122.159524
99561	21536980	2023-03-19T17:42:00	680	N	56.303	38.027878	-122.1155
99565	21536988	2023-03-19T17:46:00	680	S	44.891	37.889558	-122.058503
99615	21537065	2023-03-19T18:34:00	24	E	8.5	37.892591	-122.159524
99708	21537226	2023-03-19T21:02:00	24	E	12.8	37.897394	-122.081878
99715	21537236	2023-03-19T21:04:00	80	E	14.8	37.917301	-122.317317
99740	21537281	2023-03-19T21:40:00	80	E	13.3	37.898081	-122.309198
99751	21537297	2023-03-19T21:55:00	4	E	8.677	37.989925	-122.133315
99758	21537312	2023-03-19T22:05:00	24	W	5.1	37.86612	-122.206946
100028	21537772	2023-03-20T07:27:00	680	S	48.324	37.932715	-122.060323
100044	21537801	2023-03-20T07:41:00	80	E	14.8	37.917301	-122.317317
100045	21537802	2023-03-20T07:40:00	4	W	24.061	38.011402	-121.864671
100220	21538046	2023-03-20T09:52:00	242	S	0.2	37.956956	-122.053305
100223	21538052	2023-03-20T09:58:00	680	N	41.473	37.847983	-122.027629
100227	21538058	2023-03-20T10:04:00	80	E	26.4	38.048149	-122.233775
100234	21538069	2023-03-20T10:11:00	4	W	35.226	37.925219	-121.732746
100315	21538205	2023-03-20T11:45:00	680	N	46.866	37.912775	-122.06692
100340	21538237	2023-03-20T12:07:00	680	S	39.773	37.8317	-122.004258
100376	21538289	2023-03-20T12:42:00	4	E	32.346	37.964821	-121.740553
100560	21538549	2023-03-20T15:13:00	4	E	32.346	37.964821	-121.740553
100570	21538562	2023-03-20T15:15:00	80	E	14.1	37.907164	-122.314949
100571	21538563	2023-03-20T15:11:00	80	E	14.1	37.907164	-122.314949
100638	21538656	2023-03-20T16:04:00	80	E	15.7	37.930097	-122.324016
100639	21538657	2023-03-20T16:03:00	580	W	68.2	37.927221	-122.37295
100640	21538658	2023-03-20T16:01:00	80	E	28.1	38.069722	-122.226905
100670	21538699	2023-03-20T16:27:00	4	W	28.469	37.996589	-121.786913
100763	21538832	2023-03-20T17:44:00	4	E	15.58	38.010574	-122.015485
100764	21538833	2023-03-20T17:42:00	4	E	15.58	38.010574	-122.015485
100836	21538943	2023-03-20T18:54:00	680	S	49.236	37.945369	-122.058286
100863	21538985	2023-03-20T19:39:00	4	W	24.061	38.011402	-121.864671
100872	21539000	2023-03-20T19:44:00	680	S	46.565	37.908558	-122.068713
100893	21539036	2023-03-20T20:17:00	4	E	8.677	37.989925	-122.133315
100939	21539118	2023-03-20T21:32:00	24	W	8.1	37.892846	-122.166865
101005	21539230	2023-03-21T00:24:00	24	E	11.7	37.8969	-122.101841
101006	21539231	2023-03-21T00:23:00	24	E	12.8	37.897394	-122.081878
101017	21539250	2023-03-21T01:03:00	4	W	19.828	38.019102	-121.940875
101126	21539408	2023-03-21T04:54:00	4	W	16.263	38.013095	-122.001843
101398	21539789	2023-03-21T08:22:00	80	W	14.1	37.907481	-122.315399
101399	21539791	2023-03-21T08:18:00	80	W	14.1	37.907481	-122.315399
101436	21539849	2023-03-21T08:38:00	580	E	69.6	37.932344	-122.394464
101444	21539862	2023-03-21T08:47:00	24	E	10.4	37.892862	-122.125001
101445	21539863	2023-03-21T08:45:00	24	E	10.4	37.892862	-122.125001
101495	21539930	2023-03-21T09:11:00	242	N	3.6	38.008166	-122.030414
101511	21539947	2023-03-21T09:16:00	242	S	2.0	37.983275	-122.041624
101512	21539948	2023-03-21T09:14:00	242	S	2.0	37.983275	-122.041624
101532	21539976	2023-03-21T09:26:00	680	N	56.193	38.026944	-122.114167
101533	21539977	2023-03-21T09:24:00	80	E	28.7	38.076638	-122.231967
101571	21540033	2023-03-21T09:51:00	4	W	29.694	37.991686	-121.765042
101601	21540067	2023-03-21T10:04:00	680	S	57.439	38.041822	-122.124098
101610	21540078	2023-03-21T10:09:00	680	N	46.866	37.912775	-122.06692
101667	21540150	2023-03-21T10:41:00	4	E	16.282	38.012596	-122.002277
101680	21540165	2023-03-21T10:46:00	4	E	14.23	38.004458	-122.038839
101718	21540213	2023-03-21T11:07:00	80	W	18.9	37.970799	-122.320338
101719	21540214	2023-03-21T11:06:00	4	W	14.148	38.000947	-122.037852
101720	21540215	2023-03-21T11:05:00	80	E	25.8	38.042706	-122.24148
101722	21540217	2023-03-21T10:58:00	4	W	25.717	38.003464	-121.835484
101739	21540238	2023-03-21T11:10:00	4	E	25.929	38.002351	-121.832686
101771	21540276	2023-03-21T11:33:00	24	E	5.1	37.865846	-122.207047
101772	21540277	2023-03-21T11:32:00	80	E	22.1	38.00026	-122.282937
101782	21540290	2023-03-21T11:34:00	4	W	2.777	38.009209	-122.223901
101811	21540327	2023-03-21T11:51:00	680	S	57.439	38.041468	-122.123672
101824	21540343	2023-03-21T11:55:00	80	W	21.3	37.994255	-122.296122
101845	21540367	2023-03-21T12:03:00	4	W	22.348	38.018567	-121.895066
101859	21540388	2023-03-21T12:13:00	80	W	29.3	38.085969	-122.232797
101876	21540410	2023-03-21T12:24:00	80	E	29.4	38.08791	-122.231755
101877	21540411	2023-03-21T12:21:00	580	E	69.6	37.932344	-122.394464
101887	21540422	2023-03-21T12:30:00	4	W	23.37	38.013977	-121.876289
102046	21540698	2023-03-21T14:22:00	4	E	18.134	38.023689	-121.972104
102048	21540700	2023-03-21T14:17:00	4	W	9.11	37.992411	-122.125089
102081	21540751	2023-03-21T14:40:00	4	W	4.464	38.014135	-122.19433
102204	21540924	2023-03-21T15:51:00	680	S	46.051	37.900879	-122.070658
102283	21541040	2023-03-21T16:33:00	4	E	15.58	38.010574	-122.015485
102294	21541055	2023-03-21T16:38:00	24	E	6.4	37.874851	-122.18658
102346	21541130	2023-03-21T17:01:00	24	E	6.6	37.87735	-122.184078
102598	21541502	2023-03-21T19:30:00	680	N	37.79	37.806862	-121.990775
102616	21541528	2023-03-21T19:45:00	680	N	37.79	37.806862	-121.990775
102644	21541574	2023-03-21T20:11:00	4	E	13.969	38.003358	-122.042918
102645	21541576	2023-03-21T20:13:00	4	E	13.969	38.003358	-122.042918
102704	21541672	2023-03-21T21:00:00	24	W	11.1	37.895372	-122.113724
102730	21541718	2023-03-21T21:27:00	580	E	74.2	37.942595	-122.47827
102731	21541720	2023-03-21T21:24:00	24	W	8.1	37.892846	-122.166865
102740	21541730	2023-03-21T21:29:00	80	W	11.0	37.864609	-122.303227
102745	21541739	2023-03-21T21:34:00	80	W	21.3	37.994255	-122.296122
102754	21541749	2023-03-21T21:39:00	80	W	19.8	37.983048	-122.316402
102760	21541757	2023-03-21T21:46:00	24	E	6.4	37.874851	-122.18658
102761	21541758	2023-03-21T21:45:00	80	W	20.7	37.992603	-122.306302
102763	21541760	2023-03-21T21:42:00	80	W	20.3	37.989215	-122.312635
102785	21541796	2023-03-21T22:07:00	680	S	35.873	37.780831	-121.97722
102795	21541807	2023-03-21T22:11:00	4	E	19.485	38.018836	-121.948032
102815	21541837	2023-03-21T22:35:00	680	N	53.878	38.005573	-122.082507
102816	21541838	2023-03-21T22:33:00	80	E	20.6	37.99184	-122.307909
102827	21541854	2023-03-21T22:45:00	24	E	11.7	37.8969	-122.101841
102834	21541863	2023-03-21T22:55:00	4	E	28.348	37.996773	-121.789698
102835	21541864	2023-03-21T22:54:00	24	W	11.1	37.895372	-122.113724
102846	21541878	2023-03-21T22:59:00	24	W	5.0	37.864109	-122.209158
103141	21542312	2023-03-22T06:04:00	24	E	10.4	37.892862	-122.125001
103142	21542313	2023-03-22T06:02:00	24	E	10.4	37.892862	-122.125001
103165	21542345	2023-03-22T06:19:00	580	E	67.2	37.921658	-122.353789
103175	21542364	2023-03-22T06:27:00	24	E	10.4	37.892862	-122.125001
103176	21542365	2023-03-22T06:25:00	24	E	10.4	37.892862	-122.125001
103200	21542405	2023-03-22T06:47:00	580	E	67.2	37.921658	-122.353789
103201	21542406	2023-03-22T06:46:00	80	E	28.1	38.069178	-122.226636
103210	21542419	2023-03-22T06:54:00	24	W	6.4	37.875588	-122.187732
103211	21542420	2023-03-22T06:52:00	24	W	6.4	37.875588	-122.187732
103217	21542430	2023-03-22T06:59:00	80	W	17.9	37.959772	-122.330645
103243	21542470	2023-03-22T07:10:00	4	W	4.968	38.016331	-122.186186
103260	21542494	2023-03-22T07:22:00	680	N	45.856	37.898794	-122.070698
103261	21542495	2023-03-22T07:21:00	580	W	65.8	37.919271	-122.331368
103269	21542508	2023-03-22T07:24:00	680	N	45.856	37.898794	-122.070698
103279	21542520	2023-03-22T07:32:00	24	E	2.7	37.849799	-122.238351
103281	21542522	2023-03-22T07:30:00	24	E	2.7	37.849799	-122.238351
103305	21542556	2023-03-22T07:49:00	680	N	45.856	37.898794	-122.070698
103306	21542557	2023-03-22T07:48:00	680	N	45.856	37.898794	-122.070698
103307	21542558	2023-03-22T07:46:00	680	S	52.9	37.994341	-122.070209
103308	21542559	2023-03-22T07:45:00	680	S	52.9	37.994341	-122.070209
103321	21542574	2023-03-22T07:51:00	580	W	70.0	37.932486	-122.403542
103336	21542598	2023-03-22T08:02:00	680	S	49.236	37.945369	-122.058286
103337	21542599	2023-03-22T08:01:00	680	S	49.236	37.945369	-122.058286
103348	21542614	2023-03-22T08:06:00	4	W	12.337	37.994782	-122.069526
103349	21542615	2023-03-22T08:05:00	4	W	12.337	37.994782	-122.069526
103401	21542691	2023-03-22T08:36:00	242	S	0.2	37.956956	-122.053305
103880	21543383	2023-03-22T14:27:00	580	W	63.4	37.891765	-122.308607
103935	21543461	2023-03-22T14:54:00	242	S	2.7	37.992591	-122.039625
104261	21543925	2023-03-22T18:26:00	680	S	51.885	37.980061	-122.065556
104273	21543943	2023-03-22T18:35:00	680	S	53.355	37.999523	-122.076105
104280	21543953	2023-03-22T18:42:00	4	E	19.751	38.018741	-121.942884
104367	21544098	2023-03-22T20:17:00	24	E	4.1	37.854646	-122.21709
104405	21544153	2023-03-22T21:03:00	580	E	66.3	37.921417	-122.338695
104409	21544161	2023-03-22T21:08:00	4	E	10.42	37.993192	-122.104465
104779	21544766	2023-03-23T08:08:00	80	E	24.0	38.022089	-122.262691
104780	21544767	2023-03-23T08:07:00	80	E	24.0	38.022089	-122.262691
104783	21544770	2023-03-23T08:03:00	80	E	12.1	37.881207	-122.307852
104816	21544820	2023-03-23T08:28:00	4	W	18.391	38.023255	-121.966585
104822	21544829	2023-03-23T08:33:00	680	S	48.324	37.932715	-122.060323
104829	21544839	2023-03-23T08:35:00	242	S	2.0	37.983275	-122.041624
104865	21544893	2023-03-23T08:59:00	4	W	16.263	38.013095	-122.001843
104873	21544914	2023-03-23T09:18:00	24	W	2.7	37.850042	-122.238377
104900	21544958	2023-03-23T09:41:00	242	S	2.0	37.983275	-122.041624
104910	21544973	2023-03-23T09:44:00	242	S	2.0	37.983275	-122.041624
104925	21544997	2023-03-23T09:58:00	242	S	2.0	37.983275	-122.041624
104987	21545086	2023-03-23T10:56:00	160	S	1.4	38.026075	-121.751585
105013	21545123	2023-03-23T11:17:00	4	W	31.46	37.976136	-121.741915
105030	21545148	2023-03-23T11:28:00	160	N	0.7	38.015558	-121.751468
105049	21545177	2023-03-23T11:42:00	80	W	16.5	37.940155	-122.324756
105051	21545179	2023-03-23T11:40:00	80	E	22.1	38.00026	-122.282937
105097	21545249	2023-03-23T12:16:00	242	S	3.3	38.000947	-122.037852
105118	21545275	2023-03-23T12:29:00	24	E	10.4	37.892862	-122.125001
105125	21545284	2023-03-23T12:40:00	4	W	8.586	37.990008	-122.133858
105153	21545329	2023-03-23T13:06:00	4	W	23.924	38.011926	-121.866887
105154	21545330	2023-03-23T13:04:00	4	W	25.717	38.003464	-121.835484
105174	21545352	2023-03-23T13:18:00	4	W	30.427	37.988982	-121.752267
105187	21545367	2023-03-23T13:26:00	580	W	63.9	37.89741	-122.311741
105192	21545375	2023-03-23T13:27:00	80	E	19.0	37.971598	-122.319869
105212	21545411	2023-03-23T13:51:00	4	W	20.036	38.019101	-121.937152
105214	21545413	2023-03-23T13:49:00	4	W	22.348	38.018567	-121.895066
105306	21545526	2023-03-23T14:43:00	580	E	65.5	37.915427	-122.326949
105333	21545566	2023-03-23T15:07:00	4	E	22.429	38.017951	-121.894061
105334	21545567	2023-03-23T15:04:00	4	E	22.429	38.017951	-121.894061
105405	21545667	2023-03-23T15:51:00	680	N	46.181	37.903398	-122.069808
105413	21545676	2023-03-23T15:55:00	80	E	17.4	37.952867	-122.327994
105430	21545699	2023-03-23T16:05:00	4	W	29.694	37.991686	-121.765042
105751	21546150	2023-03-23T20:00:00	680	N	53.148	37.997676	-122.073548
105766	21546171	2023-03-23T20:17:00	680	N	55.442	38.021623	-122.102612
105779	21546195	2023-03-23T20:28:00	24	E	7.0	37.882923	-122.180083
105795	21546219	2023-03-23T20:48:00	80	E	25.8	38.042706	-122.24148
105819	21546250	2023-03-23T21:13:00	680	N	53.878	38.005573	-122.082507
105820	21546251	2023-03-23T21:10:00	24	E	8.1	37.892634	-122.165653
105821	21546252	2023-03-23T21:09:00	24	E	6.7	37.878599	-122.183245
105838	21546277	2023-03-23T21:31:00	680	N	47.855	37.926362	-122.060449
105855	21546305	2023-03-23T21:55:00	4	E	16.762	38.014725	-121.994163
106356	21547103	2023-03-24T10:33:00	4	E	9.228	37.99293	-122.123639
106373	21547123	2023-03-24T10:45:00	4	E	12.358	37.994341	-122.070209
106477	21547274	2023-03-24T12:10:00	680	S	35.269	37.772788	-121.973169
106542	21547363	2023-03-24T13:03:00	4	W	10.836	37.990762	-122.096283
106723	21547608	2023-03-24T15:04:00	680	S	54.598	38.013232	-122.09078
106758	21547667	2023-03-24T15:30:00	4	W	4.968	38.016331	-122.186186
106822	21547749	2023-03-24T16:04:00	24	E	7.5	37.888907	-122.175662
106850	21547791	2023-03-24T16:26:00	4	E	15.58	38.010574	-122.015485
106864	21547813	2023-03-24T16:34:00	680	N	42.444	37.861176	-122.032978
106949	21547921	2023-03-24T17:20:00	4	E	18.812	38.021811	-121.960767
106962	21547938	2023-03-24T17:25:00	80	E	27.5	38.061312	-122.225163
107180	21548277	2023-03-24T20:19:00	80	E	16.5	37.939611	-122.324825
107218	21548352	2023-03-24T21:10:00	242	N	2.8	37.993791	-122.039167
107436	21548711	2023-03-25T03:22:00	24	E	4.9	37.862496	-122.209079
107443	21548726	2023-03-25T03:45:00	4	E	28.825	37.99544	-121.781728
107522	21548866	2023-03-25T06:59:00	242	N	3.3	38.003865	-122.042102
107556	21548926	2023-03-25T07:57:00	580	W	64.3	37.902354	-122.315759
107566	21548944	2023-03-25T08:10:00	4	W	24.061	38.011402	-121.864671
107611	21549016	2023-03-25T09:22:00	4	W	18.391	38.023255	-121.966585
107650	21549071	2023-03-25T09:56:00	4	W	15.413	38.010708	-122.017546
107665	21549093	2023-03-25T10:14:00	680	S	34.564	37.763758	-121.967986
107674	21549110	2023-03-25T10:30:00	680	S	58.498	38.055705	-122.129772
107679	21549115	2023-03-25T10:33:00	4	W	32.608	37.96144	-121.742824
107857	21549390	2023-03-25T13:12:00	80	W	24.3	38.025745	-122.259506
107883	21549428	2023-03-25T13:33:00	4	E	27.171	37.998126	-121.811133
107884	21549429	2023-03-25T13:29:00	580	E	68.2	37.927037	-122.370418
107953	21549530	2023-03-25T14:24:00	4	W	18.744	38.022038	-121.960192
108051	21549665	2023-03-25T15:35:00	580	W	69.8	37.93209	-122.399839
108083	21549719	2023-03-25T16:03:00	4	E	19.485	38.018836	-121.948032
108201	21549912	2023-03-25T18:01:00	24	W	7.1	37.88436	-122.179679
108263	21550004	2023-03-25T18:52:00	680	S	53.355	37.999523	-122.076105
108301	21550064	2023-03-25T19:23:00	4	W	4.968	38.016331	-122.186186
108316	21550084	2023-03-25T19:38:00	80	W	23.7	38.018484	-122.266235
108330	21550110	2023-03-25T19:54:00	80	E	14.8	37.917301	-122.317317
108353	21550143	2023-03-25T20:14:00	680	S	46.913	37.913136	-122.067073
108354	21550145	2023-03-25T20:16:00	80	E	14.1	37.907164	-122.314949
108361	21550157	2023-03-25T20:32:00	4	W	31.46	37.976136	-121.741915
108405	21550231	2023-03-25T21:25:00	4	W	0.349	38.014398	-122.266368
108406	21550232	2023-03-25T21:27:00	4	W	0.349	38.014398	-122.266368
108417	21550253	2023-03-25T21:38:00	80	W	29.3	38.085969	-122.232797
108440	21550287	2023-03-25T22:04:00	4	E	16.604	38.013625	-121.996839
108572	21550525	2023-03-26T01:43:00	160	N	0.7	38.015558	-121.751468
108600	21550561	2023-03-26T02:24:00	4	W	27.661	37.998404	-121.801574
108612	21550579	2023-03-26T02:46:00	4	E	32.346	37.964821	-121.740553
108711	21550755	2023-03-26T07:21:00	680	N	50.46	37.962458	-122.053879
108729	21550785	2023-03-26T07:52:00	24	E	2.7	37.849799	-122.238351
108734	21550792	2023-03-26T08:07:00	4	E	28.348	37.996773	-121.789698
108811	21550918	2023-03-26T09:53:00	4	W	25.669	38.003689	-121.836536
108887	21551041	2023-03-26T11:32:00	4	E	28.348	37.996773	-121.789698
108981	21551185	2023-03-26T13:12:00	580	W	63.9	37.89741	-122.311741
109009	21551228	2023-03-26T13:33:00	580	W	70.3	37.93278	-122.409584
109033	21551262	2023-03-26T13:52:00	4	E	25.442	38.004791	-121.841338
109046	21551282	2023-03-26T14:11:00	680	S	58.498	38.055705	-122.129772
109071	21551320	2023-03-26T14:39:00	4	E	26.414	38.000165	-121.824832
109086	21551345	2023-03-26T14:49:00	580	W	67.1	37.921855	-122.354109
109103	21551371	2023-03-26T15:06:00	4	W	25.384	38.005247	-121.84187
109313	21551690	2023-03-26T18:20:00	24	E	8.1	37.892634	-122.165653
109314	21551691	2023-03-26T18:23:00	24	E	8.1	37.892634	-122.165653
109588	21552148	2023-03-27T04:46:00	4	E	10.42	37.993192	-122.104465
109839	21552512	2023-03-27T08:45:00	4	E	28.348	37.996773	-121.789698
109866	21552554	2023-03-27T08:59:00	242	N	2.6	37.991325	-122.039692
109942	21552663	2023-03-27T10:20:00	4	E	4.414	38.012909	-122.195991
109994	21552741	2023-03-27T11:05:00	680	S	46.913	37.913136	-122.067073
109996	21552743	2023-03-27T11:03:00	680	S	46.913	37.913136	-122.067073
110012	21552764	2023-03-27T11:17:00	242	N	3.2	38.000481	-122.037725
110020	21552774	2023-03-27T11:18:00	24	E	4.5	37.858644	-122.212162
110155	21552962	2023-03-27T13:20:00	160	S	2.0	38.035711	-121.754282
110203	21553026	2023-03-27T14:01:00	80	E	10.9	37.863935	-122.302816
110210	21553034	2023-03-27T14:08:00	24	W	8.1	37.892846	-122.166865
110212	21553036	2023-03-27T14:05:00	24	E	7.5	37.888907	-122.175662
110232	21553065	2023-03-27T14:23:00	80	E	10.9	37.863935	-122.302816
110244	21553085	2023-03-27T14:33:00	680	N	45.789	37.897483	-122.081196
110283	21553140	2023-03-27T14:51:00	4	W	23.665	38.012996	-121.871769
110656	21553679	2023-03-27T19:14:00	80	E	23.2	38.012314	-122.27166
110661	21553696	2023-03-27T19:29:00	24	E	5.1	37.865846	-122.207047
110676	21553726	2023-03-27T19:48:00	80	E	23.1	38.011875	-122.272168
110690	21553754	2023-03-27T20:16:00	24	E	6.4	37.874851	-122.18658
110804	21553951	2023-03-27T23:43:00	4	E	18.134	38.023689	-121.972104
110870	21554079	2023-03-28T05:02:00	24	W	5.0	37.864109	-122.209158
111093	21554426	2023-03-28T08:21:00	580	W	70.3	37.932773	-122.409349
111100	21554436	2023-03-28T08:28:00	580	W	65.8	37.919271	-122.331368
111109	21554450	2023-03-28T08:31:00	680	N	41.97	37.854862	-122.029221
111110	21554452	2023-03-28T08:29:00	680	N	41.97	37.854862	-122.029221
111121	21554465	2023-03-28T08:34:00	680	N	56.193	38.026944	-122.114167
111178	21554549	2023-03-28T09:17:00	680	S	45.035	37.890801	-122.060828
111180	21554554	2023-03-28T09:19:00	680	S	45.035	37.890801	-122.060828
111181	21554555	2023-03-28T09:17:00	4	E	23.664	38.012821	-121.872431
111270	21554695	2023-03-28T10:28:00	80	E	10.9	37.863935	-122.302816
111278	21554704	2023-03-28T10:34:00	80	E	10.9	37.863935	-122.302816
111344	21554804	2023-03-28T11:21:00	4	E	25.442	38.004791	-121.841338
111362	21554834	2023-03-28T11:27:00	680	S	46.565	37.908558	-122.068713
111367	21554840	2023-03-28T11:42:00	4	E	13.332	38.000576	-122.054088
111387	21554867	2023-03-28T11:50:00	80	E	28.1	38.069178	-122.226636
111429	21554928	2023-03-28T12:18:00	80	E	18.4	37.96469	-122.324915
111472	21554985	2023-03-28T12:40:00	24	W	8.1	37.892846	-122.166865
111592	21555156	2023-03-28T13:55:00	680	S	38.395	37.81494	-121.993459
111631	21555215	2023-03-28T14:24:00	680	N	49.937	37.95548	-122.053382
111636	21555224	2023-03-28T14:31:00	80	W	15.6	37.927978	-122.32287
111639	21555227	2023-03-28T14:34:00	80	W	15.6	37.927978	-122.32287
111649	21555244	2023-03-28T14:32:00	24	E	8.5	37.892591	-122.159524
111660	21555263	2023-03-28T14:44:00	680	S	51.885	37.980061	-122.065556
111661	21555264	2023-03-28T14:42:00	680	S	34.262	37.759658	-121.965319
111671	21555276	2023-03-28T14:50:00	242	N	1.1	37.970233	-122.047228
111692	21555303	2023-03-28T14:57:00	80	E	18.9	37.969909	-122.320442
111703	21555318	2023-03-28T15:06:00	4	W	4.968	38.016331	-122.186186
111736	21555359	2023-03-28T15:20:00	680	S	51.885	37.980061	-122.065556
111737	21555360	2023-03-28T15:15:00	680	S	51.885	37.980061	-122.065556
111744	21555369	2023-03-28T15:25:00	680	S	52.9	37.994341	-122.070209
111745	21555370	2023-03-28T15:22:00	680	S	52.9	37.994341	-122.070209
111762	21555398	2023-03-28T15:35:00	680	S	50.995	37.969068	-122.058604
111763	21555399	2023-03-28T15:34:00	680	S	34.081	37.75706	-121.963575
111764	21555400	2023-03-28T15:26:00	24	E	5.1	37.865846	-122.207047
111776	21555420	2023-03-28T15:48:00	24	E	5.1	37.865846	-122.207047
111783	21555435	2023-03-28T15:53:00	24	W	8.9	37.891793	-122.151758
111890	21555592	2023-03-28T16:53:00	24	E	11.7	37.8969	-122.101841
111891	21555593	2023-03-28T16:52:00	24	E	11.7	37.8969	-122.101841
111892	21555594	2023-03-28T16:50:00	24	E	13.5	37.892761	-122.064902
111963	21555704	2023-03-28T17:37:00	4	W	22.348	38.018567	-121.895066
111972	21555718	2023-03-28T17:39:00	680	N	56.193	38.026944	-122.114167
112016	21555787	2023-03-28T18:11:00	24	W	5.4	37.868261	-122.200872
112297	21556279	2023-03-29T01:37:00	80	E	13.8	37.903411	-122.312372
112311	21556301	2023-03-29T02:25:00	24	E	8.1	37.892634	-122.165653
112461	21556524	2023-03-29T06:46:00	80	E	18.9	37.969909	-122.320442
112462	21556525	2023-03-29T06:41:00	80	E	18.9	37.969909	-122.320442
112498	21556568	2023-03-29T07:07:00	24	E	7.5	37.888907	-122.175662
112499	21556569	2023-03-29T07:06:00	24	E	7.5	37.888907	-122.175662
112512	21556590	2023-03-29T07:18:00	242	N	2.6	37.991325	-122.039692
112513	21556591	2023-03-29T07:16:00	242	N	2.6	37.991325	-122.039692
112522	21556603	2023-03-29T07:22:00	4	E	14.725	38.008166	-122.030414
112548	21556641	2023-03-29T07:33:00	24	E	4.5	37.858422	-122.211892
112583	21556684	2023-03-29T07:55:00	680	N	57.433	38.042911	-122.121842
112608	21556718	2023-03-29T08:11:00	4	W	5.636	38.013022	-122.17456
112625	21556741	2023-03-29T08:23:00	4	W	4.968	38.016331	-122.186186
112632	21556752	2023-03-29T08:25:00	160	N	1.4	38.026074	-121.751504
112641	21556763	2023-03-29T08:30:00	80	E	28.1	38.069178	-122.226636
112725	21556873	2023-03-29T09:15:00	4	W	4.968	38.016331	-122.186186
112729	21556879	2023-03-29T09:21:00	80	E	18.9	37.969909	-122.320442
112730	21556880	2023-03-29T09:20:00	80	E	18.9	37.969909	-122.320442
112747	21556903	2023-03-29T09:34:00	80	E	22.1	38.00026	-122.282937
112791	21556968	2023-03-29T10:00:00	4	E	18.134	38.023689	-121.972104
112818	21556999	2023-03-29T10:18:00	80	W	12.1	37.881911	-122.308246
112859	21557055	2023-03-29T10:39:00	580	W	65.8	37.919271	-122.331368
112860	21557056	2023-03-29T10:38:00	4	W	15.413	38.010708	-122.017546
112892	21557098	2023-03-29T10:59:00	4	W	2.777	38.009209	-122.223901
113015	21557274	2023-03-29T12:29:00	24	E	10.4	37.892862	-122.125001
113029	21557299	2023-03-29T12:47:00	680	S	47.508	37.920636	-122.062281
113031	21557301	2023-03-29T12:45:00	80	W	22.2	38.00178	-122.281783
113064	21557352	2023-03-29T13:13:00	680	S	37.987	37.80853	-121.991808
113065	21557353	2023-03-29T13:08:00	580	E	74.2	37.942595	-122.47827
113079	21557372	2023-03-29T13:23:00	4	E	15.58	38.010574	-122.015485
113097	21557398	2023-03-29T13:31:00	4	E	13.332	38.000576	-122.054088
113104	21557409	2023-03-29T13:36:00	24	W	2.5	37.849184	-122.242346
113136	21557450	2023-03-29T13:51:00	80	W	11.3	37.869523	-122.304749
113189	21557528	2023-03-29T14:32:00	4	W	27.661	37.998404	-121.801574
113190	21557529	2023-03-29T14:31:00	4	W	27.661	37.998404	-121.801574
113198	21557538	2023-03-29T14:37:00	680	S	39.773	37.8317	-122.004258
113199	21557539	2023-03-29T14:36:00	242	S	2.7	37.992591	-122.039625
113218	21557562	2023-03-29T14:42:00	4	E	30.247	37.99523	-121.755948
113237	21557588	2023-03-29T14:54:00	4	W	4.464	38.014135	-122.19433
113238	21557589	2023-03-29T14:52:00	4	W	15.194	38.01011	-122.021262
113281	21557642	2023-03-29T15:21:00	4	W	14.148	38.000947	-122.037852
113288	21557649	2023-03-29T15:26:00	80	W	29.3	38.085969	-122.232797
113295	21557659	2023-03-29T15:33:00	24	E	2.1	37.845854	-122.247879
113296	21557660	2023-03-29T15:32:00	24	E	2.1	37.845854	-122.247879
113298	21557662	2023-03-29T15:30:00	680	N	46.866	37.912775	-122.06692
113324	21557693	2023-03-29T15:47:00	80	E	11.4	37.870249	-122.304706
113325	21557694	2023-03-29T15:46:00	80	E	11.4	37.870249	-122.304706
113351	21557733	2023-03-29T16:02:00	680	N	53.878	38.005573	-122.082507
113360	21557752	2023-03-29T16:13:00	580	W	63.9	37.89741	-122.311741
113361	21557753	2023-03-29T16:11:00	24	W	8.9	37.891793	-122.151758
113391	21557798	2023-03-29T16:30:00	24	W	8.9	37.891793	-122.151758
113442	21557867	2023-03-29T17:01:00	80	E	15.7	37.930097	-122.324016
113461	21557896	2023-03-29T17:16:00	24	W	13.1	37.896575	-122.07804
113471	21557911	2023-03-29T17:19:00	24	W	13.1	37.896575	-122.07804
113529	21557994	2023-03-29T17:55:00	4	W	5.636	38.013022	-122.17456
113539	21558008	2023-03-29T17:58:00	4	W	2.128	38.012442	-122.234377
113588	21558078	2023-03-29T18:38:00	580	E	69.3	37.930263	-122.389678
113593	21558087	2023-03-29T18:45:00	580	E	70.4	37.93271	-122.409354
113609	21558116	2023-03-29T19:04:00	680	S	46.565	37.908558	-122.068713
113624	21558139	2023-03-29T19:24:00	680	S	44.891	37.889558	-122.058503
113632	21558147	2023-03-29T19:29:00	80	W	15.6	37.927978	-122.32287
113635	21558153	2023-03-29T19:34:00	4	W	9.11	37.992411	-122.125089
113683	21558231	2023-03-29T20:40:00	80	E	19.8	37.98325	-122.315941
113692	21558248	2023-03-29T20:54:00	24	W	8.9	37.891793	-122.151758
113701	21558258	2023-03-29T21:01:00	4	E	8.677	37.989925	-122.133315
113714	21558278	2023-03-29T21:25:00	4	W	18.391	38.023255	-121.966585
113720	21558290	2023-03-29T21:43:00	24	E	7.5	37.888907	-122.175662
113830	21558465	2023-03-30T00:55:00	4	E	0.04	38.01571	-122.271746
113895	21558567	2023-03-30T03:49:00	4	E	32.916	37.957212	-121.744885
113923	21558614	2023-03-30T04:46:00	24	E	11.7	37.8969	-122.101841
113926	21558618	2023-03-30T04:53:00	24	W	8.5	37.892873	-122.158869
114153	21558948	2023-03-30T08:05:00	4	E	33.593	37.947685	-121.743882
114166	21558965	2023-03-30T08:17:00	242	S	1.6	37.977448	-122.044261
114178	21558981	2023-03-30T08:20:00	242	S	2.9	37.994816	-122.039153
114361	21559237	2023-03-30T10:29:00	580	W	63.9	37.89741	-122.311741
114413	21559309	2023-03-30T11:15:00	24	W	5.1	37.86612	-122.206946
114548	21559510	2023-03-30T13:17:00	24	W	2.9	37.848986	-122.235713
114562	21559533	2023-03-30T13:26:00	680	S	51.885	37.980061	-122.065556
114567	21559544	2023-03-30T13:36:00	580	W	74.1	37.942605	-122.477717
114585	21559569	2023-03-30T13:47:00	4	E	13.721	38.00229	-122.047248
114646	21559662	2023-03-30T14:36:00	680	N	52.775	37.995586	-122.066559
114650	21559668	2023-03-30T14:42:00	80	W	17.9	37.959772	-122.330645
114665	21559691	2023-03-30T14:50:00	80	W	13.1	37.895221	-122.308233
114719	21559762	2023-03-30T15:22:00	80	E	19.8	37.98325	-122.315941
114720	21559763	2023-03-30T15:20:00	80	E	19.8	37.98325	-122.315941
114738	21559786	2023-03-30T15:26:00	4	E	12.399	37.994604	-122.069421
114853	21559947	2023-03-30T16:40:00	4	W	2.777	38.009209	-122.223901
115258	21560594	2023-03-31T00:24:00	242	N	2.1	37.98392	-122.041279
115298	21560660	2023-03-31T02:52:00	4	W	34.105	37.940655	-121.739953
115321	21560690	2023-03-31T04:07:00	160	N	0.7	38.015558	-121.751468
115328	21560699	2023-03-31T04:28:00	80	W	16.5	37.940155	-122.324756
115332	21560714	2023-03-31T04:46:00	4	W	8.586	37.990008	-122.133858
115337	21560720	2023-03-31T04:58:00	580	E	72.3	37.935043	-122.444523
115338	21560721	2023-03-31T04:55:00	4	E	37.69	37.895679	-121.712619
115557	21561053	2023-03-31T09:31:00	4	W	20.036	38.019101	-121.937152
115612	21561134	2023-03-31T10:30:00	580	E	63.1	37.886658	-122.309253
115617	21561140	2023-03-31T10:35:00	80	E	29.2	38.085088	-122.232855
115666	21561210	2023-03-31T11:23:00	4	W	20.036	38.019101	-121.937152
115702	21561263	2023-03-31T11:50:00	80	W	11.3	37.869523	-122.304749
115746	21561329	2023-03-31T12:31:00	80	E	23.7	38.018239	-122.266264
115752	21561342	2023-03-31T12:41:00	580	E	65.5	37.915427	-122.326949
115767	21561364	2023-03-31T12:49:00	24	E	5.4	37.867235	-122.201026
115826	21561448	2023-03-31T13:33:00	80	E	12.1	37.881746	-122.307966
115833	21561457	2023-03-31T13:39:00	680	N	35.657	37.778337	-121.975649
115865	21561503	2023-03-31T14:06:00	680	N	37.79	37.806862	-121.990775
115872	21561512	2023-03-31T14:13:00	4	W	25.717	38.003464	-121.835484
115873	21561513	2023-03-31T14:10:00	580	E	65.9	37.919273	-122.331718
115938	21561610	2023-03-31T14:54:00	680	N	48.56	37.936454	-122.060091
115963	21561643	2023-03-31T15:10:00	4	W	16.263	38.013095	-122.001843
115964	21561645	2023-03-31T15:05:00	4	E	22.429	38.017951	-121.894061
116007	21561702	2023-03-31T15:38:00	80	E	16.5	37.94046	-122.324391
116008	21561703	2023-03-31T15:36:00	80	E	16.5	37.94046	-122.324391
116040	21561750	2023-03-31T15:59:00	680	N	37.79	37.806862	-121.990775
116045	21561756	2023-03-31T15:53:00	680	N	37.79	37.806862	-121.990775
116064	21561779	2023-03-31T16:07:00	4	E	14.23	38.004458	-122.038839
116066	21561781	2023-03-31T16:03:00	680	N	52.53	37.990271	-122.06743
116083	21561800	2023-03-31T16:15:00	80	E	16.5	37.94046	-122.324391
116157	21561905	2023-03-31T17:06:00	4	W	14.076	38.004375	-122.040256
116252	21562064	2023-03-31T18:27:00	80	W	12.4	37.886658	-122.309253
116254	21562066	2023-03-31T18:24:00	80	E	20.6	37.99184	-122.307909
116270	21562090	2023-03-31T18:38:00	80	W	28.8	38.078904	-122.233045
116299	21562137	2023-03-31T19:12:00	4	E	20.104	38.018752	-121.937094
116347	21562214	2023-03-31T20:01:00	680	N	46.866	37.912775	-122.06692
116376	21562268	2023-03-31T20:33:00	680	N	45.856	37.898794	-122.070698
116381	21562278	2023-03-31T20:45:00	4	W	16.962	38.017386	-121.990427
116382	21562279	2023-03-31T20:44:00	4	W	34.105	37.940655	-121.739953
116391	21562291	2023-03-31T21:02:00	4	W	35.226	37.925219	-121.732746
116402	21562310	2023-03-31T21:20:00	242	N	0.3	37.959712	-122.051595
116403	21562311	2023-03-31T21:17:00	80	E	21.2	37.993899	-122.297627
116609	21562642	2023-04-01T03:37:00	4	E	28.348	37.996773	-121.789698
116611	21562645	2023-04-01T03:47:00	4	E	28.825	37.99544	-121.781728
116641	21562696	2023-04-01T05:06:00	80	E	27.5	38.060771	-122.225137
116648	21562708	2023-04-01T05:37:00	24	W	7.6	37.890168	-122.174599
116781	21562932	2023-04-01T09:31:00	80	W	13.8	37.903864	-122.312909
116788	21562941	2023-04-01T09:36:00	4	W	2.777	38.009209	-122.223901
116790	21562943	2023-04-01T09:33:00	4	E	13.332	38.000576	-122.054088
117006	21563251	2023-04-01T13:02:00	24	E	10.4	37.892862	-122.125001
117044	21563313	2023-04-01T13:40:00	4	E	25.442	38.004791	-121.841338
117065	21563344	2023-04-01T13:57:00	4	W	25.717	38.003464	-121.835484
117075	21563355	2023-04-01T13:59:00	24	W	11.8	37.897448	-122.100763
117287	21563674	2023-04-01T16:55:00	680	S	38.732	37.820015	-121.993339
117298	21563691	2023-04-01T17:05:00	80	W	12.1	37.881911	-122.308246
117314	21563721	2023-04-01T17:23:00	24	W	8.5	37.892873	-122.158869
117385	21563817	2023-04-01T18:22:00	80	W	19.6	37.979573	-122.317375
117387	21563819	2023-04-01T18:20:00	4	W	13.715	38.002816	-122.046293
117396	21563830	2023-04-01T18:26:00	4	E	26.414	38.000165	-121.824832
117403	21563839	2023-04-01T18:37:00	4	E	19.751	38.018741	-121.942884
117431	21563881	2023-04-01T19:00:00	24	W	2.7	37.850042	-122.238377
117435	21563889	2023-04-01T19:06:00	4	W	37.613	37.896128	-121.713162
117444	21563909	2023-04-01T19:23:00	4	E	9.228	37.99293	-122.123639
117465	21563942	2023-04-01T19:42:00	680	N	31.669	37.726728	-121.942548
117470	21563949	2023-04-01T19:35:00	80	E	28.1	38.069178	-122.226636
117490	21563981	2023-04-01T20:10:00	80	W	22.2	38.00178	-122.281783
117494	21563988	2023-04-01T20:15:00	4	E	25.684	38.003696	-121.837444
117612	21564197	2023-04-01T23:32:00	80	W	17.9	37.959772	-122.330645
117628	21564223	2023-04-01T23:58:00	4	W	23.665	38.012996	-121.871769
117652	21564268	2023-04-02T00:39:00	80	E	17.4	37.952867	-122.327994
117674	21564308	2023-04-02T01:24:00	4	W	27.088	37.998416	-121.811661
117838	21564573	2023-04-02T07:25:00	680	S	58.498	38.055705	-122.129772
117858	21564606	2023-04-02T08:07:00	4	W	31.03	37.982452	-121.746491
117887	21564650	2023-04-02T08:49:00	4	W	31.46	37.976136	-121.741915
118000	21564830	2023-04-02T11:21:00	4	W	20.036	38.019101	-121.937152
118009	21564842	2023-04-02T11:28:00	4	W	28.794	37.995591	-121.780403
118247	21565192	2023-04-02T15:15:00	680	N	56.193	38.026944	-122.114167
118283	21565257	2023-04-02T16:07:00	4	E	23.664	38.012821	-121.872431
118293	21565276	2023-04-02T16:15:00	24	E	4.5	37.858644	-122.212162
118302	21565293	2023-04-02T16:24:00	4	W	28.31	37.997154	-121.790106
118336	21565344	2023-04-02T16:59:00	24	E	3.7	37.851469	-122.222575
118342	21565350	2023-04-02T17:07:00	80	E	28.1	38.069178	-122.226636
118358	21565375	2023-04-02T17:25:00	80	E	25.8	38.042706	-122.24148
118367	21565384	2023-04-02T17:29:00	580	E	72.3	37.935043	-122.444523
118383	21565412	2023-04-02T17:50:00	4	W	23.37	38.013977	-121.876289
118384	21565413	2023-04-02T17:49:00	80	E	20.6	37.99184	-122.307909
118415	21565458	2023-04-02T18:21:00	160	N	0.7	38.015558	-121.751468
118448	21565511	2023-04-02T19:01:00	242	S	1.6	37.977448	-122.044261
118462	21565541	2023-04-02T19:30:00	4	W	24.061	38.011402	-121.864671
118557	21565707	2023-04-02T21:42:00	24	E	4.5	37.858649	-122.212279
118584	21565752	2023-04-02T22:20:00	24	E	6.6	37.87735	-122.184078
118716	21565982	2023-04-03T05:40:00	680	N	50.46	37.962458	-122.053879
118729	21566000	2023-04-03T05:48:00	80	W	26.3	38.046954	-122.235761
118759	21566051	2023-04-03T06:28:00	24	W	8.1	37.892846	-122.166865
118760	21566052	2023-04-03T06:23:00	4	W	2.777	38.009209	-122.223901
118950	21566341	2023-04-03T09:11:00	680	N	46.866	37.912775	-122.06692
118951	21566342	2023-04-03T09:10:00	680	N	46.866	37.912775	-122.06692
118952	21566343	2023-04-03T09:09:00	580	W	70.0	37.932486	-122.403542
119005	21566415	2023-04-03T09:56:00	4	E	13.332	38.000576	-122.054088
119058	21566493	2023-04-03T10:40:00	4	W	26.728	37.998674	-121.817967
119069	21566510	2023-04-03T10:56:00	4	E	9.058	37.991473	-122.12634
119070	21566511	2023-04-03T10:55:00	4	E	32.346	37.964821	-121.740553
119111	21566573	2023-04-03T11:30:00	242	N	1.9	37.98069	-122.042276
119112	21566574	2023-04-03T11:28:00	24	E	9.0	37.891181	-122.150167
119136	21566618	2023-04-03T11:56:00	80	W	29.5	38.088285	-122.231856
119182	21566685	2023-04-03T12:31:00	680	N	49.937	37.95548	-122.053382
119186	21566692	2023-04-03T12:36:00	242	N	0.8	37.96661	-122.048744
119199	21566708	2023-04-03T12:46:00	24	W	12.9	37.897483	-122.081196
119207	21566718	2023-04-03T12:52:00	680	N	31.108	37.720114	-121.937379
119259	21566794	2023-04-03T13:34:00	242	S	2.9	37.994816	-122.039153
119274	21566817	2023-04-03T13:43:00	4	W	20.036	38.019101	-121.937152
119503	21567127	2023-04-03T16:11:00	4	W	20.036	38.019101	-121.937152
119641	21567314	2023-04-03T17:32:00	4	W	31.03	37.982452	-121.746491
119803	21567552	2023-04-03T19:44:00	4	E	18.134	38.023689	-121.972104
119806	21567557	2023-04-03T19:53:00	4	E	13.721	38.00229	-122.047248
119836	21567614	2023-04-03T20:31:00	680	S	57.439	38.041822	-122.124098
119852	21567642	2023-04-03T20:50:00	80	W	20.3	37.989215	-122.312635
119855	21567648	2023-04-03T20:56:00	4	E	27.171	37.998126	-121.811133
119887	21567704	2023-04-03T21:56:00	4	E	13.332	38.000576	-122.054088
119893	21567719	2023-04-03T22:07:00	80	W	17.4	37.952263	-122.327903
119895	21567721	2023-04-03T22:11:00	4	W	33.615	37.947161	-121.743071
120033	21567965	2023-04-04T05:29:00	4	W	24.061	38.011402	-121.864671
120103	21568090	2023-04-04T06:57:00	4	W	8.586	37.990008	-122.133858
120344	21568408	2023-04-04T09:42:00	680	S	46.565	37.908558	-122.068713
120350	21568417	2023-04-04T09:45:00	4	W	9.11	37.992411	-122.125089
120404	21568493	2023-04-04T10:38:00	680	S	39.223	37.826477	-121.996334
120405	21568494	2023-04-04T10:37:00	680	S	41.498	37.847743	-122.02778
120416	21568510	2023-04-04T10:49:00	580	E	66.6	37.92158	-122.343235
120424	21568520	2023-04-04T10:54:00	80	E	28.1	38.069178	-122.226636
120429	21568526	2023-04-04T11:00:00	680	S	29.242	37.696595	-121.921082
120460	21568574	2023-04-04T11:31:00	4	W	28.794	37.995591	-121.780403
120568	21568723	2023-04-04T13:06:00	24	E	11.7	37.8969	-122.101841
120574	21568733	2023-04-04T13:10:00	242	S	0.8	37.966634	-122.048958
120580	21568742	2023-04-04T13:12:00	80	E	27.8	38.066058	-122.22561
120611	21568791	2023-04-04T13:44:00	242	N	3.3	38.003865	-122.042102
120903	21569229	2023-04-04T17:19:00	580	W	69.8	37.93209	-122.399839
120928	21569262	2023-04-04T17:40:00	80	E	17.4	37.952867	-122.327994
120962	21569305	2023-04-04T18:01:00	242	N	0.8	37.96661	-122.048744
121203	21569683	2023-04-04T22:49:00	680	S	57.439	38.041468	-122.123672
121204	21569684	2023-04-04T22:54:00	4	E	32.916	37.957212	-121.744885
121209	21569696	2023-04-04T23:22:00	4	W	19.521	38.019089	-121.946589
121284	21569861	2023-04-05T05:55:00	242	N	0.3	37.959712	-122.051595
121285	21569862	2023-04-05T05:54:00	242	N	0.3	37.959712	-122.051595
121331	21569938	2023-04-05T06:47:00	242	N	1.1	37.970233	-122.047228
121436	21570091	2023-04-05T08:12:00	80	W	17.4	37.952263	-122.327903
121443	21570102	2023-04-05T08:14:00	680	S	50.362	37.960855	-122.053254
121447	21570110	2023-04-05T08:24:00	4	W	20.036	38.019101	-121.937152
121476	21570159	2023-04-05T08:46:00	4	W	28.794	37.995591	-121.780403
121579	21570294	2023-04-05T10:18:00	680	S	28.6	37.687307	-121.91744
121591	21570309	2023-04-05T10:30:00	24	E	8.5	37.892591	-122.159524
121613	21570334	2023-04-05T10:46:00	24	W	3.7	37.851328	-122.222873
121619	21570342	2023-04-05T10:50:00	24	W	8.9	37.891793	-122.151758
121654	21570395	2023-04-05T11:26:00	680	S	42.419	37.860149	-122.032664
121655	21570396	2023-04-05T11:25:00	680	S	50.502	37.962947	-122.054342
121656	21570397	2023-04-05T11:23:00	242	S	0.2	37.956956	-122.053305
121723	21570482	2023-04-05T12:15:00	4	W	16.263	38.013095	-122.001843
121802	21570590	2023-04-05T13:34:00	4	W	16.263	38.013095	-122.001843
121803	21570591	2023-04-05T13:33:00	4	W	16.263	38.013095	-122.001843
121876	21570700	2023-04-05T14:33:00	80	W	28.0	38.06895	-122.227346
121903	21570743	2023-04-05T14:53:00	580	W	68.2	37.927221	-122.37295
121949	21570798	2023-04-05T15:20:00	242	S	2.0	37.983275	-122.041624
122100	21571002	2023-04-05T16:59:00	80	E	23.5	38.014349	-122.26689
122116	21571023	2023-04-05T17:13:00	24	E	8.5	37.892591	-122.159524
122117	21571024	2023-04-05T17:08:00	24	E	8.5	37.892591	-122.159524
122133	21571049	2023-04-05T17:19:00	4	W	8.586	37.990008	-122.133858
122145	21571068	2023-04-05T17:31:00	580	W	70.3	37.932773	-122.409349
122197	21571136	2023-04-05T18:01:00	80	E	28.1	38.069178	-122.226636
122199	21571138	2023-04-05T17:57:00	80	E	29.1	38.082991	-122.233205
122209	21571151	2023-04-05T18:09:00	242	S	1.2	37.97199	-122.047231
122281	21571255	2023-04-05T19:08:00	80	E	12.1	37.881746	-122.307966
122299	21571280	2023-04-05T19:26:00	242	N	1.9	37.98069	-122.042276
122318	21571311	2023-04-05T19:11:00	80	E	23.1	38.011875	-122.272168
122469	21571576	2023-04-06T00:13:00	4	W	24.061	38.011402	-121.864671
122509	21571637	2023-04-06T03:08:00	4	W	17.428	38.020669	-121.983553
122630	21571851	2023-04-06T07:18:00	24	W	2.7	37.850042	-122.238377
122631	21571852	2023-04-06T07:17:00	24	W	2.7	37.850042	-122.238377
122650	21571886	2023-04-06T07:35:00	680	N	47.56	37.922044	-122.061426
122651	21571887	2023-04-06T07:33:00	680	N	47.56	37.922044	-122.061426
122681	21571923	2023-04-06T07:57:00	4	E	3.352	38.007141	-122.214088
122682	21571924	2023-04-06T07:55:00	680	N	49.937	37.95548	-122.053382
122700	21571946	2023-04-06T08:06:00	80	W	23.7	38.018484	-122.266235
122701	21571947	2023-04-06T08:05:00	80	W	23.7	38.018484	-122.266235
122744	21572003	2023-04-06T08:34:00	80	E	13.3	37.898081	-122.309198
122764	21572031	2023-04-06T08:52:00	680	S	47.694	37.923282	-122.061272
122772	21572040	2023-04-06T08:54:00	680	S	48.324	37.932715	-122.060323
122782	21572052	2023-04-06T09:03:00	4	W	24.061	38.011402	-121.864671
122791	21572063	2023-04-06T09:04:00	4	W	24.061	38.011402	-121.864671
122875	21572168	2023-04-06T10:01:00	24	W	2.7	37.850042	-122.238377
122879	21572173	2023-04-06T10:08:00	680	S	50.362	37.960855	-122.053254
122897	21572200	2023-04-06T10:31:00	4	W	16.263	38.013095	-122.001843
122955	21572275	2023-04-06T11:10:00	80	E	15.9	37.932417	-122.325715
123018	21572363	2023-04-06T12:00:00	4	E	12.399	37.994604	-122.069421
123040	21572400	2023-04-06T12:18:00	680	S	41.829	37.852397	-122.029072
123067	21572439	2023-04-06T12:45:00	580	W	69.8	37.93209	-122.399839
123085	21572461	2023-04-06T13:00:00	242	N	0.8	37.96661	-122.048744
123111	21572496	2023-04-06T13:20:00	80	E	18.9	37.969909	-122.320442
123117	21572503	2023-04-06T13:25:00	4	E	22.429	38.017951	-121.894061
123329	21572796	2023-04-06T15:51:00	680	S	57.439	38.041468	-122.123672
123394	21572884	2023-04-06T16:30:00	24	E	4.5	37.858422	-122.211892
123422	21572918	2023-04-06T16:44:00	4	E	23.664	38.012821	-121.872431
123686	21573302	2023-04-06T20:13:00	580	W	70.3	37.932778	-122.408847
123721	21573366	2023-04-06T20:57:00	4	W	15.194	38.01011	-122.021262
123849	21573594	2023-04-07T01:27:00	4	E	19.485	38.018836	-121.948032
123856	21573610	2023-04-07T01:56:00	4	E	25.442	38.004791	-121.841338
123934	21573744	2023-04-07T06:14:00	24	E	3.7	37.851469	-122.222575
123935	21573746	2023-04-07T06:12:00	24	E	3.7	37.851469	-122.222575
123944	21573763	2023-04-07T06:22:00	24	E	4.5	37.858422	-122.211892
123972	21573827	2023-04-07T07:02:00	242	S	2.7	37.992591	-122.039625
123973	21573828	2023-04-07T06:59:00	242	S	2.7	37.992591	-122.039625
124052	21573948	2023-04-07T08:16:00	680	N	42.845	37.865358	-122.03765
124064	21573960	2023-04-07T08:19:00	680	N	42.444	37.861176	-122.032978
124069	21573970	2023-04-07T08:26:00	680	N	41.97	37.854862	-122.029221
124070	21573971	2023-04-07T08:25:00	680	S	50.362	37.960855	-122.053254
124079	21573982	2023-04-07T08:32:00	580	E	68.2	37.927037	-122.370418
124108	21574024	2023-04-07T08:58:00	4	W	24.061	38.011402	-121.864671
124109	21574025	2023-04-07T08:57:00	4	W	24.061	38.011402	-121.864671
124158	21574081	2023-04-07T09:37:00	80	E	15.9	37.932417	-122.325715
124162	21574089	2023-04-07T09:39:00	80	E	15.9	37.932417	-122.325715
124213	21574176	2023-04-07T10:32:00	24	E	7.5	37.888907	-122.175662
124223	21574192	2023-04-07T10:47:00	580	E	69.0	37.928635	-122.385096
124233	21574206	2023-04-07T10:48:00	24	E	8.5	37.892591	-122.159524
124238	21574213	2023-04-07T10:55:00	242	S	1.6	37.977448	-122.044261
124313	21574327	2023-04-07T12:04:00	24	E	10.4	37.892862	-122.125001
124357	21574387	2023-04-07T12:38:00	80	E	24.0	38.022089	-122.262691
124359	21574389	2023-04-07T12:36:00	4	E	33.593	37.947685	-121.743882
124758	21574948	2023-04-07T16:55:00	680	S	44.891	37.889558	-122.058503
124799	21574999	2023-04-07T17:23:00	24	E	11.7	37.8969	-122.101841
124827	21575038	2023-04-07T17:37:00	4	E	13.332	38.000576	-122.054088
124995	21575310	2023-04-07T20:35:00	4	E	16.282	38.012596	-122.002277
125119	21575522	2023-04-08T00:13:00	4	E	23.108	38.015064	-121.882403
125130	21575538	2023-04-08T00:41:00	4	E	22.429	38.017951	-121.894061
125244	21575724	2023-04-08T04:54:00	24	E	6.4	37.874851	-122.18658
125314	21575858	2023-04-08T07:43:00	80	W	28.8	38.078904	-122.233045
125335	21575883	2023-04-08T08:13:00	4	W	16.263	38.013095	-122.001843
125388	21575968	2023-04-08T09:32:00	680	S	57.439	38.041414	-122.123738
125395	21575981	2023-04-08T09:46:00	80	E	25.8	38.042706	-122.24148
125427	21576022	2023-04-08T10:17:00	4	W	31.46	37.976136	-121.741915
125449	21576052	2023-04-08T10:41:00	580	W	67.4	37.923037	-122.358813
125456	21576061	2023-04-08T10:42:00	580	W	72.2	37.935097	-122.444517
125467	21576073	2023-04-08T10:52:00	80	W	15.6	37.927978	-122.32287
125476	21576087	2023-04-08T11:02:00	4	W	10.836	37.990762	-122.096283
125678	21576382	2023-04-08T14:18:00	4	E	32.916	37.957212	-121.744885
125679	21576383	2023-04-08T14:17:00	4	E	31.395	37.977454	-121.743469
125713	21576427	2023-04-08T14:38:00	242	S	0.8	37.966634	-122.048958
125721	21576435	2023-04-08T14:46:00	4	E	25.929	38.002351	-121.832686
125766	21576507	2023-04-08T15:32:00	680	N	45.688	37.896324	-122.070513
125817	21576582	2023-04-08T16:10:00	4	E	25.442	38.004791	-121.841338
125829	21576600	2023-04-08T16:21:00	680	N	39.773	37.831749	-122.00388
125858	21576646	2023-04-08T16:45:00	4	W	23.37	38.013977	-121.876289
125859	21576647	2023-04-08T16:44:00	80	W	24.3	38.025745	-122.259506
125889	21576692	2023-04-08T17:10:00	680	S	51.349	37.97324	-122.062065
125899	21576709	2023-04-08T17:20:00	4	E	37.69	37.895679	-121.712619
125998	21576866	2023-04-08T18:52:00	80	E	12.3	37.884747	-122.308659
126031	21576921	2023-04-08T19:32:00	24	E	2.1	37.845854	-122.247879
126032	21576923	2023-04-08T19:36:00	24	E	5.7	37.868546	-122.194784
126060	21576983	2023-04-08T20:22:00	4	W	15.194	38.01011	-122.021262
126076	21577008	2023-04-08T20:37:00	680	N	55.442	38.021623	-122.102612
126078	21577010	2023-04-08T20:35:00	4	W	2.777	38.009209	-122.223901
126084	21577027	2023-04-08T20:57:00	80	E	15.9	37.932417	-122.325715
126085	21577028	2023-04-08T20:56:00	24	E	9.0	37.891181	-122.150167
126089	21577035	2023-04-08T20:58:00	80	E	18.4	37.96469	-122.324915
126102	21577057	2023-04-08T21:19:00	24	E	4.5	37.858352	-122.21196
126103	21577058	2023-04-08T21:11:00	24	E	4.5	37.858649	-122.212279
126122	21577088	2023-04-08T21:47:00	4	W	12.337	37.994782	-122.069526
126254	21577308	2023-04-09T01:16:00	4	E	14.23	38.004458	-122.038839
126278	21577345	2023-04-09T02:04:00	242	N	1.9	37.98069	-122.042276
126382	21577503	2023-04-09T06:31:00	4	E	28.825	37.99544	-121.781728
126708	21578002	2023-04-09T14:00:00	80	W	22.2	38.00178	-122.281783
126748	21578065	2023-04-09T14:40:00	4	E	8.677	37.989925	-122.133315
126902	21578299	2023-04-09T16:52:00	80	E	16.5	37.939611	-122.324825
126915	21578314	2023-04-09T17:06:00	4	E	20.104	38.018752	-121.937094
126980	21578420	2023-04-09T18:08:00	80	E	15.9	37.932417	-122.325715
126990	21578444	2023-04-09T18:36:00	680	S	28.804	37.69002	-121.918519
126997	21578456	2023-04-09T18:47:00	4	W	12.337	37.994782	-122.069526
127177	21578768	2023-04-09T22:34:00	4	E	23.664	38.012821	-121.872431
127185	21578777	2023-04-09T22:42:00	80	W	16.6	37.94145	-122.324122
127211	21578813	2023-04-09T23:31:00	24	E	4.0	37.854339	-122.219102
127212	21578814	2023-04-09T23:30:00	24	W	7.6	37.890168	-122.174599
127293	21578939	2023-04-10T03:25:00	680	N	50.46	37.962458	-122.053879
127295	21578941	2023-04-10T03:33:00	680	N	50.975	37.969452	-122.058735
127296	21578942	2023-04-10T03:34:00	680	N	50.975	37.969452	-122.058735
127305	21578957	2023-04-10T04:07:00	24	W	8.9	37.891793	-122.151758
127320	21578985	2023-04-10T05:14:00	80	W	22.8	38.008424	-122.275602
127339	21579012	2023-04-10T05:49:00	242	S	1.6	37.977448	-122.044261
127515	21579289	2023-04-10T08:38:00	4	E	22.429	38.017951	-121.894061
127831	21579772	2023-04-10T13:40:00	680	N	49.189	37.945354	-122.058003
127833	21579774	2023-04-10T13:41:00	680	N	49.189	37.945354	-122.058003
127857	21579810	2023-04-10T13:59:00	242	S	0.2	37.956956	-122.053305
127903	21579878	2023-04-10T14:32:00	4	E	8.754	37.990206	-122.131661
128255	21580349	2023-04-10T18:03:00	580	W	70.0	37.932486	-122.403542
128280	21580390	2023-04-10T18:25:00	580	W	70.0	37.932486	-122.403542
128307	21580428	2023-04-10T18:49:00	4	E	28.348	37.996773	-121.789698
128308	21580429	2023-04-10T18:48:00	4	E	28.348	37.996773	-121.789698
128429	21580636	2023-04-10T21:40:00	24	E	4.5	37.858422	-122.211892
128470	21580694	2023-04-10T22:32:00	24	W	8.9	37.891793	-122.151758
128485	21580723	2023-04-10T23:03:00	4	E	24.198	38.01073	-121.863155
128571	21580877	2023-04-11T04:25:00	580	E	70.1	37.932083	-122.40375
128574	21580880	2023-04-11T04:33:00	4	E	30.995	37.982313	-121.746896
128577	21580887	2023-04-11T04:46:00	242	N	1.9	37.98069	-122.042276
128610	21580932	2023-04-11T05:52:00	680	S	43.021	37.866847	-122.039129
128611	21580933	2023-04-11T05:49:00	680	S	43.021	37.866847	-122.039129
128619	21580945	2023-04-11T06:01:00	80	W	11.3	37.869523	-122.304749
128620	21580946	2023-04-11T05:59:00	80	W	12.4	37.886658	-122.309253
128625	21580955	2023-04-11T06:04:00	80	W	12.4	37.886658	-122.309253
128651	21580989	2023-04-11T06:27:00	4	W	5.636	38.013022	-122.17456
128662	21581006	2023-04-11T06:36:00	80	W	23.8	38.020173	-122.264657
128669	21581018	2023-04-11T06:42:00	4	W	16.263	38.013095	-122.001843
128670	21581019	2023-04-11T06:41:00	4	E	16.282	38.012596	-122.002277
128671	21581020	2023-04-11T06:38:00	4	E	16.282	38.012596	-122.002277
128718	21581094	2023-04-11T07:20:00	580	W	72.0	37.934845	-122.440855
128747	21581140	2023-04-11T07:46:00	680	N	40.268	37.836433	-122.011453
128767	21581172	2023-04-11T08:04:00	80	W	27.5	38.061395	-122.226355
128781	21581189	2023-04-11T08:17:00	4	E	20.104	38.018752	-121.937094
128782	21581190	2023-04-11T08:16:00	4	E	20.104	38.018752	-121.937094
129060	21581569	2023-04-11T11:57:00	80	E	29.4	38.08791	-122.231755
129092	21581611	2023-04-11T12:26:00	4	W	25.717	38.003464	-121.835484
129101	21581621	2023-04-11T12:30:00	680	N	48.815	37.940053	-122.060052
129122	21581650	2023-04-11T12:45:00	242	N	3.3	38.003865	-122.042102
129291	21581891	2023-04-11T14:50:00	680	N	49.189	37.945354	-122.058003
129293	21581893	2023-04-11T14:48:00	680	N	49.189	37.945354	-122.058003
129302	21581904	2023-04-11T14:55:00	4	E	20.104	38.018752	-121.937094
129314	21581923	2023-04-11T15:06:00	680	N	45.856	37.898794	-122.070698
129330	21581944	2023-04-11T15:17:00	4	W	20.036	38.019101	-121.937152
129338	21581955	2023-04-11T15:16:00	4	W	20.036	38.019101	-121.937152
129350	21581969	2023-04-11T15:26:00	580	W	70.0	37.932486	-122.403542
129360	21581981	2023-04-11T15:21:00	4	E	18.812	38.02172	-121.960261
129396	21582029	2023-04-11T15:53:00	680	N	48.56	37.936454	-122.060091
129408	21582049	2023-04-11T16:01:00	580	W	68.2	37.927221	-122.37295
129409	21582050	2023-04-11T16:00:00	580	W	68.2	37.927221	-122.37295
129415	21582060	2023-04-11T16:08:00	580	E	68.2	37.927037	-122.370418
129416	21582061	2023-04-11T16:07:00	80	W	28.3	38.072115	-122.229026
129417	21582062	2023-04-11T16:06:00	4	E	13.332	38.000576	-122.054088
129443	21582098	2023-04-11T16:22:00	680	S	29.137	37.694397	-121.920222
129486	21582156	2023-04-11T16:47:00	4	W	22.348	38.018567	-121.895066
129509	21582184	2023-04-11T16:54:00	4	W	16.263	38.013095	-122.001843
129517	21582193	2023-04-11T16:59:00	680	S	31.831	37.728617	-121.944331
129555	21582244	2023-04-11T17:26:00	580	E	70.1	37.932122	-122.404198
129574	21582266	2023-04-11T17:32:00	24	E	6.4	37.874851	-122.18658
129692	21582430	2023-04-11T18:58:00	24	E	6.7	37.878599	-122.183245
129740	21582511	2023-04-11T19:58:00	80	E	25.8	38.042706	-122.24148
129746	21582519	2023-04-11T20:01:00	580	E	74.2	37.942595	-122.47827
129750	21582524	2023-04-11T20:04:00	680	N	47.56	37.922044	-122.061426
129768	21582551	2023-04-11T20:27:00	24	E	6.4	37.874851	-122.18658
129775	21582562	2023-04-11T20:34:00	80	W	27.7	38.065035	-122.226602
129796	21582607	2023-04-11T21:09:00	580	E	74.2	37.942468	-122.477577
129805	21582624	2023-04-11T21:22:00	4	E	37.69	37.895679	-121.712619
129951	21582851	2023-04-12T04:44:00	24	W	13.8	37.903779	-122.070381
129953	21582853	2023-04-12T04:48:00	80	W	18.4	37.964627	-122.325422
129960	21582865	2023-04-12T05:04:00	4	W	26.728	37.998674	-121.817967
130381	21583489	2023-04-12T11:33:00	4	W	27.088	37.998417	-121.81166
130434	21583569	2023-04-12T12:18:00	80	E	25.8	38.042706	-122.24148
130496	21583650	2023-04-12T13:12:00	4	W	26.28	38.000883	-121.826152
130522	21583697	2023-04-12T13:50:00	80	E	11.7	37.874502	-122.306023
130549	21583738	2023-04-12T14:10:00	680	N	35.863	37.78143	-121.977213
130568	21583769	2023-04-12T14:30:00	24	E	4.5	37.858644	-122.212162
130574	21583777	2023-04-12T14:34:00	24	E	9.0	37.891181	-122.150167
130721	21583966	2023-04-12T16:02:00	4	E	12.119	37.993002	-122.074106
130732	21583977	2023-04-12T16:07:00	80	W	16.6	37.94145	-122.324122
130762	21584014	2023-04-12T16:20:00	80	E	16.5	37.94046	-122.324391
130823	21584107	2023-04-12T16:57:00	4	E	30.572	37.98771	-121.750948
131183	21584649	2023-04-12T23:13:00	580	W	70.3	37.932778	-122.408847
131184	21584650	2023-04-12T23:10:00	4	W	20.036	38.019101	-121.937152
131240	21584745	2023-04-13T01:46:00	680	N	47.56	37.922044	-122.061426
131254	21584770	2023-04-13T02:43:00	24	W	5.1	37.86612	-122.206946
131391	21584981	2023-04-13T06:52:00	4	W	26.728	37.998674	-121.817967
131398	21584992	2023-04-13T06:54:00	4	W	26.728	37.998674	-121.817967
131430	21585035	2023-04-13T07:22:00	680	S	46.913	37.913136	-122.067073
131431	21585036	2023-04-13T07:21:00	680	S	46.913	37.913136	-122.067073
131443	21585050	2023-04-13T07:27:00	242	S	2.0	37.983275	-122.041624
131462	21585083	2023-04-13T07:42:00	4	W	12.294	37.994906	-122.070628
131463	21585084	2023-04-13T07:39:00	4	W	12.294	37.994906	-122.070628
131468	21585091	2023-04-13T07:49:00	4	W	23.37	38.013977	-121.876289
131556	21585205	2023-04-13T08:42:00	680	S	38.395	37.81494	-121.993459
131557	21585206	2023-04-13T08:39:00	680	S	38.395	37.81494	-121.993459
131592	21585264	2023-04-13T09:15:00	680	S	49.236	37.945369	-122.058286
131599	21585279	2023-04-13T09:26:00	4	W	26.728	37.998674	-121.817967
131618	21585304	2023-04-13T09:44:00	242	N	0.8	37.96661	-122.048744
131680	21585386	2023-04-13T10:38:00	24	E	11.7	37.8969	-122.101841
131810	21585570	2023-04-13T11:14:00	24	W	5.4	37.868261	-122.200872
132019	21585874	2023-04-13T15:15:00	24	W	8.1	37.892846	-122.166865
132020	21585875	2023-04-13T15:11:00	24	W	8.1	37.892846	-122.166865
132032	21585894	2023-04-13T15:27:00	680	S	38.395	37.81494	-121.993459
132042	21585908	2023-04-13T15:30:00	580	W	72.2	37.935097	-122.444517
132043	21585909	2023-04-13T15:29:00	680	S	38.395	37.81494	-121.993459
132051	21585919	2023-04-13T15:36:00	80	E	19.0	37.971598	-122.319869
132057	21585930	2023-04-13T15:42:00	680	N	44.388	37.884064	-122.05333
132058	21585931	2023-04-13T15:38:00	4	E	25.929	38.002351	-121.832686
132065	21585942	2023-04-13T15:45:00	680	N	43.721	37.876406	-122.046355
132132	21586048	2023-04-13T16:29:00	4	W	25.717	38.003464	-121.835484
132136	21586052	2023-04-13T16:36:00	4	W	5.636	38.013022	-122.17456
132142	21586059	2023-04-13T16:42:00	4	E	23.664	38.012821	-121.872431
132166	21586094	2023-04-13T16:56:00	24	W	12.9	37.897483	-122.081196
132189	21586124	2023-04-13T17:12:00	680	S	35.873	37.780831	-121.97722
132190	21586125	2023-04-13T17:10:00	4	E	19.485	38.018836	-121.948032
132211	21586158	2023-04-13T17:28:00	4	E	4.414	38.012909	-122.195991
132229	21586185	2023-04-13T17:35:00	24	E	12.3	37.897673	-122.09113
132230	21586186	2023-04-13T17:31:00	80	W	16.5	37.940155	-122.324756
132257	21586226	2023-04-13T17:49:00	24	E	8.5	37.892591	-122.159524
132395	21586416	2023-04-13T19:40:00	4	E	24.198	38.01073	-121.863155
132518	21586616	2023-04-13T22:12:00	242	S	0.2	37.956956	-122.053305
132706	21586898	2023-04-14T06:08:00	680	N	47.855	37.926362	-122.060449
132714	21586912	2023-04-14T06:14:00	680	N	56.193	38.026944	-122.114167
132734	21586953	2023-04-14T06:45:00	80	W	23.7	38.018484	-122.266235
132747	21586973	2023-04-14T06:55:00	80	E	18.4	37.96469	-122.324915
132759	21586993	2023-04-14T07:03:00	4	W	24.789	38.007914	-121.851872
132768	21587007	2023-04-14T07:15:00	4	W	12.337	37.994782	-122.069526
132769	21587008	2023-04-14T07:10:00	680	N	37.79	37.806862	-121.990775
132808	21587060	2023-04-14T07:45:00	680	S	39.223	37.826477	-121.996334
132814	21587069	2023-04-14T07:51:00	4	W	12.337	37.994782	-122.069526
132815	21587070	2023-04-14T07:50:00	4	W	12.337	37.994782	-122.069526
132865	21587146	2023-04-14T08:28:00	580	W	67.0	37.92185	-122.351943
132878	21587169	2023-04-14T08:36:00	4	E	19.751	38.018741	-121.942884
132933	21587249	2023-04-14T09:31:00	680	S	35.873	37.780831	-121.97722
132937	21587256	2023-04-14T09:37:00	80	E	12.3	37.884747	-122.308659
132939	21587258	2023-04-14T09:35:00	80	E	16.5	37.94046	-122.324391
132957	21587277	2023-04-14T09:43:00	24	W	11.1	37.895372	-122.113724
133001	21587335	2023-04-14T10:24:00	4	W	15.194	38.01011	-122.021262
133008	21587345	2023-04-14T10:36:00	80	E	11.4	37.870249	-122.304706
133031	21587371	2023-04-14T10:56:00	4	W	0.743	38.013479	-122.259298
133104	21587492	2023-04-14T12:10:00	680	S	47.508	37.920636	-122.062281
133125	21587528	2023-04-14T12:33:00	4	E	5.671	38.012858	-122.174702
133126	21587529	2023-04-14T12:32:00	80	E	18.9	37.969909	-122.320442
133127	21587530	2023-04-14T12:31:00	80	E	18.9	37.969909	-122.320442
133239	21587677	2023-04-14T13:47:00	680	S	34.564	37.763758	-121.967986
133269	21587723	2023-04-14T14:11:00	680	S	31.27	37.721573	-121.938864
133291	21587760	2023-04-14T14:27:00	4	W	23.37	38.013977	-121.876289
133301	21587782	2023-04-14T14:35:00	242	N	2.0	37.982719	-122.041525
133343	21587839	2023-04-14T15:01:00	580	W	70.0	37.932486	-122.403542
133347	21587849	2023-04-14T15:11:00	24	E	3.7	37.851469	-122.222575
133349	21587851	2023-04-14T15:08:00	24	E	3.7	37.851469	-122.222575
133382	21587896	2023-04-14T15:39:00	80	W	12.1	37.881911	-122.308246
133383	21587897	2023-04-14T15:37:00	80	W	12.1	37.881911	-122.308246
133389	21587910	2023-04-14T15:43:00	680	N	34.298	37.760375	-121.965448
133390	21587911	2023-04-14T15:42:00	680	N	34.298	37.760375	-121.965448
133415	21587950	2023-04-14T15:53:00	24	W	8.9	37.891793	-122.151758
133434	21587974	2023-04-14T16:03:00	4	W	27.088	37.998417	-121.81166
133443	21587986	2023-04-14T16:10:00	242	S	0.8	37.966634	-122.048958
133449	21587996	2023-04-14T16:15:00	680	S	47.508	37.920636	-122.062281
133467	21588025	2023-04-14T16:32:00	580	W	65.8	37.919271	-122.331368
133468	21588026	2023-04-14T16:30:00	24	E	2.1	37.845854	-122.247879
133469	21588027	2023-04-14T16:26:00	24	E	2.1	37.845854	-122.247879
133478	21588048	2023-04-14T16:42:00	4	W	23.665	38.012996	-121.871769
133480	21588050	2023-04-14T16:38:00	4	E	13.332	38.000576	-122.054088
134062	21588970	2023-04-15T05:37:00	242	N	3.3	38.003865	-122.042102
134134	21589077	2023-04-15T07:48:00	680	S	47.972	37.927223	-122.06066
134137	21589082	2023-04-15T07:51:00	680	N	48.56	37.936454	-122.060091
134138	21589083	2023-04-15T07:50:00	680	S	47.694	37.923282	-122.061272
134147	21589100	2023-04-15T08:06:00	680	S	28.6	37.687307	-121.91744
134150	21589103	2023-04-15T08:11:00	242	S	2.0	37.983275	-122.041624
134172	21589132	2023-04-15T08:40:00	80	W	15.9	37.93162	-122.325372
134200	21589172	2023-04-15T09:09:00	680	S	41.498	37.847743	-122.02778
134202	21589177	2023-04-15T09:14:00	4	W	26.728	37.998674	-121.817967
134305	21589352	2023-04-15T11:09:00	4	W	4.968	38.016331	-122.186186
134311	21589360	2023-04-15T11:18:00	4	W	9.11	37.992411	-122.125089
134357	21589433	2023-04-15T11:52:00	680	N	48.56	37.936454	-122.060091
134358	21589434	2023-04-15T11:51:00	4	W	25.717	38.003464	-121.835484
134556	21589733	2023-04-15T14:32:00	580	W	63.9	37.89741	-122.311741
134573	21589755	2023-04-15T14:37:00	580	W	67.1	37.921855	-122.354109
134585	21589774	2023-04-15T14:50:00	580	W	64.8	37.908665	-122.320973
134624	21589834	2023-04-15T15:20:00	580	W	63.9	37.89741	-122.311741
134636	21589851	2023-04-15T15:29:00	24	E	8.1	37.892634	-122.165653
134684	21589919	2023-04-15T16:12:00	80	W	19.3	37.975686	-122.318684
134688	21589927	2023-04-15T16:13:00	80	W	17.9	37.959772	-122.330645
134710	21589962	2023-04-15T16:38:00	160	N	0.0	37.99523	-121.755948
134722	21589981	2023-04-15T16:46:00	4	W	2.777	38.009209	-122.223901
134837	21590155	2023-04-15T18:35:00	80	E	20.6	37.99184	-122.307909
134840	21590164	2023-04-15T18:42:00	80	E	21.5	37.99478	-122.291239
134845	21590174	2023-04-15T18:44:00	680	S	40.301	37.836427	-122.011894
134871	21590210	2023-04-15T19:08:00	24	W	8.1	37.892846	-122.166865
134947	21590330	2023-04-15T20:42:00	680	N	50.21	37.959712	-122.051595
134948	21590331	2023-04-15T20:40:00	680	N	52.775	37.995586	-122.066559
134972	21590374	2023-04-15T21:22:00	580	W	67.1	37.921855	-122.354109
134985	21590396	2023-04-15T21:36:00	80	E	15.9	37.932417	-122.325715
134990	21590403	2023-04-15T21:35:00	4	E	22.429	38.017951	-121.894061
135052	21590502	2023-04-15T23:04:00	24	E	4.1	37.854646	-122.21709
135076	21590547	2023-04-15T23:57:00	24	E	5.4	37.867235	-122.201026
135184	21590726	2023-04-16T03:57:00	680	N	37.79	37.806862	-121.990775
135189	21590735	2023-04-16T04:15:00	242	N	0.3	37.959712	-122.051595
135313	21590938	2023-04-16T08:51:00	680	N	35.863	37.78143	-121.977213
135321	21590951	2023-04-16T09:07:00	4	E	33.804	37.943992	-121.742118
135333	21590969	2023-04-16T09:26:00	24	E	4.1	37.854646	-122.21709
135335	21590972	2023-04-16T09:27:00	24	E	4.1	37.854646	-122.21709
135341	21590982	2023-04-16T09:33:00	4	W	30.427	37.988982	-121.752267
135404	21591084	2023-04-16T10:55:00	680	S	48.324	37.932715	-122.060323
135442	21591149	2023-04-16T11:41:00	4	E	12.399	37.994604	-122.069421
135530	21591283	2023-04-16T13:09:00	80	W	13.8	37.903864	-122.312909
135551	21591317	2023-04-16T13:35:00	4	W	22.348	38.018567	-121.895066
135568	21591346	2023-04-16T13:57:00	80	W	17.4	37.952263	-122.327903
135575	21591363	2023-04-16T14:07:00	80	E	19.0	37.971598	-122.319869
135579	21591369	2023-04-16T14:09:00	580	E	65.1	37.9114	-122.323427
135580	21591370	2023-04-16T14:05:00	80	W	13.1	37.895221	-122.308233
135586	21591381	2023-04-16T14:14:00	24	E	4.5	37.858422	-122.211892
135592	21591391	2023-04-16T14:24:00	4	W	29.694	37.991686	-121.765042
135603	21591410	2023-04-16T14:34:00	4	W	28.31	37.997154	-121.790106
135660	21591492	2023-04-16T15:22:00	80	E	25.8	38.042706	-122.24148
135661	21591493	2023-04-16T15:20:00	580	E	72.3	37.935051	-122.444617
135683	21591530	2023-04-16T15:44:00	580	E	72.3	37.935043	-122.444523
135693	21591548	2023-04-16T15:56:00	80	W	11.3	37.869523	-122.304749
135718	21591585	2023-04-16T16:16:00	4	W	10.836	37.990762	-122.096283
135771	21591661	2023-04-16T17:09:00	680	S	57.439	38.041468	-122.123672
135795	21591691	2023-04-16T17:31:00	24	W	8.9	37.891793	-122.151758
135861	21591816	2023-04-16T18:57:00	24	W	12.9	37.897483	-122.081196
135897	21591871	2023-04-16T19:38:00	4	W	10.836	37.990762	-122.096283
135902	21591882	2023-04-16T19:39:00	4	W	12.337	37.994782	-122.069526
135982	21592026	2023-04-16T21:14:00	680	S	44.891	37.889558	-122.058503
135989	21592040	2023-04-16T21:32:00	80	W	17.9	37.959772	-122.330645
135997	21592053	2023-04-16T21:38:00	80	W	17.9	37.959772	-122.330645
136018	21592082	2023-04-16T22:07:00	4	W	30.205	37.99523	-121.755948
136124	21592254	2023-04-17T03:27:00	24	W	8.1	37.892846	-122.166865
136175	21592334	2023-04-17T05:55:00	580	W	64.8	37.908665	-122.320973
136176	21592335	2023-04-17T05:54:00	680	S	44.891	37.889558	-122.058503
136177	21592336	2023-04-17T05:53:00	24	W	5.1	37.86612	-122.206946
136185	21592345	2023-04-17T06:02:00	4	W	0.311	38.018239	-122.266264
136315	21592545	2023-04-17T07:43:00	4	W	12.337	37.994782	-122.069526
136339	21592575	2023-04-17T07:59:00	4	W	28.469	37.996589	-121.786913
136373	21592623	2023-04-17T08:20:00	80	W	22.2	38.00178	-122.281783
136374	21592626	2023-04-17T08:18:00	80	W	22.2	38.00178	-122.281783
136380	21592636	2023-04-17T08:28:00	80	W	17.9	37.959772	-122.330645
136382	21592638	2023-04-17T08:25:00	580	W	70.0	37.932486	-122.403542
136392	21592650	2023-04-17T08:29:00	80	W	17.9	37.959772	-122.330645
136421	21592703	2023-04-17T08:57:00	242	S	0.2	37.956956	-122.053305
136470	21592769	2023-04-17T09:39:00	4	W	12.059	37.993171	-122.074252
136476	21592776	2023-04-17T09:47:00	680	S	34.081	37.75706	-121.963575
136478	21592778	2023-04-17T09:43:00	680	S	34.081	37.75706	-121.963575
136495	21592803	2023-04-17T10:02:00	80	E	16.5	37.94046	-122.324391
136500	21592813	2023-04-17T10:14:00	4	W	14.148	38.000947	-122.037852
136504	21592819	2023-04-17T10:20:00	580	W	63.9	37.89741	-122.311741
136532	21592860	2023-04-17T10:48:00	4	W	28.794	37.995591	-121.780403
136578	21592922	2023-04-17T11:33:00	80	W	14.6	37.914584	-122.317505
136579	21592923	2023-04-17T11:32:00	680	N	57.433	38.042939	-122.121808
136596	21592946	2023-04-17T11:51:00	80	E	19.4	37.976665	-122.318159
136602	21592955	2023-04-17T12:02:00	4	W	13.715	38.002816	-122.046293
136610	21592966	2023-04-17T12:06:00	680	N	28.923	37.692391	-121.91918
136617	21592975	2023-04-17T12:11:00	680	N	46.316	37.905243	-122.069406
136622	21592981	2023-04-17T12:19:00	80	E	12.1	37.881746	-122.307966
136623	21592982	2023-04-17T12:18:00	80	E	12.1	37.881746	-122.307966
136625	21592984	2023-04-17T12:14:00	680	S	48.324	37.932715	-122.060323
136642	21593011	2023-04-17T12:27:00	4	W	18.122	38.023975	-121.971031
136756	21593186	2023-04-17T14:28:00	680	N	42.845	37.865358	-122.03765
136787	21593226	2023-04-17T14:36:00	680	N	42.444	37.861176	-122.032978
136807	21593249	2023-04-17T14:55:00	4	W	16.263	38.013095	-122.001843
136939	21593434	2023-04-17T16:25:00	24	E	4.1	37.854646	-122.21709
136962	21593467	2023-04-17T16:41:00	80	E	19.0	37.971598	-122.319869
136963	21593468	2023-04-17T16:40:00	80	E	19.0	37.971598	-122.319869
136967	21593478	2023-04-17T16:49:00	24	W	3.2	37.849086	-122.229974
136968	21593479	2023-04-17T16:47:00	4	E	22.429	38.017951	-121.894061
136969	21593480	2023-04-17T16:44:00	4	W	24.611	38.008905	-121.855038
137283	21593956	2023-04-17T22:13:00	24	W	7.6	37.890168	-122.174599
137333	21594037	2023-04-18T00:05:00	4	E	22.429	38.017951	-121.894061
137339	21594049	2023-04-18T00:37:00	242	N	2.1	37.98392	-122.041279
137425	21594195	2023-04-18T05:50:00	4	E	18.812	38.021811	-121.960767
137438	21594217	2023-04-18T06:07:00	4	E	18.812	38.021811	-121.960767
137474	21594287	2023-04-18T06:54:00	4	E	25.13	38.006348	-121.846914
137475	21594288	2023-04-18T06:51:00	4	E	25.13	38.006348	-121.846914
137511	21594344	2023-04-18T07:29:00	160	N	0.9	38.018343	-121.751477
137513	21594346	2023-04-18T07:29:00	4	E	24.198	38.01073	-121.863155
137519	21594355	2023-04-18T07:27:00	4	E	25.442	38.004791	-121.841338
137578	21594437	2023-04-18T08:06:00	680	S	50.502	37.962947	-122.054342
137582	21594441	2023-04-18T08:10:00	680	S	50.502	37.962947	-122.054342
137616	21594493	2023-04-18T08:34:00	24	E	3.6	37.850088	-122.223172
137645	21594529	2023-04-18T08:52:00	4	W	20.036	38.019101	-121.937152
137914	21594928	2023-04-18T13:01:00	24	E	4.5	37.858422	-122.211892
137931	21594952	2023-04-18T13:22:00	80	E	26.7	38.051224	-122.229366
137965	21594999	2023-04-18T13:53:00	242	N	2.1	37.98392	-122.041279
137966	21595000	2023-04-18T13:49:00	4	W	4.464	38.014135	-122.19433
137967	21595001	2023-04-18T13:48:00	680	N	45.688	37.896324	-122.070513
137976	21595011	2023-04-18T13:52:00	680	S	53.005	37.993496	-122.073288
138062	21595117	2023-04-18T14:51:00	80	E	14.1	37.907164	-122.314949
138103	21595177	2023-04-18T15:16:00	680	N	56.193	38.026944	-122.114167
138139	21595231	2023-04-18T15:42:00	4	E	31.52	37.975972	-121.74242
138160	21595263	2023-04-18T15:55:00	80	E	23.1	38.011875	-122.272168
138161	21595264	2023-04-18T15:54:00	680	S	50.362	37.960855	-122.053254
138169	21595276	2023-04-18T16:00:00	680	N	50.975	37.969452	-122.058735
138178	21595287	2023-04-18T16:07:00	680	N	49.937	37.95548	-122.053382
138179	21595288	2023-04-18T16:06:00	680	N	49.937	37.95548	-122.053382
138187	21595299	2023-04-18T16:14:00	680	N	48.815	37.940053	-122.060052
138188	21595300	2023-04-18T16:12:00	680	N	48.815	37.940053	-122.060052
138203	21595321	2023-04-18T16:19:00	4	E	15.58	38.010574	-122.015485
138210	21595329	2023-04-18T16:28:00	680	N	41.97	37.854862	-122.029221
138211	21595330	2023-04-18T16:21:00	680	N	41.97	37.854862	-122.029221
138216	21595337	2023-04-18T16:31:00	4	E	15.58	38.010574	-122.015485
138217	21595338	2023-04-18T16:29:00	4	E	15.58	38.010574	-122.015485
138233	21595360	2023-04-18T16:42:00	80	E	21.5	37.99478	-122.291239
138249	21595380	2023-04-18T16:51:00	4	W	31.46	37.976136	-121.741915
138288	21595432	2023-04-18T17:13:00	242	N	2.8	37.993791	-122.039167
138291	21595435	2023-04-18T17:09:00	242	N	2.8	37.993791	-122.039167
138298	21595445	2023-04-18T17:16:00	80	E	19.0	37.971598	-122.319869
138299	21595446	2023-04-18T17:14:00	580	E	74.3	37.942764	-122.478971
138315	21595467	2023-04-18T17:26:00	242	N	1.9	37.98069	-122.042276
138316	21595468	2023-04-18T17:20:00	242	N	1.9	37.98069	-122.042276
138534	21595783	2023-04-18T21:00:00	80	W	15.9	37.93162	-122.325372
138542	21595798	2023-04-18T21:19:00	24	E	8.5	37.892591	-122.159524
138620	21595935	2023-04-18T23:44:00	242	N	0.8	37.96661	-122.048744
138629	21595948	2023-04-19T00:03:00	24	E	7.5	37.888907	-122.175662
138651	21595987	2023-04-19T01:46:00	4	W	4.464	38.014135	-122.19433
138931	21596420	2023-04-19T08:25:00	680	S	43.021	37.866847	-122.039129
138941	21596436	2023-04-19T08:35:00	680	S	50.362	37.960855	-122.053254
138972	21596484	2023-04-19T08:57:00	24	W	8.1	37.892846	-122.166865
139049	21596595	2023-04-19T10:14:00	80	W	14.6	37.914584	-122.317505
139087	21596648	2023-04-19T10:45:00	242	N	2.8	37.993791	-122.039167
139207	21596813	2023-04-19T12:27:00	4	W	0.743	38.013479	-122.259298
139215	21596823	2023-04-19T12:30:00	4	W	9.626	37.996431	-122.116998
139223	21596835	2023-04-19T12:31:00	4	E	4.414	38.012909	-122.195991
139232	21596846	2023-04-19T12:39:00	24	E	12.3	37.897673	-122.09113
139245	21596862	2023-04-19T12:52:00	4	W	0.091	38.01558	-122.270929
139537	21597271	2023-04-19T16:18:00	24	W	2.9	37.848986	-122.235713
139538	21597272	2023-04-19T16:17:00	24	W	4.5	37.859241	-122.213052
139565	21597303	2023-04-19T16:29:00	24	W	2.9	37.848986	-122.235713
139566	21597304	2023-04-19T16:27:00	680	S	56.147	38.02585	-122.11332
139567	21597305	2023-04-19T16:25:00	680	S	56.147	38.02585	-122.11332
139636	21597396	2023-04-19T17:02:00	24	E	8.5	37.892591	-122.159524
139649	21597415	2023-04-19T17:15:00	80	E	14.5	37.913842	-122.317314
139702	21597486	2023-04-19T17:49:00	580	E	67.2	37.921689	-122.354277
139703	21597487	2023-04-19T17:46:00	242	N	3.2	38.000481	-122.037725
139708	21597497	2023-04-19T17:46:00	160	S	2.5	38.041985	-121.751613
139709	21597498	2023-04-19T17:55:00	160	S	2.5	38.041984	-121.751613
139745	21597542	2023-04-19T18:17:00	680	N	45.038	37.89113	-122.060912
139756	21597556	2023-04-19T18:19:00	4	E	8.677	37.989925	-122.133315
139794	21597606	2023-04-19T18:42:00	4	E	28.825	37.99544	-121.781728
139803	21597616	2023-04-19T18:48:00	4	E	28.825	37.99544	-121.781728
139850	21597692	2023-04-19T19:51:00	4	W	28.794	37.995591	-121.780403
139882	21597741	2023-04-19T20:25:00	24	E	8.1	37.892634	-122.165653
139933	21597830	2023-04-19T21:46:00	24	E	11.7	37.8969	-122.101841
139947	21597852	2023-04-19T22:06:00	680	S	29.137	37.694397	-121.920222
139961	21597869	2023-04-19T22:36:00	4	E	10.42	37.993192	-122.104465
140172	21598199	2023-04-20T07:03:00	680	S	48.324	37.932715	-122.060323
140178	21598208	2023-04-20T07:04:00	680	S	48.324	37.932715	-122.060323
140193	21598242	2023-04-20T07:23:00	580	W	70.0	37.932486	-122.403542
140200	21598253	2023-04-20T07:33:00	4	W	24.061	38.011402	-121.864671
140273	21598348	2023-04-20T08:15:00	80	W	13.1	37.895221	-122.308233
140281	21598359	2023-04-20T08:20:00	680	S	53.355	37.999523	-122.076105
140312	21598399	2023-04-20T08:36:00	4	W	20.036	38.019101	-121.937152
140324	21598416	2023-04-20T08:46:00	80	W	16.5	37.940155	-122.324756
140325	21598417	2023-04-20T08:42:00	80	W	14.1	37.907481	-122.315399
140342	21598445	2023-04-20T08:59:00	242	S	0.2	37.956956	-122.053305
140346	21598451	2023-04-20T09:09:00	242	S	0.2	37.956956	-122.053305
140361	21598472	2023-04-20T09:16:00	580	E	72.3	37.935043	-122.444523
140380	21598494	2023-04-20T09:33:00	24	W	6.4	37.875588	-122.187732
140381	21598495	2023-04-20T09:31:00	80	W	17.4	37.952263	-122.327903
140383	21598497	2023-04-20T09:29:00	80	W	17.4	37.952263	-122.327903
140384	21598498	2023-04-20T09:28:00	24	E	7.5	37.888907	-122.175662
140390	21598506	2023-04-20T09:38:00	24	E	7.5	37.888907	-122.175662
140435	21598564	2023-04-20T10:09:00	4	W	25.717	38.003464	-121.835484
140455	21598589	2023-04-20T10:20:00	242	S	2.0	37.983275	-122.041624
140546	21598718	2023-04-20T11:44:00	80	W	20.3	37.989215	-122.312635
140547	21598719	2023-04-20T11:41:00	80	W	20.3	37.989215	-122.312635
140573	21598758	2023-04-20T11:59:00	680	N	37.79	37.806862	-121.990775
140576	21598763	2023-04-20T12:06:00	580	W	69.1	37.929643	-122.387723
140577	21598764	2023-04-20T12:05:00	24	E	7.5	37.888907	-122.175662
140598	21598799	2023-04-20T12:25:00	4	E	12.399	37.994604	-122.069421
140606	21598813	2023-04-20T12:29:00	680	N	52.775	37.995586	-122.066559
140629	21598841	2023-04-20T12:44:00	4	W	5.636	38.013022	-122.17456
140689	21598930	2023-04-20T13:40:00	80	W	27.2	38.056308	-122.225996
140709	21598965	2023-04-20T13:59:00	242	N	2.0	37.982719	-122.041525
141299	21599780	2023-04-20T20:13:00	680	S	54.598	38.013232	-122.09078
141315	21599811	2023-04-20T20:32:00	24	W	8.9	37.891793	-122.151758
141317	21599813	2023-04-20T20:27:00	4	E	27.171	37.998126	-121.811133
141340	21599859	2023-04-20T21:00:00	80	E	18.9	37.969909	-122.320442
141353	21599885	2023-04-20T21:22:00	4	E	23.664	38.012821	-121.872431
141356	21599892	2023-04-20T21:24:00	4	E	23.664	38.012821	-121.872431
141367	21599911	2023-04-20T21:40:00	24	E	4.9	37.862496	-122.209079
141368	21599912	2023-04-20T21:39:00	4	W	26.728	37.998674	-121.817967
141497	21600127	2023-04-21T02:20:00	4	E	22.429	38.017951	-121.894061
141560	21600224	2023-04-21T05:27:00	580	E	72.3	37.935043	-122.444523
141572	21600247	2023-04-21T05:50:00	4	E	12.399	37.994604	-122.069421
141615	21600324	2023-04-21T06:53:00	4	W	31.46	37.976136	-121.741915
141786	21600571	2023-04-21T08:50:00	680	N	48.56	37.936454	-122.060091
141804	21600597	2023-04-21T08:57:00	160	S	1.4	38.02676	-121.751567
141815	21600614	2023-04-21T09:14:00	580	E	67.3	37.922147	-122.356942
141827	21600639	2023-04-21T09:29:00	580	E	65.5	37.915427	-122.326949
141841	21600668	2023-04-21T09:49:00	4	E	19.751	38.018741	-121.942884
141881	21600725	2023-04-21T10:25:00	80	E	11.4	37.870249	-122.304706
141894	21600744	2023-04-21T10:42:00	680	N	48.56	37.936454	-122.060091
141904	21600757	2023-04-21T10:47:00	580	W	72.2	37.935097	-122.444517
141915	21600777	2023-04-21T10:59:00	4	W	24.061	38.011402	-121.864671
141950	21600823	2023-04-21T11:24:00	24	W	7.1	37.88436	-122.179679
142206	21601167	2023-04-21T14:20:00	680	N	46.866	37.912775	-122.06692
142266	21601248	2023-04-21T15:03:00	4	W	30.427	37.988982	-121.752267
142322	21601324	2023-04-21T15:30:00	80	E	29.1	38.082991	-122.233205
142383	21601416	2023-04-21T16:05:00	80	E	26.7	38.051224	-122.229366
142412	21601461	2023-04-21T16:29:00	4	E	10.42	37.993192	-122.104465
142472	21601543	2023-04-21T16:58:00	680	N	52.53	37.990271	-122.06743
142474	21601545	2023-04-21T16:56:00	680	N	52.53	37.990271	-122.06743
142486	21601563	2023-04-21T17:06:00	580	W	64.8	37.908665	-122.320973
142507	21601593	2023-04-21T17:13:00	680	N	31.373	37.723461	-121.939994
142534	21601626	2023-04-21T17:30:00	24	E	7.0	37.882923	-122.180083
142544	21601639	2023-04-21T17:34:00	680	S	45.272	37.892761	-122.064902
142632	21601758	2023-04-21T18:28:00	4	W	16.962	38.017386	-121.990427
142638	21601769	2023-04-21T18:32:00	4	W	24.061	38.011402	-121.864671
142924	21602230	2023-04-22T00:04:00	580	W	67.1	37.921855	-122.354109
142931	21602239	2023-04-22T00:10:00	4	W	13.715	38.002816	-122.046293
143015	21602381	2023-04-22T03:43:00	580	W	67.1	37.921855	-122.354109
143019	21602388	2023-04-22T04:01:00	80	W	19.6	37.979573	-122.317375
143020	21602389	2023-04-22T04:00:00	80	W	20.7	37.992603	-122.306302
143027	21602401	2023-04-22T04:19:00	4	E	26.414	38.000165	-121.824832
143101	21602542	2023-04-22T07:21:00	4	E	22.429	38.017951	-121.894061
143146	21602613	2023-04-22T08:22:00	80	W	15.6	37.927978	-122.32287
143159	21602635	2023-04-22T08:33:00	4	E	13.332	38.000576	-122.054088
143513	21603161	2023-04-22T13:54:00	4	E	16.999	38.016763	-121.990745
143556	21603220	2023-04-22T14:28:00	80	W	29.5	38.088285	-122.231856
143579	21603254	2023-04-22T14:48:00	24	E	4.5	37.858352	-122.21196
143580	21603255	2023-04-22T14:44:00	680	N	34.298	37.760375	-121.965448
143613	21603302	2023-04-22T15:05:00	242	N	2.8	37.993791	-122.039167
143891	21603702	2023-04-22T18:51:00	24	E	10.4	37.892862	-122.125001
143918	21603743	2023-04-22T19:26:00	680	S	38.395	37.81494	-121.993459
143929	21603760	2023-04-22T19:38:00	24	E	6.4	37.874851	-122.18658
143996	21603886	2023-04-22T21:25:00	80	E	28.3	38.07247	-122.228965
143997	21603887	2023-04-22T21:23:00	80	W	13.8	37.903864	-122.312909
144032	21603948	2023-04-22T22:19:00	242	S	0.2	37.956956	-122.053305
144139	21604157	2023-04-23T02:00:00	4	E	14.23	38.004458	-122.038839
144171	21604202	2023-04-23T02:57:00	24	W	3.2	37.849086	-122.229974
144187	21604221	2023-04-23T03:21:00	680	S	57.439	38.041414	-122.123738
144189	21604223	2023-04-23T03:25:00	242	S	0.8	37.966634	-122.048958
144315	21604421	2023-04-23T07:41:00	80	E	18.9	37.969909	-122.320442
144336	21604452	2023-04-23T08:16:00	680	N	39.258	37.827317	-121.997036
144345	21604470	2023-04-23T08:36:00	4	W	31.46	37.976136	-121.741915
144548	21604788	2023-04-23T12:48:00	80	E	11.7	37.874502	-122.306023
144568	21604820	2023-04-23T13:12:00	4	E	30.995	37.982313	-121.746896
144611	21604876	2023-04-23T13:44:00	24	W	12.4	37.898073	-122.09004
144612	21604877	2023-04-23T13:43:00	4	W	23.37	38.013977	-121.876289
144694	21604999	2023-04-23T14:57:00	580	W	64.8	37.908665	-122.320973
144716	21605033	2023-04-23T15:17:00	24	E	10.4	37.892862	-122.125001
144748	21605080	2023-04-23T15:37:00	4	W	20.036	38.019101	-121.937152
144881	21605293	2023-04-23T18:01:00	580	E	67.2	37.921658	-122.353789
144939	21605393	2023-04-23T18:58:00	4	E	8.677	37.989925	-122.133315
145025	21605532	2023-04-23T20:37:00	680	S	58.012	38.048687	-122.129778
145033	21605543	2023-04-23T20:38:00	4	E	22.429	38.017951	-121.894061
145058	21605585	2023-04-23T21:15:00	4	E	12.474	37.994636	-122.068215
145063	21605596	2023-04-23T21:24:00	80	E	11.7	37.874502	-122.306023
145086	21605633	2023-04-23T21:52:00	4	E	28.825	37.99544	-121.781728
145105	21605664	2023-04-23T22:37:00	4	W	28.31	37.997154	-121.790106
145153	21605750	2023-04-24T00:15:00	24	E	4.1	37.854646	-122.21709
145156	21605757	2023-04-24T00:27:00	4	W	19.521	38.019089	-121.946589
145157	21605758	2023-04-24T00:25:00	4	W	19.828	38.019102	-121.940875
145168	21605776	2023-04-24T01:05:00	24	E	10.4	37.892862	-122.125001
145188	21605801	2023-04-24T01:57:00	4	E	27.171	37.998126	-121.811133
145193	21605808	2023-04-24T02:17:00	4	E	32.916	37.957212	-121.744885
145195	21605812	2023-04-24T02:27:00	4	W	31.03	37.982452	-121.746491
145328	21606028	2023-04-24T06:58:00	680	S	48.105	37.929444	-122.060749
145347	21606062	2023-04-24T07:15:00	24	W	1.7	37.843503	-122.254967
145362	21606083	2023-04-24T07:25:00	4	W	15.194	38.01011	-122.021262
145498	21606272	2023-04-24T08:55:00	80	W	14.1	37.907481	-122.315399
145517	21606295	2023-04-24T09:13:00	24	E	4.8	37.861022	-122.209626
145518	21606296	2023-04-24T09:11:00	24	E	4.8	37.861022	-122.209626
145523	21606303	2023-04-24T09:15:00	24	W	3.7	37.851328	-122.222873
145614	21606442	2023-04-24T10:53:00	680	N	33.953	37.756191	-121.962774
145617	21606452	2023-04-24T10:54:00	24	W	4.5	37.858937	-122.212644
145634	21606473	2023-04-24T11:09:00	680	S	49.236	37.945369	-122.058286
145669	21606531	2023-04-24T11:40:00	680	N	44.388	37.884064	-122.05333
145670	21606532	2023-04-24T11:38:00	4	E	19.751	38.018741	-121.942884
145687	21606556	2023-04-24T11:58:00	680	N	42.845	37.865358	-122.03765
145688	21606558	2023-04-24T11:55:00	4	E	18.515	38.022678	-121.965215
145701	21606581	2023-04-24T12:05:00	24	W	3.7	37.851328	-122.222873
145718	21606609	2023-04-24T12:26:00	4	W	10.836	37.990762	-122.096283
145719	21606610	2023-04-24T12:25:00	242	N	2.1	37.98392	-122.041279
145764	21606674	2023-04-24T12:59:00	680	N	55.442	38.021623	-122.102612
145802	21606728	2023-04-24T13:28:00	680	N	58.663	38.059332	-122.130402
145831	21606761	2023-04-24T13:47:00	24	E	9.0	37.891181	-122.150167
145852	21606799	2023-04-24T14:05:00	580	E	63.1	37.886658	-122.309253
145877	21606836	2023-04-24T14:23:00	80	W	14.6	37.914584	-122.317505
145886	21606847	2023-04-24T14:37:00	680	N	58.663	38.059332	-122.130402
145907	21606876	2023-04-24T14:49:00	580	W	70.0	37.932486	-122.403542
145916	21606892	2023-04-24T14:54:00	4	E	24.198	38.01073	-121.863155
145964	21606961	2023-04-24T15:26:00	680	S	35.269	37.772788	-121.973169
145985	21606993	2023-04-24T15:42:00	680	N	39.773	37.831749	-122.00388
146041	21607071	2023-04-24T16:16:00	680	N	39.258	37.827317	-121.997036
146042	21607072	2023-04-24T16:15:00	24	E	8.5	37.892591	-122.159524
146049	21607080	2023-04-24T16:19:00	24	E	8.5	37.892591	-122.159524
146407	21607607	2023-04-24T21:08:00	24	E	6.4	37.874851	-122.18658
146535	21607807	2023-04-25T01:16:00	4	E	25.929	38.002351	-121.832686
146626	21607949	2023-04-25T06:11:00	80	E	13.3	37.898081	-122.309198
146685	21608047	2023-04-25T07:06:00	4	W	24.061	38.011402	-121.864671
146686	21608048	2023-04-25T07:04:00	4	W	24.061	38.011402	-121.864671
146693	21608059	2023-04-25T07:03:00	680	N	35.319	37.773638	-121.973283
146822	21608251	2023-04-25T08:32:00	4	W	16.263	38.013095	-122.001843
146849	21608282	2023-04-25T08:45:00	680	N	46.866	37.912775	-122.06692
146864	21608303	2023-04-25T08:55:00	580	W	69.1	37.929643	-122.387723
146865	21608304	2023-04-25T08:54:00	580	W	69.1	37.929643	-122.387723
146880	21608322	2023-04-25T09:00:00	680	N	29.207	37.69603	-121.920605
146889	21608335	2023-04-25T09:11:00	24	W	11.1	37.895372	-122.113724
146913	21608363	2023-04-25T09:25:00	4	W	4.968	38.016331	-122.186186
146923	21608375	2023-04-25T09:26:00	24	W	4.5	37.859017	-122.212786
147070	21608592	2023-04-25T11:50:00	680	N	49.937	37.95548	-122.053382
147122	21608661	2023-04-25T12:36:00	24	W	8.9	37.891793	-122.151758
147329	21608980	2023-04-25T15:13:00	4	W	20.036	38.019101	-121.937152
147384	21609052	2023-04-25T15:45:00	680	S	46.913	37.913136	-122.067073
147403	21609073	2023-04-25T15:56:00	80	W	14.6	37.914584	-122.317505
147404	21609074	2023-04-25T15:55:00	80	W	14.6	37.914584	-122.317505
147412	21609085	2023-04-25T16:00:00	242	N	2.8	37.993791	-122.039167
147413	21609086	2023-04-25T15:59:00	242	N	2.8	37.993791	-122.039167
147631	21609377	2023-04-25T18:00:00	24	E	3.7	37.851469	-122.222575
147648	21609402	2023-04-25T18:15:00	24	E	5.4	37.867235	-122.201026
147844	21609703	2023-04-25T21:24:00	80	W	12.1	37.881911	-122.308246
147851	21609712	2023-04-25T21:26:00	680	S	28.6	37.687307	-121.91744
147864	21609735	2023-04-25T21:58:00	80	E	28.1	38.069722	-122.226905
147875	21609750	2023-04-25T22:13:00	4	W	14.179	38.004968	-122.038364
147876	21609752	2023-04-25T22:22:00	580	W	63.9	37.89741	-122.311741
147877	21609755	2023-04-25T22:28:00	580	W	70.3	37.932778	-122.408847
147885	21609768	2023-04-25T22:43:00	24	E	5.4	37.867235	-122.201026
147943	21609859	2023-04-26T01:16:00	24	E	6.4	37.874851	-122.18658
147974	21609920	2023-04-26T04:13:00	4	E	13.332	38.000576	-122.054088
148024	21610004	2023-04-26T06:12:00	4	E	22.429	38.017951	-121.894061
148025	21610005	2023-04-26T06:09:00	4	E	22.429	38.017951	-121.894061
148150	21610202	2023-04-26T08:07:00	680	S	48.324	37.932715	-122.060323
148161	21610217	2023-04-26T08:11:00	4	W	24.061	38.011402	-121.864671
148227	21610305	2023-04-26T08:47:00	24	E	4.8	37.861022	-122.209626
148246	21610332	2023-04-26T09:09:00	4	W	27.088	37.998417	-121.81166
148256	21610344	2023-04-26T09:12:00	4	E	22.429	38.017951	-121.894061
148296	21610394	2023-04-26T09:34:00	80	E	20.6	37.99184	-122.307909
148313	21610413	2023-04-26T09:44:00	242	S	2.0	37.983275	-122.041624
148373	21610492	2023-04-26T10:31:00	680	S	29.137	37.694397	-121.920222
148409	21610535	2023-04-26T10:56:00	80	W	11.6	37.872998	-122.305833
148410	21610536	2023-04-26T10:54:00	80	W	11.6	37.872998	-122.305833
148439	21610573	2023-04-26T11:10:00	680	S	47.508	37.920636	-122.062281
148448	21610582	2023-04-26T11:19:00	580	W	64.8	37.908665	-122.320973
148453	21610589	2023-04-26T11:25:00	4	W	30.427	37.988982	-121.752267
148495	21610640	2023-04-26T12:01:00	680	S	49.236	37.945369	-122.058286
148500	21610646	2023-04-26T12:07:00	580	W	63.9	37.89741	-122.311741
148503	21610651	2023-04-26T12:12:00	4	W	16.962	38.017386	-121.990427
148697	21610929	2023-04-26T14:50:00	4	W	4.968	38.016331	-122.186186
148867	21611159	2023-04-26T16:32:00	680	S	43.713	37.875686	-122.0459
148885	21611185	2023-04-26T16:37:00	680	N	39.773	37.831749	-122.00388
148955	21611291	2023-04-26T17:26:00	4	E	25.929	38.002351	-121.832686
149021	21611379	2023-04-26T17:59:00	680	N	38.683	37.819472	-121.993079
149029	21611391	2023-04-26T18:06:00	680	N	41.473	37.847983	-122.027629
149092	21611474	2023-04-26T18:40:00	580	E	72.3	37.935043	-122.444523
149108	21611492	2023-04-26T18:51:00	4	E	23.108	38.015064	-121.882403
149114	21611499	2023-04-26T18:55:00	4	E	23.108	38.015064	-121.882403
149145	21611544	2023-04-26T19:37:00	24	W	8.9	37.891793	-122.151758
149149	21611550	2023-04-26T19:40:00	680	S	29.137	37.694397	-121.920222
149171	21611590	2023-04-26T20:09:00	24	W	7.1	37.88436	-122.179679
149186	21611611	2023-04-26T20:25:00	24	E	7.5	37.888907	-122.175662
149194	21611623	2023-04-26T20:38:00	4	E	30.572	37.98771	-121.750948
149239	21611702	2023-04-26T21:39:00	680	N	57.433	38.042911	-122.121842
149242	21611707	2023-04-26T21:48:00	80	E	11.7	37.874502	-122.306023
149243	21611708	2023-04-26T21:46:00	4	E	30.995	37.982313	-121.746896
149273	21611755	2023-04-26T22:20:00	24	E	6.6	37.87735	-122.184078
149297	21611795	2023-04-26T22:56:00	24	E	5.4	37.867235	-122.201026
149361	21611904	2023-04-27T02:03:00	4	E	28.348	37.996773	-121.789698
149405	21611965	2023-04-27T04:23:00	4	E	25.929	38.002351	-121.832686
149408	21611969	2023-04-27T04:27:00	4	W	13.715	38.002816	-122.046293
149414	21611977	2023-04-27T04:48:00	580	E	72.3	37.935043	-122.444523
149415	21611978	2023-04-27T04:45:00	4	W	13.715	38.002816	-122.046293
149463	21612049	2023-04-27T06:02:00	80	E	29.7	38.091861	-122.230205
149465	21612051	2023-04-27T06:00:00	80	E	29.7	38.091861	-122.230205
149486	21612085	2023-04-27T06:29:00	4	E	9.228	37.99293	-122.123639
149487	21612086	2023-04-27T06:27:00	4	E	9.228	37.99293	-122.123639
149590	21612258	2023-04-27T08:01:00	580	W	68.5	37.927221	-122.376953
149598	21612271	2023-04-27T08:06:00	80	W	26.3	38.046954	-122.235761
149628	21612316	2023-04-27T08:26:00	24	E	11.7	37.8969	-122.101841
149642	21612337	2023-04-27T08:39:00	80	W	13.8	37.903864	-122.312909
149643	21612338	2023-04-27T08:37:00	80	W	13.8	37.903864	-122.312909
149651	21612348	2023-04-27T08:42:00	4	W	20.036	38.019101	-121.937152
149844	21612635	2023-04-27T11:58:00	24	E	3.6	37.850088	-122.223172
149868	21612667	2023-04-27T12:21:00	24	W	12.4	37.898073	-122.09004
149882	21612685	2023-04-27T12:30:00	680	S	31.831	37.728617	-121.944331
149900	21612713	2023-04-27T12:42:00	160	N	0.6	38.014515	-121.751501
149906	21612723	2023-04-27T12:52:00	242	S	2.0	37.983275	-122.041624
149914	21612735	2023-04-27T12:55:00	680	S	35.269	37.772788	-121.973169
150072	21612954	2023-04-27T14:50:00	680	N	46.866	37.912775	-122.06692
150113	21613010	2023-04-27T15:16:00	4	W	27.661	37.998404	-121.801574
150202	21613131	2023-04-27T16:14:00	4	E	23.664	38.012821	-121.872431
150205	21613134	2023-04-27T16:11:00	80	E	10.9	37.863935	-122.302816
150208	21613137	2023-04-27T16:08:00	80	E	10.9	37.863935	-122.302816
150225	21613163	2023-04-27T16:22:00	24	E	4.5	37.858649	-122.212279
150237	21613178	2023-04-27T16:26:00	242	N	1.9	37.98069	-122.042276
150238	21613179	2023-04-27T16:24:00	4	W	12.337	37.994782	-122.069526
150239	21613180	2023-04-27T16:23:00	242	N	1.9	37.98069	-122.042276
150284	21613249	2023-04-27T16:48:00	80	E	19.8	37.98325	-122.315941
150348	21613337	2023-04-27T17:29:00	4	E	18.134	38.023689	-121.972104
150351	21613340	2023-04-27T17:25:00	4	E	18.134	38.023689	-121.972104
150358	21613353	2023-04-27T17:30:00	580	W	64.8	37.908665	-122.320973
150367	21613365	2023-04-27T17:38:00	80	E	20.4	37.990514	-122.310454
150368	21613366	2023-04-27T17:36:00	80	E	20.4	37.990514	-122.310454
150388	21613394	2023-04-27T17:44:00	80	E	23.5	38.014349	-122.26689
150460	21613488	2023-04-27T18:24:00	24	E	8.5	37.892591	-122.159524
150536	21613589	2023-04-27T19:27:00	680	S	29.242	37.696595	-121.921082
150559	21613617	2023-04-27T19:48:00	24	W	8.1	37.892846	-122.166865
150604	21613685	2023-04-27T20:28:00	4	E	16.282	38.012596	-122.002277
150619	21613707	2023-04-27T20:39:00	680	N	31.108	37.720114	-121.937379
150624	21613713	2023-04-27T20:49:00	24	E	6.4	37.874851	-122.18658
150632	21613724	2023-04-27T20:57:00	4	W	9.626	37.996431	-122.116998
150656	21613765	2023-04-27T21:23:00	680	N	52.856	37.994782	-122.069526
150663	21613777	2023-04-27T21:37:00	4	E	20.104	38.018752	-121.937094
150670	21613787	2023-04-27T21:43:00	80	E	10.9	37.863935	-122.302816
150685	21613812	2023-04-27T22:11:00	4	E	9.228	37.99293	-122.123639
150757	21613928	2023-04-28T00:39:00	80	E	16.5	37.94046	-122.324391
150760	21613932	2023-04-28T00:49:00	242	N	2.8	37.993791	-122.039167
150779	21613960	2023-04-28T01:38:00	4	W	23.665	38.012996	-121.871769
150874	21614101	2023-04-28T06:00:00	580	E	72.3	37.935043	-122.444523
150906	21614157	2023-04-28T06:38:00	4	W	9.626	37.996431	-122.116998
150907	21614158	2023-04-28T06:37:00	4	W	9.626	37.996431	-122.116998
151193	21614565	2023-04-28T10:24:00	24	W	1.6	37.842972	-122.256764
151230	21614619	2023-04-28T11:01:00	4	W	2.777	38.009209	-122.223901
151246	21614644	2023-04-28T11:15:00	80	W	19.3	37.975686	-122.318684
151258	21614658	2023-04-28T11:24:00	80	E	28.1	38.069178	-122.226636
151289	21614700	2023-04-28T11:51:00	580	E	68.2	37.927037	-122.370418
151305	21614731	2023-04-28T12:08:00	4	W	8.586	37.990008	-122.133858
151306	21614732	2023-04-28T12:02:00	80	E	25.8	38.042706	-122.24148
151314	21614740	2023-04-28T12:12:00	680	N	39.773	37.831749	-122.00388
151316	21614743	2023-04-28T12:14:00	680	N	39.773	37.831749	-122.00388
151330	21614762	2023-04-28T12:20:00	4	W	2.777	38.009209	-122.223901
151522	21615037	2023-04-28T14:42:00	680	S	34.564	37.763758	-121.967986
151530	21615048	2023-04-28T14:45:00	80	E	23.1	38.011875	-122.272168
151620	21615169	2023-04-28T15:34:00	80	W	23.7	38.018484	-122.266235
151621	21615170	2023-04-28T15:33:00	80	W	23.7	38.018484	-122.266235
151631	21615186	2023-04-28T15:37:00	4	E	14.23	38.004458	-122.038839
151673	21615243	2023-04-28T16:00:00	680	N	37.79	37.806862	-121.990775
151737	21615325	2023-04-28T16:30:00	24	W	12.4	37.898073	-122.09004
151748	21615337	2023-04-28T16:38:00	80	E	20.6	37.99184	-122.307909
151749	21615338	2023-04-28T16:36:00	80	E	20.6	37.99184	-122.307909
151750	21615339	2023-04-28T16:35:00	4	W	19.521	38.019089	-121.946589
151783	21615381	2023-04-28T16:52:00	4	W	1.147	38.014414	-122.25234
151854	21615482	2023-04-28T17:38:00	80	E	17.4	37.952867	-122.327994
151855	21615483	2023-04-28T17:36:00	80	E	17.4	37.952867	-122.327994
151870	21615508	2023-04-28T17:45:00	80	E	14.8	37.917301	-122.317317
151871	21615510	2023-04-28T17:42:00	80	E	14.8	37.917301	-122.317317
151912	21615564	2023-04-28T18:06:00	680	N	38.683	37.819472	-121.993079
151913	21615565	2023-04-28T18:04:00	680	N	38.683	37.819472	-121.993079
151933	21615595	2023-04-28T18:24:00	80	W	11.3	37.869523	-122.304749
151951	21615618	2023-04-28T18:34:00	4	W	15.413	38.010708	-122.017546
152024	21615729	2023-04-28T19:31:00	80	E	19.0	37.971598	-122.319869
152029	21615735	2023-04-28T19:37:00	680	S	28.6	37.687307	-121.91744
152068	21615808	2023-04-28T20:27:00	80	E	15.7	37.930097	-122.324016
152069	21615809	2023-04-28T20:26:00	24	W	8.1	37.892846	-122.166865
152105	21615889	2023-04-28T21:19:00	4	E	19.751	38.018741	-121.942884
152152	21615970	2023-04-28T22:19:00	4	E	25.442	38.004791	-121.841338
152171	21616011	2023-04-28T23:02:00	4	W	19.828	38.019102	-121.940875
152349	21616278	2023-04-29T04:33:00	680	N	50.46	37.962458	-122.053879
152372	21616312	2023-04-29T05:04:00	24	W	12.4	37.898073	-122.09004
152377	21616318	2023-04-29T05:13:00	242	S	1.6	37.977448	-122.044261
152381	21616324	2023-04-29T05:21:00	80	E	25.8	38.042706	-122.24148
152392	21616340	2023-04-29T05:41:00	24	E	9.0	37.891181	-122.150167
152403	21616356	2023-04-29T05:53:00	4	E	0.305	38.014349	-122.26689
152420	21616387	2023-04-29T06:39:00	24	E	4.5	37.858422	-122.211892
152430	21616402	2023-04-29T06:50:00	24	E	10.4	37.892862	-122.125001
152434	21616411	2023-04-29T06:52:00	24	W	8.5	37.892873	-122.158869
152517	21616542	2023-04-29T09:00:00	4	W	24.061	38.011402	-121.864671
152534	21616574	2023-04-29T09:25:00	680	N	50.975	37.969452	-122.058735
152547	21616589	2023-04-29T09:35:00	680	S	45.796	37.897511	-122.071253
152561	21616616	2023-04-29T09:50:00	4	W	5.636	38.013022	-122.17456
152798	21616979	2023-04-29T13:20:00	24	W	11.1	37.895372	-122.113724
152821	21617012	2023-04-29T13:43:00	80	E	11.7	37.874502	-122.306023
152822	21617013	2023-04-29T13:42:00	80	E	11.7	37.874502	-122.306023
152857	21617059	2023-04-29T14:06:00	4	W	16.263	38.013095	-122.001843
153003	21617275	2023-04-29T15:54:00	24	E	2.1	37.845854	-122.247879
153047	21617340	2023-04-29T16:38:00	4	W	31.46	37.976136	-121.741915
153278	21617725	2023-04-29T20:45:00	4	W	16.962	38.017386	-121.990427
153296	21617753	2023-04-29T21:00:00	24	E	4.4	37.857645	-122.213246
153300	21617762	2023-04-29T21:07:00	24	E	4.1	37.854646	-122.21709
153327	21617825	2023-04-29T21:55:00	4	W	16.962	38.017386	-121.990427
153586	21618266	2023-04-30T06:25:00	4	E	19.751	38.018741	-121.942884
153587	21618267	2023-04-30T06:23:00	680	N	29.709	37.703039	-121.923399
153807	21618609	2023-04-30T11:55:00	80	E	10.9	37.863935	-122.302816
153825	21618637	2023-04-30T12:10:00	24	E	4.5	37.858422	-122.211892
153853	21618677	2023-04-30T12:37:00	80	W	15.6	37.927978	-122.32287
153863	21618698	2023-04-30T12:43:00	24	E	2.1	37.845854	-122.247879
153871	21618706	2023-04-30T12:51:00	24	E	9.0	37.891181	-122.150167
153872	21618707	2023-04-30T12:49:00	4	W	26.728	37.998674	-121.817967
153963	21618841	2023-04-30T14:22:00	4	E	30.572	37.98771	-121.750948
154123	21619077	2023-04-30T16:35:00	4	W	19.521	38.019089	-121.946589
154212	21619213	2023-04-30T18:03:00	4	W	10.836	37.990762	-122.096283
154233	21619251	2023-04-30T18:23:00	4	W	35.226	37.925219	-121.732746
154425	21619587	2023-04-30T23:09:00	80	E	16.5	37.94046	-122.324391
154435	21619607	2023-04-30T23:49:00	80	E	11.7	37.874502	-122.306023
154440	21619618	2023-04-30T23:54:00	80	E	11.7	37.874502	-122.306023
154442	21619623	2023-04-30T23:58:00	4	W	31.46	37.976136	-121.741915
154603	21619866	2023-05-01T06:10:00	4	E	22.429	38.017951	-121.894061
154604	21619868	2023-05-01T06:08:00	4	E	22.429	38.017951	-121.894061
154805	21620177	2023-05-01T08:49:00	680	S	48.913	37.941195	-122.060072
154879	21620266	2023-05-01T09:36:00	4	W	20.036	38.019101	-121.937152
154912	21620307	2023-05-01T10:02:00	4	E	24.198	38.01073	-121.863155
154914	21620309	2023-05-01T09:59:00	4	E	16.282	38.012596	-122.002277
154947	21620351	2023-05-01T10:31:00	680	N	53.878	38.005573	-122.082507
154985	21620415	2023-05-01T11:13:00	4	W	16.263	38.013095	-122.001843
155021	21620464	2023-05-01T11:51:00	80	E	17.4	37.952867	-122.327994
155030	21620473	2023-05-01T11:58:00	580	E	64.3	37.901366	-122.315167
155045	21620494	2023-05-01T12:12:00	680	N	51.842	37.980369	-122.065426
155059	21620520	2023-05-01T12:25:00	24	E	4.5	37.858422	-122.211892
155061	21620522	2023-05-01T12:23:00	4	E	14.23	38.004458	-122.038839
155078	21620546	2023-05-01T12:43:00	24	E	8.5	37.892591	-122.159524
155093	21620572	2023-05-01T12:55:00	680	N	28.436	37.685932	-121.916638
155121	21620614	2023-05-01T13:19:00	680	N	48.815	37.940053	-122.060052
155164	21620673	2023-05-01T13:53:00	4	E	20.104	38.018752	-121.937094
155768	21621583	2023-05-02T01:26:00	4	E	26.414	38.000165	-121.824832
155792	21621638	2023-05-02T04:22:00	24	W	2.5	37.849184	-122.242346
155795	21621641	2023-05-02T04:32:00	80	W	19.6	37.979573	-122.317375
155801	21621649	2023-05-02T04:38:00	80	W	17.9	37.959772	-122.330645
155805	21621653	2023-05-02T04:43:00	24	W	5.1	37.86612	-122.206946
155849	21621727	2023-05-02T05:48:00	680	N	31.373	37.723461	-121.939994
155861	21621744	2023-05-02T05:59:00	24	W	12.4	37.898073	-122.09004
155864	21621753	2023-05-02T06:06:00	80	E	19.8	37.98325	-122.315941
155872	21621764	2023-05-02T06:10:00	4	W	24.061	38.011402	-121.864671
155880	21621775	2023-05-02T06:17:00	4	W	25.717	38.003464	-121.835484
155882	21621777	2023-05-02T06:15:00	4	W	25.717	38.003464	-121.835484
155886	21621781	2023-05-02T06:24:00	680	S	48.105	37.929444	-122.060749
155892	21621791	2023-05-02T06:28:00	24	E	3.7	37.851469	-122.222575
155894	21621793	2023-05-02T06:25:00	4	E	8.754	37.990206	-122.131661
155896	21621801	2023-05-02T06:30:00	24	E	9.0	37.891181	-122.150167
155898	21621803	2023-05-02T06:27:00	24	E	9.0	37.891181	-122.150167
155902	21621812	2023-05-02T06:35:00	24	E	5.1	37.865846	-122.207047
155929	21621859	2023-05-02T07:00:00	24	W	2.1	37.846222	-122.247945
155949	21621882	2023-05-02T07:18:00	680	S	52.452	37.988532	-122.067273
155952	21621885	2023-05-02T07:14:00	680	S	52.452	37.988532	-122.067273
155958	21621894	2023-05-02T07:19:00	4	E	13.332	38.000576	-122.054088
155967	21621907	2023-05-02T07:26:00	680	S	35.487	37.775434	-121.974498
155983	21621929	2023-05-02T07:35:00	242	S	0.0	37.953265	-122.05476
155985	21621931	2023-05-02T07:33:00	242	S	0.0	37.953265	-122.05476
156014	21621976	2023-05-02T07:55:00	24	W	8.5	37.892873	-122.158869
156015	21621977	2023-05-02T07:54:00	80	E	19.6	37.979938	-122.317059
156019	21621984	2023-05-02T08:02:00	80	E	19.6	37.979938	-122.317059
156020	21621985	2023-05-02T07:59:00	24	W	8.5	37.892873	-122.158869
156026	21621995	2023-05-02T08:01:00	4	W	9.11	37.992411	-122.125089
156096	21622123	2023-05-02T09:01:00	80	W	23.7	38.018484	-122.266235
156104	21622133	2023-05-02T09:10:00	80	E	14.5	37.913842	-122.317314
156136	21622175	2023-05-02T09:30:00	80	W	15.6	37.927978	-122.32287
156143	21622184	2023-05-02T09:35:00	4	E	18.134	38.023689	-121.972104
156162	21622208	2023-05-02T09:56:00	80	W	11.3	37.869523	-122.304749
156177	21622236	2023-05-02T10:15:00	4	W	18.744	38.022038	-121.960192
156180	21622242	2023-05-02T10:22:00	680	S	47.508	37.920636	-122.062281
156181	21622243	2023-05-02T10:19:00	680	S	47.508	37.920636	-122.062281
156191	21622259	2023-05-02T10:27:00	4	E	22.429	38.017951	-121.894061
156313	21622448	2023-05-02T12:26:00	4	W	12.118	37.994758	-122.073928
156349	21622502	2023-05-02T12:53:00	580	W	67.1	37.921855	-122.354109
156379	21622545	2023-05-02T13:22:00	4	E	16.282	38.012596	-122.002277
156443	21622626	2023-05-02T14:04:00	680	S	29.242	37.696595	-121.921082
156463	21622655	2023-05-02T14:21:00	80	E	14.8	37.917301	-122.317317
156471	21622672	2023-05-02T14:32:00	680	N	53.878	38.005573	-122.082507
156495	21622707	2023-05-02T14:43:00	242	S	2.7	37.992591	-122.039625
156591	21622848	2023-05-02T15:53:00	680	S	38.732	37.820015	-121.993339
156637	21622921	2023-05-02T16:28:00	242	N	0.3	37.959712	-122.051595
156638	21622923	2023-05-02T16:24:00	4	E	11.91	37.991775	-122.077885
156639	21622924	2023-05-02T16:21:00	4	E	11.91	37.991775	-122.077885
156646	21622937	2023-05-02T16:33:00	242	S	2.0	37.983275	-122.041624
156647	21622938	2023-05-02T16:31:00	242	S	2.0	37.983275	-122.041624
156667	21622961	2023-05-02T16:41:00	242	S	2.0	37.983275	-122.041624
156680	21622975	2023-05-02T16:46:00	680	N	46.866	37.912775	-122.06692
156681	21622976	2023-05-02T16:45:00	680	N	46.866	37.912775	-122.06692
156722	21623029	2023-05-02T17:11:00	4	W	8.752	37.990597	-122.130794
156731	21623040	2023-05-02T17:16:00	24	W	5.7	37.868105	-122.195924
156732	21623041	2023-05-02T17:14:00	24	W	5.7	37.868105	-122.195924
156739	21623048	2023-05-02T17:20:00	680	N	46.866	37.912775	-122.06692
156763	21623078	2023-05-02T17:29:00	80	W	17.9	37.959772	-122.330645
156786	21623111	2023-05-02T17:49:00	4	W	20.036	38.019101	-121.937152
156787	21623112	2023-05-02T17:46:00	24	W	3.2	37.849086	-122.229974
156788	21623113	2023-05-02T17:44:00	24	W	3.2	37.849086	-122.229974
156817	21623149	2023-05-02T18:00:00	242	N	0.8	37.96661	-122.048744
156818	21623150	2023-05-02T17:58:00	242	N	0.8	37.96661	-122.048744
156833	21623173	2023-05-02T18:03:00	242	N	0.3	37.959712	-122.051595
156877	21623231	2023-05-02T18:40:00	24	W	5.7	37.868105	-122.195924
156888	21623246	2023-05-02T18:52:00	4	W	18.744	38.022038	-121.960192
156889	21623247	2023-05-02T18:51:00	4	W	18.744	38.022038	-121.960192
156895	21623257	2023-05-02T18:57:00	4	E	11.91	37.991775	-122.077885
156900	21623263	2023-05-02T19:03:00	4	W	9.11	37.992411	-122.125089
156901	21623264	2023-05-02T19:01:00	4	W	11.768	37.991806	-122.079085
156902	21623265	2023-05-02T19:00:00	4	W	24.061	38.011402	-121.864671
156916	21623283	2023-05-02T19:10:00	680	S	49.236	37.945369	-122.058286
156919	21623287	2023-05-02T19:16:00	4	E	19.751	38.018741	-121.942884
156921	21623289	2023-05-02T19:11:00	242	S	0.8	37.966634	-122.048958
157071	21623547	2023-05-02T23:55:00	4	E	18.134	38.023689	-121.972104
157116	21623632	2023-05-03T03:09:00	80	W	17.9	37.959772	-122.330645
157122	21623641	2023-05-03T03:30:00	80	W	11.0	37.864609	-122.303227
157132	21623656	2023-05-03T04:04:00	4	E	33.593	37.947685	-121.743882
157184	21623736	2023-05-03T06:00:00	680	N	56.193	38.026944	-122.114167
157209	21623786	2023-05-03T06:25:00	24	E	5.4	37.867235	-122.201026
157210	21623787	2023-05-03T06:24:00	24	E	5.4	37.867235	-122.201026
157219	21623800	2023-05-03T06:28:00	24	E	14.0	37.903398	-122.069808
157391	21624054	2023-05-03T08:37:00	680	N	38.683	37.819472	-121.993079
157406	21624075	2023-05-03T08:48:00	680	N	38.683	37.819472	-121.993079
157407	21624076	2023-05-03T08:43:00	580	W	74.1	37.942605	-122.477717
157458	21624144	2023-05-03T09:28:00	24	E	8.5	37.892591	-122.159524
157459	21624145	2023-05-03T09:27:00	24	E	10.4	37.892862	-122.125001
157460	21624147	2023-05-03T09:25:00	24	E	10.4	37.892862	-122.125001
157597	21624331	2023-05-03T11:27:00	680	N	29.816	37.704565	-121.92434
157652	21624417	2023-05-03T12:16:00	4	W	15.413	38.010708	-122.017546
157698	21624491	2023-05-03T13:03:00	4	E	25.929	38.002351	-121.832686
157707	21624504	2023-05-03T13:18:00	80	W	22.2	38.00178	-122.281783
157744	21624570	2023-05-03T14:02:00	4	E	8.677	37.989925	-122.133315
157748	21624574	2023-05-03T13:58:00	680	S	38.395	37.81494	-121.993459
157760	21624587	2023-05-03T14:11:00	4	E	28.348	37.996773	-121.789698
157844	21624687	2023-05-03T15:01:00	680	N	56.11	38.026257	-122.113093
157873	21624725	2023-05-03T15:24:00	580	W	69.8	37.93209	-122.399839
157876	21624728	2023-05-03T15:19:00	580	W	68.2	37.927221	-122.37295
157941	21624813	2023-05-03T15:57:00	4	E	2.405	38.01046	-122.230175
157961	21624837	2023-05-03T16:06:00	580	W	68.2	37.927221	-122.37295
157962	21624838	2023-05-03T16:05:00	580	W	68.2	37.927221	-122.37295
157985	21624867	2023-05-03T16:19:00	680	N	46.316	37.905243	-122.069406
158007	21624891	2023-05-03T16:38:00	4	E	13.721	38.00229	-122.047248
158009	21624893	2023-05-03T16:34:00	4	E	13.721	38.00229	-122.047248
158116	21625018	2023-05-03T17:30:00	80	E	18.4	37.96469	-122.324915
158125	21625030	2023-05-03T17:35:00	4	E	15.58	38.010574	-122.015485
158250	21625198	2023-05-03T18:57:00	680	S	34.564	37.763758	-121.967986
158258	21625212	2023-05-03T19:08:00	680	N	35.657	37.778337	-121.975649
158259	21625214	2023-05-03T19:05:00	80	E	16.5	37.939611	-122.324825
158284	21625257	2023-05-03T19:35:00	4	W	33.01	37.95542	-121.74441
158304	21625286	2023-05-03T19:48:00	242	S	0.8	37.966634	-122.048958
158450	21625510	2023-05-04T00:34:00	4	W	9.11	37.992411	-122.125089
158735	21625887	2023-05-04T06:31:00	680	S	28.6	37.687307	-121.91744
158736	21625888	2023-05-04T06:30:00	680	S	28.6	37.687307	-121.91744
158767	21625940	2023-05-04T06:54:00	80	E	25.8	38.042706	-122.24148
158768	21625941	2023-05-04T06:52:00	80	E	25.8	38.042706	-122.24148
158821	21626009	2023-05-04T07:17:00	4	W	19.521	38.019089	-121.946589
158983	21626220	2023-05-04T08:44:00	580	W	74.1	37.942578	-122.477579
159039	21626300	2023-05-04T09:27:00	24	E	7.0	37.882923	-122.180083
159045	21626309	2023-05-04T09:30:00	4	W	9.11	37.992411	-122.125089
159347	21626728	2023-05-04T13:07:00	580	W	72.2	37.935097	-122.444517
159368	21626761	2023-05-04T13:33:00	680	N	49.937	37.95548	-122.053382
159393	21626796	2023-05-04T13:58:00	4	E	19.751	38.018741	-121.942884
159394	21626797	2023-05-04T13:57:00	80	W	14.6	37.914584	-122.317505
159516	21626962	2023-05-04T15:23:00	4	E	19.751	38.018741	-121.942884
159542	21626996	2023-05-04T15:32:00	80	W	21.3	37.994255	-122.296122
159614	21627096	2023-05-04T16:20:00	4	E	30.572	37.98771	-121.750948
159632	21627129	2023-05-04T16:41:00	80	E	25.8	38.042706	-122.24148
159633	21627130	2023-05-04T16:40:00	80	E	25.8	38.042706	-122.24148
159661	21627165	2023-05-04T16:55:00	80	E	25.8	38.042706	-122.24148
159703	21627221	2023-05-04T17:21:00	680	N	29.425	37.701366	-121.917023
159721	21627243	2023-05-04T17:33:00	4	E	19.751	38.018741	-121.942884
159740	21627267	2023-05-04T17:41:00	80	W	30.2	38.099052	-122.229872
159749	21627282	2023-05-04T17:45:00	4	E	15.58	38.010574	-122.015485
159750	21627283	2023-05-04T17:44:00	4	W	31.46	37.976136	-121.741915
159751	21627284	2023-05-04T17:42:00	80	W	14.6	37.914584	-122.317505
159775	21627318	2023-05-04T17:59:00	680	N	47.56	37.922044	-122.061426
159788	21627333	2023-05-04T18:13:00	242	N	1.9	37.98069	-122.042276
159798	21627346	2023-05-04T18:14:00	242	N	1.9	37.98069	-122.042276
159809	21627361	2023-05-04T18:20:00	80	E	21.5	37.99478	-122.291239
159832	21627399	2023-05-04T18:57:00	4	E	3.352	38.007141	-122.214088
159833	21627401	2023-05-04T18:55:00	4	E	3.352	38.007141	-122.214088
159864	21627449	2023-05-04T19:39:00	4	E	4.241	38.011583	-122.19895
159918	21627553	2023-05-04T21:01:00	24	E	4.5	37.858422	-122.211892
159926	21627569	2023-05-04T21:08:00	680	N	41.473	37.847983	-122.027629
159932	21627584	2023-05-04T21:32:00	24	W	4.0	37.854472	-122.219756
159938	21627595	2023-05-04T21:34:00	4	W	12.505	37.995823	-122.066438
160097	21627852	2023-05-05T04:30:00	4	W	16.263	38.013095	-122.001843
160306	21628168	2023-05-05T08:26:00	80	E	10.9	37.863935	-122.302816
160365	21628245	2023-05-05T09:09:00	160	N	0.0	38.001617	-121.754408
160367	21628250	2023-05-05T09:18:00	680	N	31.108	37.720114	-121.937379
160376	21628260	2023-05-05T09:21:00	4	E	30.995	37.982313	-121.746896
160382	21628271	2023-05-05T09:25:00	4	E	30.995	37.982313	-121.746896
160490	21628407	2023-05-05T10:55:00	242	S	2.7	37.992591	-122.039625
160509	21628429	2023-05-05T11:17:00	242	N	2.0	37.982719	-122.041525
160568	21628507	2023-05-05T12:06:00	24	E	4.5	37.858644	-122.212162
160576	21628522	2023-05-05T12:10:00	24	E	4.5	37.858422	-122.211892
160608	21628568	2023-05-05T12:35:00	4	W	15.413	38.010708	-122.017546
160609	21628569	2023-05-05T12:34:00	680	N	35.319	37.773638	-121.973283
160617	21628578	2023-05-05T12:39:00	680	S	38.395	37.81494	-121.993459
160630	21628598	2023-05-05T12:51:00	80	E	17.9	37.96006	-122.330376
160667	21628650	2023-05-05T13:16:00	24	E	8.5	37.892591	-122.159524
160708	21628703	2023-05-05T13:46:00	24	E	4.1	37.854646	-122.21709
160729	21628728	2023-05-05T14:02:00	24	W	12.4	37.898073	-122.09004
160787	21628813	2023-05-05T14:40:00	4	W	29.694	37.991686	-121.765042
160825	21628861	2023-05-05T15:02:00	4	W	28.794	37.995591	-121.780403
160827	21628863	2023-05-05T14:58:00	4	W	28.794	37.995591	-121.780403
160845	21628887	2023-05-05T15:10:00	80	W	15.6	37.927978	-122.32287
160847	21628889	2023-05-05T15:08:00	24	E	4.4	37.857645	-122.213246
160856	21628901	2023-05-05T15:16:00	4	W	28.31	37.997154	-121.790106
160857	21628902	2023-05-05T15:15:00	24	E	4.4	37.857645	-122.213246
160858	21628903	2023-05-05T15:13:00	4	W	28.31	37.997154	-121.790106
160866	21628913	2023-05-05T15:19:00	4	W	31.46	37.976136	-121.741915
160895	21628958	2023-05-05T15:41:00	4	W	26.728	37.998674	-121.817967
160997	21629098	2023-05-05T16:40:00	680	N	29.709	37.703039	-121.923399
161014	21629120	2023-05-05T16:49:00	80	E	24.0	38.022089	-122.262691
161033	21629144	2023-05-05T17:00:00	680	N	29.709	37.703039	-121.923399
161101	21629230	2023-05-05T17:44:00	24	W	8.9	37.891793	-122.151758
161102	21629232	2023-05-05T17:37:00	24	W	8.9	37.891793	-122.151758
161109	21629243	2023-05-05T17:49:00	24	W	8.1	37.892846	-122.166865
161110	21629244	2023-05-05T17:48:00	24	W	8.1	37.892846	-122.166865
161148	21629294	2023-05-05T18:06:00	4	E	4.414	38.012909	-122.195991
161223	21629401	2023-05-05T18:57:00	24	E	5.4	37.867235	-122.201026
161230	21629414	2023-05-05T18:56:00	24	E	5.4	37.867235	-122.201026
161239	21629424	2023-05-05T19:15:00	80	W	13.4	37.898581	-122.309609
161260	21629464	2023-05-05T19:38:00	4	E	4.414	38.012909	-122.195991
161290	21629508	2023-05-05T20:23:00	80	E	29.6	38.090627	-122.230652
161331	21629586	2023-05-05T21:12:00	4	E	14.23	38.004458	-122.038839
161335	21629592	2023-05-05T21:21:00	24	W	5.1	37.86612	-122.206946
161343	21629603	2023-05-05T21:23:00	24	W	4.8	37.86121	-122.210326
161611	21630052	2023-05-06T05:23:00	80	W	29.7	38.091041	-122.230877
161619	21630064	2023-05-06T05:41:00	4	E	8.677	37.989925	-122.133315
161620	21630065	2023-05-06T05:38:00	4	E	4.414	38.012909	-122.195991
161633	21630086	2023-05-06T05:58:00	80	W	28.0	38.06895	-122.227346
161645	21630104	2023-05-06T06:18:00	4	W	26.728	37.998674	-121.817967
161659	21630131	2023-05-06T06:38:00	680	N	56.193	38.026944	-122.114167
161662	21630136	2023-05-06T06:45:00	24	W	5.1	37.86612	-122.206946
161683	21630164	2023-05-06T07:10:00	24	E	6.7	37.878599	-122.183245
161686	21630170	2023-05-06T07:15:00	680	N	48.815	37.940053	-122.060052
161690	21630175	2023-05-06T07:22:00	4	E	10.42	37.993192	-122.104465
161691	21630176	2023-05-06T07:20:00	242	N	2.8	37.993791	-122.039167
161697	21630183	2023-05-06T07:25:00	4	E	14.23	38.004458	-122.038839
161699	21630185	2023-05-06T07:23:00	242	N	2.1	37.98392	-122.041279
161719	21630216	2023-05-06T07:48:00	80	W	15.6	37.927978	-122.32287
161725	21630225	2023-05-06T07:51:00	680	N	45.789	37.897483	-122.081196
161741	21630250	2023-05-06T08:14:00	680	N	33.953	37.756191	-121.962774
161742	21630251	2023-05-06T08:16:00	680	N	33.953	37.756191	-121.962774
161750	21630262	2023-05-06T08:20:00	24	W	12.4	37.898073	-122.09004
161760	21630283	2023-05-06T08:33:00	24	E	6.4	37.874851	-122.18658
161771	21630298	2023-05-06T08:47:00	80	W	12.1	37.881911	-122.308246
161785	21630320	2023-05-06T09:03:00	24	E	5.4	37.867235	-122.201026
161810	21630357	2023-05-06T09:23:00	680	S	35.873	37.780831	-121.97722
161813	21630364	2023-05-06T09:28:00	80	E	18.4	37.96469	-122.324915
161819	21630373	2023-05-06T09:31:00	80	E	17.4	37.952867	-122.327994
161830	21630387	2023-05-06T09:48:00	4	E	5.671	38.012858	-122.174702
161833	21630395	2023-05-06T09:55:00	680	N	31.108	37.720114	-121.937379
161834	21630397	2023-05-06T09:52:00	4	E	9.745	37.996373	-122.115867
161897	21630489	2023-05-06T10:58:00	80	E	10.9	37.863935	-122.302816
161918	21630517	2023-05-06T11:10:00	4	E	18.134	38.023689	-121.972104
161969	21630593	2023-05-06T12:00:00	80	E	26.7	38.051224	-122.229366
161978	21630606	2023-05-06T12:12:00	680	N	45.856	37.898794	-122.070698
162002	21630637	2023-05-06T12:25:00	4	E	14.725	38.008166	-122.030414
162298	21631044	2023-05-06T16:13:00	580	E	74.2	37.942595	-122.47827
162360	21631130	2023-05-06T17:02:00	4	E	30.572	37.98771	-121.750948
162361	21631131	2023-05-06T17:00:00	680	S	38.732	37.820015	-121.993339
162434	21631230	2023-05-06T17:52:00	4	W	18.744	38.022038	-121.960192
162517	21631352	2023-05-06T19:10:00	4	W	20.036	38.019101	-121.937152
162600	21631489	2023-05-06T21:14:00	4	W	22.348	38.018567	-121.895066
162627	21631538	2023-05-06T21:57:00	4	W	23.37	38.013977	-121.876289
162681	21631633	2023-05-06T23:27:00	4	W	4.968	38.016331	-122.186186
162721	21631715	2023-05-07T00:52:00	4	E	22.429	38.017951	-121.894061
162884	21631991	2023-05-07T07:31:00	24	W	8.9	37.891793	-122.151758
163091	21632318	2023-05-07T12:29:00	4	E	22.429	38.017951	-121.894061
163102	21632337	2023-05-07T12:41:00	4	W	5.636	38.013022	-122.17456
163165	21632426	2023-05-07T13:47:00	24	W	5.7	37.868105	-122.195924
163285	21632613	2023-05-07T15:48:00	680	N	56.303	38.027878	-122.1155
163305	21632650	2023-05-07T16:10:00	24	E	3.7	37.851469	-122.222575
163332	21632685	2023-05-07T16:25:00	242	S	0.8	37.966634	-122.048958
163337	21632695	2023-05-07T16:40:00	80	W	28.3	38.072115	-122.229026
163345	21632711	2023-05-07T16:44:00	4	W	18.744	38.022038	-121.960192
163350	21632720	2023-05-07T16:50:00	680	S	28.6	37.687307	-121.91744
163373	21632751	2023-05-07T17:06:00	4	E	28.348	37.996773	-121.789698
163374	21632752	2023-05-07T17:04:00	4	E	23.108	38.015064	-121.882403
163391	21632786	2023-05-07T17:33:00	4	W	16.263	38.013095	-122.001843
163467	21632921	2023-05-07T18:57:00	4	E	1.242	38.014589	-122.249975
163469	21632923	2023-05-07T18:55:00	80	E	26.7	38.051224	-122.229366
163484	21632947	2023-05-07T19:18:00	680	N	29.816	37.704565	-121.92434
163485	21632948	2023-05-07T19:17:00	80	E	16.5	37.94046	-122.324391
163486	21632949	2023-05-07T19:16:00	680	N	31.373	37.723461	-121.939994
163492	21632962	2023-05-07T19:32:00	80	E	28.3	38.07247	-122.228965
163502	21632972	2023-05-07T19:38:00	80	E	20.4	37.990514	-122.310454
163513	21632985	2023-05-07T19:43:00	24	E	10.4	37.892862	-122.125001
163518	21632991	2023-05-07T19:49:00	24	E	9.0	37.891181	-122.150167
163544	21633034	2023-05-07T20:18:00	4	E	19.485	38.018836	-121.948032
163650	21633209	2023-05-07T22:35:00	80	W	22.2	38.00178	-122.281783
163661	21633226	2023-05-07T22:55:00	4	E	22.429	38.017951	-121.894061
163662	21633227	2023-05-07T22:54:00	680	N	56.193	38.026944	-122.114167
163709	21633305	2023-05-08T00:32:00	242	S	1.6	37.977448	-122.044261
163715	21633317	2023-05-08T00:41:00	242	N	2.8	37.993791	-122.039167
163774	21633402	2023-05-08T04:05:00	4	E	25.442	38.004791	-121.841338
163823	21633478	2023-05-08T05:53:00	80	E	12.1	37.881746	-122.307966
163824	21633479	2023-05-08T05:49:00	80	E	12.1	37.881746	-122.307966
163836	21633500	2023-05-08T06:04:00	24	W	7.1	37.88436	-122.179679
163894	21633603	2023-05-08T07:06:00	580	E	64.3	37.901366	-122.315167
163949	21633685	2023-05-08T07:45:00	24	E	5.1	37.865846	-122.207047
163956	21633697	2023-05-08T07:48:00	24	W	5.7	37.868105	-122.195924
164020	21633780	2023-05-08T08:33:00	680	N	29.709	37.703039	-121.923399
164021	21633781	2023-05-08T08:32:00	680	N	29.709	37.703039	-121.923399
164037	21633801	2023-05-08T08:40:00	160	N	0.7	38.015558	-121.751468
164092	21633880	2023-05-08T09:27:00	242	S	2.7	37.992591	-122.039625
164104	21633897	2023-05-08T09:39:00	80	W	14.6	37.914584	-122.317505
164105	21633898	2023-05-08T09:36:00	80	W	14.6	37.914584	-122.317505
164126	21633933	2023-05-08T09:57:00	4	E	33.804	37.943992	-121.742118
164150	21633969	2023-05-08T10:17:00	4	W	33.01	37.95542	-121.74441
164167	21633992	2023-05-08T10:35:00	80	W	29.7	38.09164	-122.230478
164170	21633998	2023-05-08T10:38:00	24	W	4.0	37.854472	-122.219756
164177	21634006	2023-05-08T10:45:00	24	W	5.1	37.86612	-122.206946
164178	21634007	2023-05-08T10:43:00	24	W	1.7	37.843503	-122.254967
164199	21634036	2023-05-08T11:05:00	24	W	5.7	37.868105	-122.195924
164203	21634043	2023-05-08T11:08:00	680	N	31.373	37.723461	-121.939994
164208	21634050	2023-05-08T11:14:00	24	W	5.4	37.868261	-122.200872
164330	21634226	2023-05-08T13:05:00	24	W	5.1	37.86612	-122.206946
164332	21634231	2023-05-08T13:09:00	80	W	13.8	37.903864	-122.312909
164348	21634254	2023-05-08T13:19:00	580	E	64.3	37.901366	-122.315167
164364	21634276	2023-05-08T13:37:00	680	S	54.598	38.013232	-122.09078
164389	21634311	2023-05-08T13:59:00	24	E	6.4	37.874851	-122.18658
164448	21634384	2023-05-08T14:36:00	680	S	49.236	37.945369	-122.058286
164486	21634430	2023-05-08T15:07:00	680	S	38.395	37.81494	-121.993459
164487	21634431	2023-05-08T15:06:00	680	S	38.395	37.81494	-121.993459
164513	21634473	2023-05-08T15:20:00	242	N	0.8	37.96661	-122.048744
164620	21634637	2023-05-08T16:41:00	680	N	39.258	37.827317	-121.997036
164621	21634638	2023-05-08T16:39:00	680	N	39.258	37.827317	-121.997036
164645	21634666	2023-05-08T16:50:00	24	E	12.8	37.897394	-122.081878
164660	21634686	2023-05-08T17:00:00	4	E	19.751	38.018741	-121.942884
164661	21634687	2023-05-08T16:55:00	4	E	19.751	38.018741	-121.942884
164688	21634723	2023-05-08T17:17:00	680	S	34.081	37.75706	-121.963575
164689	21634724	2023-05-08T17:16:00	680	S	34.081	37.75706	-121.963575
164705	21634746	2023-05-08T17:28:00	80	W	11.3	37.869523	-122.304749
164716	21634759	2023-05-08T17:29:00	24	W	7.6	37.890168	-122.174599
164879	21635015	2023-05-08T20:14:00	680	N	37.79	37.806862	-121.990775
164880	21635016	2023-05-08T20:08:00	680	S	29.242	37.696595	-121.921082
164892	21635033	2023-05-08T20:24:00	4	E	14.23	38.004458	-122.038839
164932	21635106	2023-05-08T21:35:00	4	E	18.812	38.021811	-121.960767
165059	21635312	2023-05-09T03:51:00	4	W	24.061	38.011402	-121.864671
165061	21635315	2023-05-09T04:03:00	4	W	22.618	38.017317	-121.890297
165089	21635353	2023-05-09T05:13:00	4	W	15.413	38.010708	-122.017546
165112	21635396	2023-05-09T05:53:00	680	N	58.663	38.059332	-122.130402
165153	21635473	2023-05-09T06:44:00	4	W	5.636	38.013022	-122.17456
165216	21635581	2023-05-09T07:46:00	80	E	25.8	38.042706	-122.24148
165240	21635619	2023-05-09T08:07:00	24	E	4.5	37.858422	-122.211892
165241	21635620	2023-05-09T08:06:00	680	S	51.349	37.97324	-122.062065
165242	21635621	2023-05-09T08:05:00	24	E	14.0	37.903398	-122.069808
165272	21635664	2023-05-09T08:27:00	4	E	12.562	37.995586	-122.066559
165273	21635665	2023-05-09T08:24:00	4	E	12.562	37.995586	-122.066559
165291	21635698	2023-05-09T08:40:00	242	S	2.0	37.983275	-122.041624
165343	21635769	2023-05-09T09:16:00	680	N	53.148	37.997676	-122.073548
165360	21635790	2023-05-09T09:26:00	24	E	10.4	37.892862	-122.125001
165392	21635837	2023-05-09T09:53:00	4	W	32.608	37.96144	-121.742824
165415	21635864	2023-05-09T10:10:00	4	W	27.661	37.998404	-121.801574
165481	21635957	2023-05-09T11:15:00	680	N	46.866	37.912775	-122.06692
165486	21635963	2023-05-09T11:23:00	680	S	46.565	37.908558	-122.068713
165502	21635984	2023-05-09T11:28:00	680	S	29.137	37.694397	-121.920222
165511	21635994	2023-05-09T11:35:00	4	W	16.962	38.017386	-121.990427
165541	21636037	2023-05-09T11:59:00	4	W	22.348	38.018567	-121.895066
165717	21636304	2023-05-09T14:41:00	242	S	0.8	37.966634	-122.048958
165749	21636349	2023-05-09T15:03:00	4	E	25.684	38.003696	-121.837444
165977	21636674	2023-05-09T17:34:00	4	E	19.751	38.018741	-121.942884
165978	21636675	2023-05-09T17:30:00	4	E	19.751	38.018741	-121.942884
165992	21636695	2023-05-09T17:47:00	242	N	2.0	37.982719	-122.041525
166069	21636789	2023-05-09T18:39:00	4	E	19.485	38.018836	-121.948032
166070	21636790	2023-05-09T18:35:00	4	E	19.485	38.018836	-121.948032
166172	21636935	2023-05-09T20:14:00	4	W	25.717	38.003464	-121.835484
166342	21637219	2023-05-10T03:06:00	242	S	2.0	37.983275	-122.041624
166372	21637274	2023-05-10T05:15:00	680	N	33.953	37.756191	-121.962774
166375	21637278	2023-05-10T05:22:00	80	E	24.0	38.022173	-122.261724
166406	21637331	2023-05-10T05:58:00	4	W	18.391	38.023255	-121.966585
166544	21637544	2023-05-10T07:50:00	4	W	27.088	37.998417	-121.81166
166551	21637555	2023-05-10T07:59:00	4	W	27.661	37.998404	-121.801574
166655	21637698	2023-05-10T09:06:00	24	E	10.4	37.892862	-122.125001
166656	21637699	2023-05-10T09:05:00	24	W	11.1	37.895372	-122.113724
166727	21637785	2023-05-10T09:18:00	24	E	7.0	37.882923	-122.180083
166732	21637793	2023-05-10T09:53:00	80	E	25.8	38.042706	-122.24148
166782	21637879	2023-05-10T10:39:00	80	W	24.3	38.025745	-122.259506
166799	21637900	2023-05-10T10:49:00	4	W	26.728	37.998674	-121.817967
166903	21638051	2023-05-10T12:31:00	242	S	2.0	37.983275	-122.041624
167073	21638299	2023-05-10T14:47:00	680	N	45.856	37.898794	-122.070698
167113	21638348	2023-05-10T15:17:00	4	E	33.804	37.943992	-121.742118
167195	21638475	2023-05-10T16:13:00	80	W	23.8	38.020173	-122.264657
167232	21638527	2023-05-10T16:43:00	24	E	12.3	37.897673	-122.09113
167241	21638539	2023-05-10T16:46:00	4	E	18.134	38.023689	-121.972104
167362	21638699	2023-05-10T17:58:00	580	W	70.3	37.932773	-122.409349
167388	21638739	2023-05-10T18:09:00	680	S	50.995	37.969068	-122.058604
167413	21638767	2023-05-10T18:28:00	80	E	21.5	37.99478	-122.291239
167414	21638768	2023-05-10T18:27:00	80	E	21.5	37.99478	-122.291239
167430	21638790	2023-05-10T18:34:00	24	E	6.4	37.874851	-122.18658
167534	21638941	2023-05-10T20:26:00	4	E	30.995	37.982313	-121.746896
167550	21638967	2023-05-10T20:51:00	24	W	11.1	37.895372	-122.113724
167586	21639019	2023-05-10T21:39:00	680	S	48.105	37.929444	-122.060749
167587	21639020	2023-05-10T21:38:00	242	S	0.2	37.956956	-122.053305
167590	21639024	2023-05-10T21:46:00	24	E	8.5	37.892591	-122.159524
167605	21639049	2023-05-10T22:03:00	24	E	12.8	37.897394	-122.081878
167619	21639080	2023-05-10T22:44:00	4	W	10.836	37.990762	-122.096283
167746	21639282	2023-05-11T05:33:00	680	S	45.272	37.892761	-122.064902
167777	21639340	2023-05-11T06:25:00	4	E	12.399	37.994604	-122.069421
168030	21639724	2023-05-11T09:48:00	80	W	13.1	37.895221	-122.308233
168031	21639725	2023-05-11T09:46:00	80	W	13.1	37.895221	-122.308233
168039	21639734	2023-05-11T09:50:00	4	W	29.694	37.991686	-121.765042
168059	21639758	2023-05-11T10:08:00	80	W	17.4	37.952263	-122.327903
168066	21639767	2023-05-11T10:11:00	4	E	12.358	37.994341	-122.070209
168271	21640044	2023-05-11T13:15:00	4	W	28.794	37.995591	-121.780403
168286	21640069	2023-05-11T13:23:00	242	N	2.6	37.991325	-122.039692
168428	21640267	2023-05-11T15:07:00	80	W	29.5	38.088285	-122.231856
168449	21640295	2023-05-11T15:14:00	680	N	58.663	38.059332	-122.130402
168462	21640313	2023-05-11T15:25:00	680	N	43.721	37.876406	-122.046355
168481	21640342	2023-05-11T15:44:00	680	S	39.773	37.8317	-122.004258
168482	21640344	2023-05-11T15:40:00	680	N	28.436	37.685932	-121.916638
168494	21640357	2023-05-11T15:47:00	24	E	6.4	37.874851	-122.18658
168495	21640358	2023-05-11T15:45:00	24	E	6.4	37.874851	-122.18658
168515	21640382	2023-05-11T15:57:00	4	W	35.226	37.925219	-121.732746
168535	21640407	2023-05-11T16:06:00	80	E	27.1	38.055517	-122.224689
168551	21640430	2023-05-11T16:17:00	4	E	16.282	38.012596	-122.002277
168552	21640431	2023-05-11T16:16:00	4	E	16.282	38.012596	-122.002277
168553	21640432	2023-05-11T16:14:00	4	E	18.812	38.021811	-121.960767
168573	21640458	2023-05-11T16:27:00	680	N	43.721	37.876406	-122.046355
168584	21640473	2023-05-11T16:31:00	242	N	2.0	37.982719	-122.041525
168586	21640475	2023-05-11T16:21:00	242	N	2.0	37.982719	-122.041525
168602	21640496	2023-05-11T16:41:00	242	N	2.1	37.98392	-122.041279
168724	21640665	2023-05-11T17:54:00	680	S	45.272	37.892761	-122.064902
168725	21640666	2023-05-11T17:53:00	680	S	45.272	37.892761	-122.064902
168735	21640677	2023-05-11T17:55:00	24	E	10.4	37.892862	-122.125001
168736	21640678	2023-05-11T17:51:00	24	E	10.4	37.892862	-122.125001
168757	21640713	2023-05-11T18:12:00	680	N	37.79	37.806862	-121.990775
168776	21640745	2023-05-11T18:27:00	4	W	22.348	38.018567	-121.895066
168777	21640746	2023-05-11T18:26:00	4	W	22.348	38.018567	-121.895066
168812	21640792	2023-05-11T18:49:00	580	W	70.3	37.932778	-122.408847
168817	21640799	2023-05-11T18:58:00	4	W	27.088	37.998417	-121.81166
168959	21641044	2023-05-11T21:44:00	80	E	12.1	37.881746	-122.307966
168969	21641070	2023-05-11T22:06:00	24	E	6.4	37.874851	-122.18658
169102	21641275	2023-05-12T04:06:00	80	W	17.9	37.959772	-122.330645
169112	21641298	2023-05-12T04:49:00	4	W	16.962	38.017386	-121.990427
169224	21641488	2023-05-12T07:19:00	24	W	12.4	37.898073	-122.09004
169243	21641512	2023-05-12T07:34:00	580	E	65.1	37.9114	-122.323427
169282	21641574	2023-05-12T08:02:00	4	W	26.728	37.998674	-121.817967
169315	21641627	2023-05-12T08:40:00	680	S	44.891	37.889558	-122.058503
169325	21641642	2023-05-12T08:54:00	24	E	10.4	37.892862	-122.125001
169326	21641643	2023-05-12T08:53:00	24	E	10.4	37.892862	-122.125001
169327	21641644	2023-05-12T08:44:00	80	E	18.9	37.969909	-122.320442
169351	21641681	2023-05-12T09:14:00	80	W	14.6	37.914584	-122.317505
169364	21641703	2023-05-12T09:27:00	80	W	29.3	38.085969	-122.232797
169372	21641711	2023-05-12T09:34:00	4	W	15.413	38.010708	-122.017546
169373	21641712	2023-05-12T09:33:00	680	S	50.756	37.965836	-122.056037
169406	21641757	2023-05-12T10:04:00	242	S	0.2	37.956956	-122.053305
169427	21641784	2023-05-12T10:21:00	4	W	15.413	38.010708	-122.017546
169428	21641786	2023-05-12T10:24:00	4	W	15.413	38.010708	-122.017546
169447	21641812	2023-05-12T10:41:00	4	E	19.485	38.018836	-121.948032
169484	21641863	2023-05-12T11:11:00	680	S	50.502	37.962947	-122.054342
169507	21641894	2023-05-12T11:29:00	4	E	20.104	38.018752	-121.937094
169547	21641953	2023-05-12T12:05:00	680	N	58.663	38.059332	-122.130402
169548	21641954	2023-05-12T12:04:00	680	N	31.108	37.720114	-121.937379
169560	21641969	2023-05-12T12:15:00	4	E	8.677	37.989925	-122.133315
169583	21642000	2023-05-12T12:32:00	4	E	30.572	37.98771	-121.750948
169590	21642008	2023-05-12T12:36:00	4	W	26.728	37.998674	-121.817967
169631	21642061	2023-05-12T13:01:00	4	E	13.332	38.000576	-122.054088
169660	21642114	2023-05-12T13:22:00	680	N	41.97	37.854862	-122.029221
169714	21642188	2023-05-12T13:56:00	4	E	23.664	38.012821	-121.872431
169837	21642342	2023-05-12T15:02:00	80	E	12.1	37.881207	-122.307852
169861	21642372	2023-05-12T15:11:00	24	E	1.5	37.842309	-122.257679
169917	21642444	2023-05-12T15:40:00	24	W	5.0	37.864109	-122.209158
169968	21642518	2023-05-12T16:12:00	80	E	27.5	38.061312	-122.225163
169979	21642530	2023-05-12T16:15:00	242	S	3.3	38.000947	-122.037852
169980	21642531	2023-05-12T16:14:00	580	W	63.9	37.89741	-122.311741
170094	21642676	2023-05-12T17:10:00	24	W	2.9	37.848986	-122.235713
170116	21642704	2023-05-12T17:21:00	680	S	39.223	37.826477	-121.996334
170141	21642743	2023-05-12T17:33:00	680	S	38.395	37.81494	-121.993459
170150	21642755	2023-05-12T17:40:00	580	E	64.3	37.901366	-122.315167
170160	21642766	2023-05-12T17:45:00	680	S	29.37	37.701642	-121.911281
170167	21642774	2023-05-12T17:53:00	4	W	25.717	38.003464	-121.835484
170281	21642921	2023-05-12T18:54:00	680	S	29.137	37.694397	-121.920222
170307	21642961	2023-05-12T19:23:00	24	W	8.1	37.892846	-122.166865
170340	21643020	2023-05-12T19:55:00	160	N	0.7	38.015558	-121.751469
170382	21643107	2023-05-12T20:51:00	4	E	22.429	38.017951	-121.894061
170401	21643141	2023-05-12T21:14:00	4	E	26.414	38.000165	-121.824832
170449	21643234	2023-05-12T22:17:00	80	E	19.6	37.979938	-122.317059
170460	21643253	2023-05-12T22:37:00	4	W	28.794	37.995591	-121.780403
170486	21643292	2023-05-12T22:58:00	580	E	70.1	37.932083	-122.40375
170490	21643299	2023-05-12T23:04:00	24	E	11.7	37.8969	-122.101841
170506	21643326	2023-05-12T23:33:00	680	N	49.937	37.955453	-122.053356
170507	21643327	2023-05-12T23:32:00	24	E	11.7	37.8969	-122.101841
170508	21643331	2023-05-12T23:40:00	4	W	34.105	37.940655	-121.739953
170518	21643350	2023-05-12T23:58:00	4	W	22.348	38.018567	-121.895066
170561	21643426	2023-05-13T01:07:00	4	W	35.226	37.925219	-121.732746
170586	21643468	2023-05-13T02:10:00	24	E	4.9	37.862496	-122.209079
170595	21643486	2023-05-13T02:28:00	242	N	0.8	37.96661	-122.048744
170654	21643576	2023-05-13T04:46:00	4	E	27.171	37.998126	-121.811133
170676	21643617	2023-05-13T05:49:00	4	W	16.962	38.017386	-121.990427
170700	21643649	2023-05-13T06:32:00	80	E	19.6	37.979938	-122.317059
170702	21643651	2023-05-13T06:29:00	24	W	7.1	37.88436	-122.179679
170703	21643652	2023-05-13T06:27:00	24	W	6.4	37.875588	-122.187732
170708	21643660	2023-05-13T06:35:00	4	W	15.194	38.01011	-122.021262
170745	21643716	2023-05-13T07:47:00	680	S	47.508	37.920636	-122.062281
170751	21643729	2023-05-13T07:58:00	4	W	1.147	38.014414	-122.25234
170881	21643949	2023-05-13T10:56:00	80	W	14.1	37.907481	-122.315399
170907	21643993	2023-05-13T11:22:00	680	N	46.316	37.905243	-122.069406
170915	21644002	2023-05-13T11:29:00	24	W	8.9	37.891793	-122.151758
170967	21644067	2023-05-13T12:00:00	4	E	30.995	37.982313	-121.746896
171092	21644275	2023-05-13T13:55:00	4	W	5.636	38.013022	-122.17456
171162	21644364	2023-05-13T14:43:00	680	S	42.419	37.860149	-122.032664
171185	21644398	2023-05-13T14:55:00	4	E	12.562	37.995586	-122.066559
171186	21644399	2023-05-13T14:53:00	80	E	13.3	37.898081	-122.309198
171202	21644422	2023-05-13T15:11:00	24	E	4.5	37.858644	-122.212162
171240	21644471	2023-05-13T15:31:00	680	N	31.669	37.726728	-121.942548
171254	21644486	2023-05-13T15:40:00	4	E	19.751	38.018741	-121.942884
171784	21645326	2023-05-14T00:13:00	580	E	65.5	37.915427	-122.326949
171789	21645337	2023-05-14T00:21:00	80	E	28.1	38.069722	-122.226905
171791	21645341	2023-05-14T00:25:00	4	E	30.995	37.982313	-121.746896
171827	21645406	2023-05-14T01:28:00	80	W	22.2	38.00178	-122.281783
171836	21645420	2023-05-14T01:57:00	4	E	22.429	38.017951	-121.894061
171905	21645525	2023-05-14T04:15:00	80	W	24.3	38.025745	-122.259506
171906	21645526	2023-05-14T04:12:00	80	W	25.9	38.043044	-122.241306
171907	21645527	2023-05-14T04:11:00	580	E	67.2	37.921658	-122.353789
171912	21645535	2023-05-14T04:33:00	4	E	27.171	37.998126	-121.811133
171996	21645667	2023-05-14T07:51:00	4	E	26.414	38.000165	-121.824832
171998	21645670	2023-05-14T07:56:00	680	N	38.683	37.819472	-121.993079
172014	21645689	2023-05-14T08:21:00	80	W	21.3	37.994255	-122.296122
172032	21645716	2023-05-14T08:53:00	242	S	2.7	37.992591	-122.039625
172048	21645750	2023-05-14T09:31:00	80	W	17.5	37.953792	-122.328714
172057	21645769	2023-05-14T09:45:00	80	E	14.8	37.917301	-122.317317
172082	21645804	2023-05-14T10:13:00	24	E	9.0	37.891181	-122.150167
172260	21646062	2023-05-14T13:00:00	24	E	4.5	37.858422	-122.211892
172266	21646072	2023-05-14T13:05:00	580	W	63.9	37.89741	-122.311741
172270	21646077	2023-05-14T13:10:00	80	E	17.4	37.952867	-122.327994
172271	21646078	2023-05-14T13:06:00	80	E	16.5	37.94046	-122.324391
172289	21646115	2023-05-14T13:29:00	242	N	2.6	37.991325	-122.039692
172339	21646186	2023-05-14T14:23:00	4	W	14.179	38.004968	-122.038364
172416	21646323	2023-05-14T15:40:00	24	E	9.0	37.891181	-122.150167
172417	21646324	2023-05-14T15:38:00	24	W	11.1	37.895372	-122.113724
172422	21646333	2023-05-14T15:46:00	4	E	16.282	38.012596	-122.002277
172609	21646627	2023-05-14T18:48:00	580	E	65.1	37.9114	-122.323427
172617	21646647	2023-05-14T19:08:00	680	N	52.775	37.995586	-122.066559
172618	21646648	2023-05-14T19:05:00	80	W	11.3	37.869523	-122.304749
172624	21646659	2023-05-14T19:13:00	4	E	19.751	38.018741	-121.942884
172634	21646671	2023-05-14T19:26:00	24	W	5.0	37.864109	-122.209158
172828	21647011	2023-05-15T00:37:00	4	E	16.282	38.012596	-122.002277
172937	21647184	2023-05-15T05:59:00	4	E	19.751	38.018741	-121.942884
173040	21647342	2023-05-15T07:23:00	24	W	10.7	37.894317	-122.120145
173074	21647389	2023-05-15T07:49:00	4	E	4.241	38.011583	-122.19895
173482	21647961	2023-05-15T13:30:00	580	W	63.9	37.89741	-122.311741
173484	21647964	2023-05-15T13:37:00	80	W	16.6	37.94145	-122.324122
173532	21648035	2023-05-15T14:09:00	580	E	72.3	37.935043	-122.444523
173545	21648054	2023-05-15T14:21:00	4	W	27.088	37.998417	-121.81166
173546	21648055	2023-05-15T14:20:00	80	E	12.1	37.881746	-122.307966
173925	21648568	2023-05-15T18:12:00	80	E	15.9	37.932417	-122.325715
173930	21648574	2023-05-15T18:15:00	80	E	15.9	37.932417	-122.325715
173951	21648601	2023-05-15T18:38:00	80	W	12.1	37.881911	-122.308246
173968	21648627	2023-05-15T18:50:00	4	W	19.521	38.019089	-121.946589
173985	21648658	2023-05-15T19:12:00	4	E	1.242	38.014589	-122.249975
174087	21648833	2023-05-15T21:18:00	680	N	53.878	38.005573	-122.082507
174114	21648884	2023-05-15T22:10:00	24	E	6.6	37.87735	-122.184078
174173	21648981	2023-05-15T23:53:00	580	W	63.9	37.89741	-122.311741
174183	21648996	2023-05-16T00:07:00	4	W	23.665	38.012996	-121.871769
174235	21649085	2023-05-16T03:43:00	4	E	24.198	38.01073	-121.863155
174261	21649132	2023-05-16T05:33:00	680	S	38.395	37.81494	-121.993459
174277	21649155	2023-05-16T05:59:00	4	W	22.348	38.018567	-121.895066
174278	21649156	2023-05-16T05:57:00	4	W	22.348	38.018567	-121.895066
174334	21649265	2023-05-16T07:06:00	680	S	35.873	37.780831	-121.97722
174354	21649294	2023-05-16T07:19:00	680	N	41.97	37.854862	-122.029221
174366	21649313	2023-05-16T07:33:00	80	W	29.5	38.08873	-122.231771
174379	21649329	2023-05-16T07:35:00	4	W	15.413	38.010708	-122.017546
174428	21649399	2023-05-16T08:07:00	4	W	33.01	37.95542	-121.74441
174451	21649432	2023-05-16T08:18:00	4	W	34.105	37.940655	-121.739953
174713	21649809	2023-05-16T13:18:00	680	S	40.301	37.836427	-122.011894
174732	21649833	2023-05-16T13:36:00	680	S	31.831	37.728617	-121.944331
174739	21649845	2023-05-16T13:38:00	80	W	18.9	37.970799	-122.320338
174768	21649890	2023-05-16T14:06:00	4	E	16.282	38.012596	-122.002277
174814	21649948	2023-05-16T14:29:00	680	S	40.301	37.836427	-122.011894
174817	21649956	2023-05-16T14:36:00	680	N	55.442	38.021623	-122.102612
174830	21649972	2023-05-16T14:39:00	680	N	53.878	38.005573	-122.082507
174840	21649984	2023-05-16T14:45:00	680	N	38.683	37.819472	-121.993079
174845	21649990	2023-05-16T14:52:00	680	N	52.53	37.990271	-122.06743
174897	21650064	2023-05-16T15:24:00	4	E	35.236	37.925219	-121.732887
174898	21650065	2023-05-16T15:21:00	4	E	35.236	37.925219	-121.732887
174912	21650085	2023-05-16T15:33:00	680	N	46.866	37.912775	-122.06692
174952	21650141	2023-05-16T15:56:00	4	E	28.348	37.996773	-121.789698
175126	21650370	2023-05-16T17:39:00	680	N	46.866	37.912775	-122.06692
175127	21650371	2023-05-16T17:38:00	680	N	46.866	37.912775	-122.06692
175154	21650405	2023-05-16T17:52:00	80	W	11.3	37.869523	-122.304749
175155	21650407	2023-05-16T17:50:00	80	W	11.3	37.869523	-122.304749
175158	21650413	2023-05-16T17:59:00	4	E	18.134	38.023689	-121.972104
175159	21650415	2023-05-16T17:55:00	580	E	70.1	37.932083	-122.40375
175160	21650416	2023-05-16T17:54:00	4	E	18.134	38.023689	-121.972104
175188	21650456	2023-05-16T18:15:00	680	N	33.953	37.756191	-121.962774
175201	21650470	2023-05-16T18:18:00	680	S	50.362	37.960855	-122.053254
175208	21650478	2023-05-16T18:27:00	4	E	13.721	38.00229	-122.047248
175209	21650479	2023-05-16T18:26:00	4	E	1.242	38.014589	-122.249975
175210	21650480	2023-05-16T18:23:00	4	E	13.721	38.00229	-122.047248
175215	21650487	2023-05-16T18:32:00	580	W	70.0	37.932486	-122.403542
175250	21650537	2023-05-16T18:54:00	242	N	0.8	37.96661	-122.048744
175311	21650643	2023-05-16T20:10:00	242	N	0.8	37.96661	-122.048744
175312	21650644	2023-05-16T19:59:00	680	S	49.236	37.945369	-122.058286
175472	21650919	2023-05-17T01:01:00	4	W	23.37	38.013977	-121.876289
175481	21650931	2023-05-17T01:14:00	24	E	6.4	37.874851	-122.18658
175540	21651037	2023-05-17T05:05:00	80	W	27.5	38.061395	-122.226355
175551	21651057	2023-05-17T05:26:00	4	W	20.036	38.019101	-121.937152
175590	21651122	2023-05-17T06:19:00	4	E	23.108	38.015064	-121.882403
175591	21651123	2023-05-17T06:24:00	4	E	23.108	38.015064	-121.882403
175592	21651124	2023-05-17T06:22:00	580	W	66.2	37.921561	-122.337956
175641	21651207	2023-05-17T06:54:00	24	W	3.7	37.851328	-122.222873
175648	21651219	2023-05-17T07:01:00	4	W	16.962	38.017386	-121.990427
175671	21651251	2023-05-17T07:18:00	24	E	4.1	37.854646	-122.21709
175695	21651287	2023-05-17T07:42:00	580	W	67.4	37.922943	-122.358611
175753	21651356	2023-05-17T08:10:00	4	W	24.061	38.011402	-121.864671
175761	21651365	2023-05-17T08:17:00	4	W	24.061	38.011402	-121.864671
175810	21651432	2023-05-17T08:47:00	80	W	19.6	37.979573	-122.317375
175811	21651433	2023-05-17T08:45:00	80	W	19.6	37.979573	-122.317375
175869	21651511	2023-05-17T09:25:00	680	S	39.223	37.826477	-121.996334
175870	21651512	2023-05-17T09:23:00	680	S	39.223	37.826477	-121.996334
175876	21651522	2023-05-17T09:28:00	680	N	35.863	37.78143	-121.977213
175879	21651527	2023-05-17T09:37:00	80	E	28.3	38.07247	-122.228965
175881	21651529	2023-05-17T09:35:00	242	S	2.0	37.983275	-122.041624
175882	21651530	2023-05-17T09:34:00	4	E	16.999	38.016763	-121.990745
175972	21651669	2023-05-17T11:03:00	4	W	16.542	38.014183	-121.996966
176098	21651860	2023-05-17T12:57:00	680	N	29.709	37.703039	-121.923399
176106	21651875	2023-05-17T13:00:00	24	W	7.6	37.890168	-122.174599
176162	21651966	2023-05-17T13:56:00	80	E	28.1	38.069722	-122.226905
176174	21651988	2023-05-17T14:06:00	24	E	2.1	37.845854	-122.247879
176185	21652006	2023-05-17T14:20:00	80	E	17.4	37.952867	-122.327994
176201	21652026	2023-05-17T14:28:00	680	N	48.815	37.940053	-122.060052
176228	21652065	2023-05-17T14:48:00	24	E	7.5	37.888907	-122.175662
176357	21652233	2023-05-17T16:09:00	80	W	15.9	37.93162	-122.325372
176358	21652234	2023-05-17T16:07:00	80	W	15.9	37.93162	-122.325372
176390	21652283	2023-05-17T16:25:00	242	N	2.8	37.993791	-122.039167
176391	21652284	2023-05-17T16:24:00	242	N	2.8	37.993791	-122.039167
176527	21652469	2023-05-17T17:47:00	80	W	19.6	37.979573	-122.317375
176529	21652471	2023-05-17T17:45:00	80	W	19.6	37.979573	-122.317375
176571	21652525	2023-05-17T18:13:00	680	N	47.56	37.922044	-122.061426
176588	21652548	2023-05-17T18:20:00	4	W	26.728	37.998674	-121.817967
176665	21652673	2023-05-17T19:22:00	680	N	28.436	37.685932	-121.916638
176695	21652720	2023-05-17T19:52:00	680	S	50.362	37.960855	-122.053254
176709	21652747	2023-05-17T20:06:00	680	N	45.789	37.897483	-122.081196
176719	21652763	2023-05-17T20:15:00	4	E	35.236	37.925219	-121.732887
176772	21652838	2023-05-17T21:13:00	680	N	47.56	37.922044	-122.061426
176788	21652860	2023-05-17T21:26:00	680	N	45.856	37.898794	-122.070698
176814	21652910	2023-05-17T22:05:00	4	W	18.391	38.023255	-121.966585
176934	21653091	2023-05-18T02:53:00	680	S	59.612	38.070844	-122.125788
176937	21653101	2023-05-18T03:35:00	4	E	32.916	37.957212	-121.744885
177155	21653452	2023-05-18T08:13:00	4	E	18.812	38.021811	-121.960767
177172	21653475	2023-05-18T07:18:00	80	W	19.6	37.979573	-122.317375
177217	21653528	2023-05-18T09:00:00	4	W	32.608	37.96144	-121.742824
177234	21653556	2023-05-18T09:17:00	80	E	23.1	38.011875	-122.272168
177265	21653595	2023-05-18T09:40:00	580	W	70.0	37.932486	-122.403542
177269	21653602	2023-05-18T09:46:00	4	W	5.636	38.013022	-122.17456
177295	21653637	2023-05-18T10:06:00	4	E	19.485	38.018836	-121.948032
177296	21653638	2023-05-18T10:05:00	680	N	31.669	37.726728	-121.942548
177451	21653874	2023-05-18T12:38:00	680	N	37.79	37.806862	-121.990775
177459	21653884	2023-05-18T12:43:00	680	N	48.815	37.940053	-122.060052
177473	21653910	2023-05-18T13:03:00	4	W	12.337	37.994782	-122.069526
177710	21654258	2023-05-18T16:00:00	80	E	22.1	38.00026	-122.282937
177711	21654259	2023-05-18T15:58:00	80	E	22.1	38.00026	-122.282937
177752	21654318	2023-05-18T16:25:00	24	W	6.4	37.875588	-122.187732
177867	21654469	2023-05-18T17:33:00	24	E	2.9	37.848602	-122.235179
177868	21654470	2023-05-18T17:31:00	24	E	2.9	37.848602	-122.235179
177890	21654504	2023-05-18T17:45:00	4	E	14.23	38.004458	-122.038839
177896	21654512	2023-05-18T17:52:00	4	E	12.562	37.995586	-122.066559
177897	21654513	2023-05-18T17:51:00	80	E	18.4	37.96469	-122.324915
177899	21654515	2023-05-18T17:49:00	80	E	18.4	37.96469	-122.324915
177908	21654527	2023-05-18T17:55:00	4	E	12.562	37.995586	-122.066559
177933	21654558	2023-05-18T17:58:00	4	W	23.37	38.013977	-121.876289
178063	21654756	2023-05-18T20:07:00	24	W	11.1	37.895372	-122.113724
178071	21654769	2023-05-18T20:14:00	680	S	46.565	37.908558	-122.068713
178086	21654789	2023-05-18T20:27:00	80	E	27.5	38.061312	-122.225163
178092	21654797	2023-05-18T20:35:00	680	N	48.815	37.940053	-122.060052
178106	21654817	2023-05-18T20:50:00	4	W	10.836	37.990762	-122.096283
178117	21654833	2023-05-18T21:00:00	24	E	6.4	37.874851	-122.18658
178283	21655107	2023-05-19T02:35:00	4	E	30.995	37.982313	-121.746896
178324	21655173	2023-05-19T05:17:00	4	W	15.413	38.010708	-122.017546
178325	21655174	2023-05-19T05:15:00	4	W	15.413	38.010708	-122.017546
178519	21655492	2023-05-19T08:29:00	4	E	16.282	38.012596	-122.002277
178531	21655507	2023-05-19T08:33:00	680	N	31.108	37.720114	-121.937379
178542	21655520	2023-05-19T08:48:00	680	N	31.108	37.720114	-121.937379
178545	21655523	2023-05-19T08:45:00	4	W	25.717	38.003464	-121.835484
178553	21655532	2023-05-19T08:51:00	80	W	13.8	37.903864	-122.312909
178562	21655546	2023-05-19T08:58:00	4	E	5.671	38.012858	-122.174702
178585	21655578	2023-05-19T09:18:00	24	E	11.7	37.8969	-122.101841
178616	21655619	2023-05-19T09:43:00	4	E	14.725	38.008166	-122.030414
178617	21655620	2023-05-19T09:39:00	24	W	11.1	37.895372	-122.113724
178618	21655621	2023-05-19T09:37:00	680	S	48.324	37.932715	-122.060323
178636	21655647	2023-05-19T09:54:00	80	E	26.7	38.051224	-122.229366
178642	21655655	2023-05-19T10:01:00	4	E	19.485	38.018836	-121.948032
178696	21655727	2023-05-19T10:58:00	4	E	10.42	37.993192	-122.104465
178758	21655825	2023-05-19T12:01:00	680	S	44.891	37.889558	-122.058503
178759	21655826	2023-05-19T12:00:00	80	E	15.7	37.930097	-122.324016
178830	21655924	2023-05-19T12:56:00	4	W	19.521	38.019089	-121.946589
178839	21655940	2023-05-19T13:03:00	4	E	18.812	38.021811	-121.960767
178865	21655971	2023-05-19T13:27:00	24	E	10.4	37.892862	-122.125001
178891	21656006	2023-05-19T13:36:00	4	W	21.347	38.0202	-121.912397
179093	21656283	2023-05-19T15:39:00	80	W	22.8	38.008424	-122.275602
179113	21656312	2023-05-19T15:55:00	80	W	22.8	38.008424	-122.275602
179133	21656338	2023-05-19T16:04:00	680	S	43.021	37.866847	-122.039129
179134	21656339	2023-05-19T16:03:00	680	S	43.021	37.866847	-122.039129
179180	21656397	2023-05-19T16:30:00	4	W	28.469	37.996589	-121.786913
179196	21656420	2023-05-19T16:40:00	4	W	25.717	38.003464	-121.835484
179207	21656431	2023-05-19T16:45:00	4	E	33.593	37.947685	-121.743882
179311	21656562	2023-05-19T17:43:00	80	E	15.6	37.928275	-122.322664
179312	21656563	2023-05-19T17:41:00	80	E	15.6	37.928275	-122.322664
179401	21656677	2023-05-19T18:26:00	580	E	72.3	37.935043	-122.444523
179406	21656688	2023-05-19T18:30:00	4	W	22.348	38.018567	-121.895066
179407	21656689	2023-05-19T18:27:00	80	E	10.9	37.863935	-122.302816
179445	21656746	2023-05-19T18:54:00	4	E	27.171	37.998126	-121.811133
179480	21656797	2023-05-19T19:33:00	680	N	38.958	37.82354	-121.993719
179481	21656798	2023-05-19T19:24:00	680	N	56.193	38.026944	-122.114167
179487	21656809	2023-05-19T19:38:00	680	S	28.804	37.69002	-121.918519
179496	21656829	2023-05-19T19:44:00	80	W	17.4	37.952263	-122.327903
179507	21656850	2023-05-19T19:59:00	80	W	16.5	37.940155	-122.324756
179519	21656869	2023-05-19T20:12:00	4	W	16.962	38.017386	-121.990427
179546	21656922	2023-05-19T20:51:00	4	E	33.593	37.947685	-121.743882
179555	21656952	2023-05-19T21:11:00	242	N	2.1	37.98392	-122.041279
179571	21656973	2023-05-19T21:27:00	4	W	16.962	38.017386	-121.990427
179737	21657255	2023-05-20T01:36:00	580	W	66.2	37.921561	-122.337956
179746	21657276	2023-05-20T01:54:00	4	E	3.537	38.007701	-122.21057
179779	21657327	2023-05-20T02:59:00	24	E	2.1	37.845854	-122.247879
179787	21657338	2023-05-20T03:18:00	4	E	33.593	37.947685	-121.743882
179816	21657381	2023-05-20T04:31:00	4	W	9.626	37.996431	-122.116998
179897	21657516	2023-05-20T07:09:00	680	S	43.021	37.866847	-122.039129
179902	21657521	2023-05-20T07:17:00	680	S	48.324	37.932715	-122.060323
179903	21657523	2023-05-20T07:18:00	680	S	48.324	37.932715	-122.060323
179904	21657524	2023-05-20T07:16:00	680	S	47.694	37.923282	-122.061272
179934	21657565	2023-05-20T07:51:00	4	W	16.263	38.013095	-122.001843
179935	21657566	2023-05-20T07:50:00	680	S	43.021	37.866847	-122.039129
179954	21657589	2023-05-20T08:04:00	4	W	19.521	38.019089	-121.946589
179965	21657607	2023-05-20T08:19:00	4	W	16.962	38.017386	-121.990427
179975	21657618	2023-05-20T08:34:00	24	E	3.3	37.847464	-122.22769
179988	21657638	2023-05-20T08:53:00	24	W	12.4	37.898073	-122.09004
180004	21657655	2023-05-20T09:02:00	680	S	43.021	37.866847	-122.039129
180016	21657667	2023-05-20T09:08:00	4	W	12.337	37.994782	-122.069526
180157	21657872	2023-05-20T11:32:00	4	W	28.794	37.995591	-121.780403
180158	21657873	2023-05-20T11:29:00	4	W	12.337	37.994782	-122.069526
180163	21657881	2023-05-20T11:33:00	680	N	42.444	37.861176	-122.032978
180230	21657959	2023-05-20T12:19:00	680	N	52.856	37.994782	-122.069526
180244	21657978	2023-05-20T12:28:00	4	E	12.562	37.995586	-122.066559
180308	21658080	2023-05-20T13:24:00	4	E	12.562	37.995586	-122.066559
180411	21658239	2023-05-20T14:56:00	24	W	7.1	37.88436	-122.179679
180452	21658307	2023-05-20T15:34:00	4	W	20.036	38.019101	-121.937152
180536	21658439	2023-05-20T16:46:00	680	N	46.866	37.912775	-122.06692
180546	21658457	2023-05-20T16:53:00	4	W	31.46	37.976136	-121.741915
180735	21658752	2023-05-20T19:56:00	4	W	31.03	37.982452	-121.746491
180832	21658917	2023-05-20T22:02:00	4	W	33.01	37.95542	-121.74441
180833	21658918	2023-05-20T22:01:00	4	W	28.31	37.997154	-121.790106
180835	21658923	2023-05-20T22:07:00	24	E	4.5	37.858422	-122.211892
180840	21658934	2023-05-20T22:12:00	24	E	6.4	37.874851	-122.18658
180847	21658943	2023-05-20T22:13:00	80	W	20.3	37.989215	-122.312635
180864	21658978	2023-05-20T22:40:00	4	E	2.796	38.008034	-122.223259
180907	21659045	2023-05-20T23:33:00	4	E	18.134	38.023689	-121.972104
180912	21659051	2023-05-20T23:39:00	4	E	16.282	38.012596	-122.002277
181043	21659261	2023-05-21T04:20:00	4	E	25.929	38.002351	-121.832686
181176	21659495	2023-05-21T09:01:00	24	E	12.8	37.897394	-122.081878
181186	21659509	2023-05-21T09:16:00	4	W	16.263	38.013095	-122.001843
181353	21659790	2023-05-21T12:51:00	24	E	4.5	37.858422	-122.211892
181383	21659835	2023-05-21T13:17:00	680	N	43.721	37.876406	-122.046355
181422	21659894	2023-05-21T13:48:00	4	W	28.794	37.995591	-121.780403
181624	21660209	2023-05-21T16:53:00	4	W	30.427	37.988982	-121.752267
181633	21660221	2023-05-21T17:01:00	4	E	22.429	38.017951	-121.894061
181827	21660595	2023-05-21T21:35:00	680	S	30.013	37.706333	-121.926113
181839	21660619	2023-05-21T21:52:00	80	E	15.6	37.928275	-122.322664
181852	21660646	2023-05-21T22:22:00	4	W	22.348	38.018567	-121.895066
181868	21660674	2023-05-21T22:58:00	4	W	20.036	38.019101	-121.937152
181934	21660795	2023-05-22T01:45:00	4	E	23.108	38.015064	-121.882403
182124	21661074	2023-05-22T07:20:00	242	N	3.2	38.000481	-122.037725
182132	21661085	2023-05-22T07:29:00	680	S	53.355	37.999523	-122.076105
182133	21661086	2023-05-22T07:26:00	680	S	53.355	37.999523	-122.076105
182158	21661123	2023-05-22T07:43:00	4	E	0.0	38.015882	-122.272368
182325	21661361	2023-05-22T09:51:00	580	W	66.5	37.921761	-122.343181
182373	21661427	2023-05-22T10:29:00	680	S	54.598	38.013232	-122.09078
182383	21661439	2023-05-22T10:44:00	4	E	25.442	38.004791	-121.841338
182470	21661558	2023-05-22T11:55:00	4	E	32.346	37.964821	-121.740553
182474	21661562	2023-05-22T12:00:00	4	E	14.725	38.008166	-122.030414
182502	21661596	2023-05-22T12:19:00	24	W	4.5	37.858736	-122.212489
182530	21661635	2023-05-22T12:46:00	580	W	72.2	37.935097	-122.444517
182558	21661673	2023-05-22T13:05:00	24	W	6.4	37.875588	-122.187732
182577	21661704	2023-05-22T13:26:00	680	S	47.508	37.920636	-122.062281
182643	21661813	2023-05-22T14:22:00	242	N	2.1	37.98392	-122.041279
182665	21661847	2023-05-22T14:35:00	24	E	4.5	37.858422	-122.211892
182674	21661860	2023-05-22T14:39:00	680	N	28.923	37.692391	-121.91918
182689	21661879	2023-05-22T14:47:00	680	S	29.648	37.700288	-121.926466
182697	21661889	2023-05-22T14:54:00	242	N	0.3	37.959712	-122.051595
182720	21661922	2023-05-22T15:13:00	80	W	19.1	37.972883	-122.319635
182768	21661983	2023-05-22T15:36:00	24	W	5.4	37.868261	-122.200872
182769	21661984	2023-05-22T15:35:00	24	W	5.4	37.868261	-122.200872
182783	21662010	2023-05-22T15:42:00	680	S	28.6	37.687307	-121.91744
182789	21662021	2023-05-22T15:53:00	242	N	3.2	38.000481	-122.037725
182790	21662022	2023-05-22T15:52:00	242	N	3.2	38.000481	-122.037725
182833	21662084	2023-05-22T16:23:00	24	E	10.4	37.892862	-122.125001
182851	21662102	2023-05-22T16:24:00	24	E	10.4	37.892862	-122.125001
182909	21662188	2023-05-22T17:14:00	4	E	13.332	38.000576	-122.054088
182910	21662189	2023-05-22T17:13:00	4	E	13.332	38.000576	-122.054088
182916	21662196	2023-05-22T17:15:00	580	W	67.1	37.921855	-122.354109
183301	21662809	2023-05-23T04:40:00	680	S	46.913	37.913136	-122.067073
183306	21662816	2023-05-23T04:45:00	80	W	17.5	37.953792	-122.328714
183316	21662831	2023-05-23T05:08:00	680	S	29.137	37.694397	-121.920222
183319	21662836	2023-05-23T05:19:00	242	N	1.1	37.970233	-122.047228
183328	21662850	2023-05-23T05:36:00	80	E	19.0	37.971598	-122.319869
183335	21662865	2023-05-23T05:46:00	24	E	9.0	37.891181	-122.150167
183336	21662866	2023-05-23T05:44:00	24	E	9.0	37.891181	-122.150167
183347	21662886	2023-05-23T05:58:00	80	W	14.6	37.914584	-122.317505
183359	21662903	2023-05-23T06:11:00	4	E	19.751	38.018741	-121.942884
183360	21662904	2023-05-23T06:10:00	4	W	23.37	38.013977	-121.876289
183632	21663307	2023-05-23T09:49:00	80	W	13.8	37.903864	-122.312909
183686	21663392	2023-05-23T10:30:00	4	W	12.337	37.994782	-122.069526
183723	21663451	2023-05-23T11:11:00	4	W	24.061	38.011402	-121.864671
183761	21663507	2023-05-23T11:48:00	4	W	13.968	38.003865	-122.042102
183762	21663508	2023-05-23T11:52:00	80	W	20.3	37.989215	-122.312635
183763	21663509	2023-05-23T11:51:00	4	W	13.968	38.003865	-122.042102
183779	21663528	2023-05-23T11:59:00	4	E	4.864	38.01589	-122.188886
183800	21663564	2023-05-23T12:24:00	4	W	19.828	38.019102	-121.940875
183840	21663634	2023-05-23T13:11:00	4	E	9.058	37.991473	-122.12634
183841	21663635	2023-05-23T13:10:00	4	W	25.384	38.005247	-121.84187
183861	21663664	2023-05-23T13:25:00	4	W	2.777	38.009209	-122.223901
183911	21663734	2023-05-23T14:06:00	680	N	46.866	37.912775	-122.06692
183942	21663771	2023-05-23T14:21:00	80	E	12.1	37.881207	-122.307852
183997	21663841	2023-05-23T14:58:00	4	E	19.485	38.018836	-121.948032
184013	21663864	2023-05-23T15:10:00	580	W	65.8	37.919271	-122.331368
184019	21663875	2023-05-23T15:19:00	4	E	18.134	38.023689	-121.972104
184020	21663876	2023-05-23T15:16:00	4	E	18.134	38.023689	-121.972104
184060	21663928	2023-05-23T15:45:00	80	E	13.3	37.898081	-122.309198
184091	21663976	2023-05-23T16:07:00	680	S	50.362	37.960855	-122.053254
184115	21664008	2023-05-23T16:18:00	80	W	14.6	37.914584	-122.317505
184131	21664028	2023-05-23T16:34:00	24	E	12.8	37.897394	-122.081878
184132	21664029	2023-05-23T16:33:00	24	E	12.8	37.897394	-122.081878
184133	21664030	2023-05-23T16:31:00	580	W	70.0	37.932486	-122.403542
184140	21664041	2023-05-23T16:35:00	4	W	18.744	38.022038	-121.960192
184282	21664245	2023-05-23T18:12:00	680	N	52.856	37.994782	-122.069526
184284	21664247	2023-05-23T18:09:00	680	N	43.721	37.876406	-122.046355
184292	21664259	2023-05-23T18:13:00	24	W	8.9	37.891793	-122.151758
184364	21664361	2023-05-23T19:16:00	24	E	6.4	37.874851	-122.18658
184372	21664372	2023-05-23T19:24:00	80	E	28.1	38.069178	-122.226636
184386	21664392	2023-05-23T19:41:00	4	E	0.496	38.013516	-122.263872
184677	21664870	2023-05-24T06:25:00	24	E	4.5	37.858644	-122.212162
184709	21664925	2023-05-24T06:51:00	4	W	19.521	38.019089	-121.946589
184742	21664972	2023-05-24T07:10:00	580	W	63.1	37.884747	-122.308659
184772	21665013	2023-05-24T07:33:00	680	S	49.822	37.953265	-122.05476
184825	21665082	2023-05-24T08:04:00	4	E	19.751	38.018741	-121.942884
184826	21665083	2023-05-24T08:02:00	4	E	22.429	38.017951	-121.894061
184827	21665084	2023-05-24T07:58:00	4	E	19.751	38.018741	-121.942884
184896	21665190	2023-05-24T08:47:00	580	W	63.9	37.89741	-122.311741
184897	21665191	2023-05-24T08:45:00	80	W	22.2	38.00178	-122.281783
184898	21665192	2023-05-24T08:43:00	80	W	22.2	38.00178	-122.281783
184905	21665201	2023-05-24T08:53:00	24	E	4.5	37.858644	-122.212162
184920	21665220	2023-05-24T09:01:00	4	W	18.391	38.023255	-121.966585
184994	21665336	2023-05-24T10:09:00	24	W	7.1	37.88436	-122.179679
185403	21665910	2023-05-24T15:44:00	80	W	22.2	38.00178	-122.281783
185419	21665927	2023-05-24T15:57:00	24	E	4.5	37.858422	-122.211892
185438	21665950	2023-05-24T16:02:00	242	N	2.1	37.98392	-122.041279
185446	21665960	2023-05-24T16:13:00	680	N	45.856	37.898794	-122.070698
185448	21665962	2023-05-24T16:09:00	680	N	45.856	37.898794	-122.070698
185456	21665974	2023-05-24T16:16:00	680	S	48.324	37.932715	-122.060323
185474	21666001	2023-05-24T16:28:00	4	E	28.825	37.99544	-121.781728
185475	21666002	2023-05-24T16:26:00	4	E	28.825	37.99544	-121.781728
185501	21666037	2023-05-24T16:43:00	80	E	18.4	37.96469	-122.324915
185525	21666066	2023-05-24T16:48:00	4	E	14.177	38.000947	-122.037852
185555	21666108	2023-05-24T17:13:00	80	E	21.2	37.993899	-122.297627
185556	21666110	2023-05-24T17:10:00	80	E	21.2	37.993899	-122.297627
185609	21666176	2023-05-24T17:34:00	680	N	39.258	37.827317	-121.997036
185610	21666177	2023-05-24T17:32:00	80	E	25.8	38.042706	-122.24148
185636	21666212	2023-05-24T17:56:00	80	W	13.1	37.895221	-122.308233
185637	21666213	2023-05-24T17:55:00	80	W	13.1	37.895221	-122.308233
185641	21666220	2023-05-24T18:00:00	4	E	22.429	38.017951	-121.894061
185665	21666254	2023-05-24T18:16:00	4	E	22.429	38.017951	-121.894061
185714	21666318	2023-05-24T18:47:00	680	N	49.937	37.955453	-122.053356
185715	21666319	2023-05-24T18:45:00	80	E	13.8	37.903411	-122.312372
185716	21666320	2023-05-24T18:44:00	680	N	49.937	37.955453	-122.053356
185724	21666331	2023-05-24T18:54:00	580	E	72.3	37.935043	-122.444523
185759	21666380	2023-05-24T19:34:00	160	N	0.7	38.015675	-121.751469
185760	21666381	2023-05-24T19:31:00	680	S	41.829	37.852397	-122.029072
185765	21666387	2023-05-24T19:35:00	24	E	4.1	37.854646	-122.21709
185767	21666390	2023-05-24T19:33:00	24	E	8.0	37.892431	-122.167059
185830	21666498	2023-05-24T20:59:00	680	S	39.773	37.8317	-122.004258
185849	21666532	2023-05-24T21:23:00	580	E	72.3	37.935043	-122.444523
185864	21666555	2023-05-24T21:37:00	680	N	29.709	37.703039	-121.923399
185872	21666567	2023-05-24T21:45:00	4	E	8.677	37.989925	-122.133315
186039	21666835	2023-05-25T05:41:00	24	E	4.5	37.858422	-122.211892
186040	21666836	2023-05-25T05:38:00	24	E	4.1	37.854646	-122.21709
186059	21666865	2023-05-25T06:00:00	4	W	5.636	38.013022	-122.17456
186076	21666896	2023-05-25T06:24:00	4	W	31.46	37.976136	-121.741915
186239	21667138	2023-05-25T08:31:00	80	E	28.1	38.069722	-122.226905
186253	21667155	2023-05-25T08:41:00	4	W	18.744	38.022038	-121.960192
186254	21667156	2023-05-25T08:40:00	4	E	16.282	38.012596	-122.002277
186308	21667238	2023-05-25T09:24:00	580	W	70.0	37.932486	-122.403542
186321	21667258	2023-05-25T09:36:00	242	S	0.2	37.956956	-122.053305
186350	21667298	2023-05-25T10:03:00	4	W	14.179	38.004968	-122.038364
186381	21667336	2023-05-25T10:27:00	580	W	74.1	37.942605	-122.477717
186396	21667359	2023-05-25T10:38:00	4	W	22.348	38.018567	-121.895066
186519	21667540	2023-05-25T12:30:00	4	W	25.717	38.003464	-121.835484
186606	21667660	2023-05-25T13:41:00	580	W	67.0	37.92185	-122.351943
186658	21667745	2023-05-25T14:26:00	4	W	15.194	38.01011	-122.021262
186659	21667746	2023-05-25T14:25:00	242	S	2.7	37.992591	-122.039625
187128	21668396	2023-05-25T19:31:00	680	S	39.773	37.8317	-122.004258
187129	21668397	2023-05-25T19:28:00	680	N	46.866	37.912775	-122.06692
187149	21668426	2023-05-25T19:49:00	680	S	29.137	37.694397	-121.920222
187154	21668434	2023-05-25T19:54:00	4	W	25.717	38.003464	-121.835484
187220	21668547	2023-05-25T21:34:00	580	E	72.3	37.935043	-122.444523
187221	21668548	2023-05-25T21:31:00	80	E	28.3	38.07247	-122.228965
187228	21668559	2023-05-25T21:38:00	4	E	8.677	37.989925	-122.133315
187361	21668774	2023-05-26T02:17:00	4	E	24.198	38.01073	-121.863155
187409	21668858	2023-05-26T05:21:00	4	W	14.253	38.004644	-122.036966
187485	21668972	2023-05-26T06:52:00	4	W	25.717	38.003464	-121.835484
187548	21669069	2023-05-26T07:50:00	680	S	49.236	37.945369	-122.058286
187569	21669105	2023-05-26T08:17:00	680	S	54.598	38.013232	-122.09078
187580	21669119	2023-05-26T08:26:00	4	E	22.429	38.017951	-121.894061
187642	21669210	2023-05-26T09:33:00	680	S	35.873	37.780831	-121.97722
187670	21669251	2023-05-26T09:47:00	80	W	11.3	37.869523	-122.304749
187677	21669258	2023-05-26T09:58:00	680	N	31.108	37.720114	-121.937379
187681	21669264	2023-05-26T09:59:00	80	E	16.5	37.94046	-122.324391
187695	21669281	2023-05-26T10:09:00	680	N	41.473	37.847983	-122.027629
187711	21669304	2023-05-26T10:25:00	242	S	2.0	37.983275	-122.041624
188151	21669925	2023-05-26T15:28:00	580	E	64.3	37.901366	-122.315167
188181	21669960	2023-05-26T15:52:00	4	E	18.134	38.023689	-121.972104
188192	21669975	2023-05-26T15:54:00	24	E	4.1	37.854646	-122.21709
188236	21670034	2023-05-26T16:20:00	80	E	12.1	37.881746	-122.307966
188238	21670038	2023-05-26T16:23:00	80	E	12.1	37.881746	-122.307966
188239	21670039	2023-05-26T16:22:00	80	E	12.1	37.881746	-122.307966
188262	21670070	2023-05-26T16:30:00	680	S	45.796	37.897511	-122.071253
188315	21670140	2023-05-26T17:03:00	4	W	25.717	38.003464	-121.835484
188316	21670141	2023-05-26T17:02:00	4	W	25.717	38.003464	-121.835484
188339	21670177	2023-05-26T17:15:00	80	E	17.4	37.952867	-122.327994
188348	21670187	2023-05-26T17:20:00	680	S	45.796	37.897511	-122.071253
188352	21670196	2023-05-26T17:26:00	80	W	11.3	37.869523	-122.304749
188353	21670197	2023-05-26T17:25:00	80	W	11.3	37.869523	-122.304749
188382	21670241	2023-05-26T17:45:00	4	E	19.485	38.018836	-121.948032
188387	21670249	2023-05-26T17:48:00	580	W	67.1	37.921855	-122.354109
188515	21670443	2023-05-26T19:38:00	4	E	16.999	38.016763	-121.990745
188564	21670527	2023-05-26T20:46:00	680	N	49.937	37.95548	-122.053382
188575	21670552	2023-05-26T21:00:00	580	E	73.2	37.938516	-122.461112
188587	21670577	2023-05-26T21:13:00	4	E	33.593	37.947685	-121.743882
188596	21670589	2023-05-26T21:30:00	4	E	30.572	37.98771	-121.750948
188597	21670590	2023-05-26T21:28:00	4	W	28.794	37.995591	-121.780403
188601	21670597	2023-05-26T21:34:00	160	N	1.4	38.026326	-121.751498
188605	21670602	2023-05-26T21:43:00	4	E	30.995	37.982313	-121.746896
188691	21670740	2023-05-26T23:44:00	680	N	47.855	37.926362	-122.060449
188711	21670771	2023-05-27T00:13:00	4	W	32.215	37.966301	-121.739069
188734	21670803	2023-05-27T00:48:00	24	E	7.5	37.888907	-122.175662
188786	21670882	2023-05-27T02:42:00	24	E	12.9	37.897172	-122.080904
188805	21670911	2023-05-27T03:32:00	4	W	13.715	38.002816	-122.046293
188807	21670913	2023-05-27T03:37:00	4	W	14.076	38.004375	-122.040256
189391	21671837	2023-05-27T15:40:00	680	S	45.035	37.890801	-122.060828
189436	21671905	2023-05-27T16:15:00	4	W	25.717	38.003464	-121.835484
189592	21672144	2023-05-27T18:42:00	680	S	43.021	37.866847	-122.039129
189605	21672163	2023-05-27T18:53:00	680	S	34.564	37.763758	-121.967986
189623	21672205	2023-05-27T19:25:00	24	W	8.1	37.892846	-122.166865
189677	21672283	2023-05-27T20:22:00	242	S	2.2	37.985937	-122.041056
189779	21672472	2023-05-27T22:49:00	680	S	48.324	37.932715	-122.060323
189795	21672496	2023-05-27T23:14:00	4	E	19.751	38.018741	-121.942884
189881	21672654	2023-05-28T01:59:00	4	E	8.677	37.989925	-122.133315
189931	21672725	2023-05-28T03:25:00	4	W	27.661	37.998404	-121.801574
190043	21672908	2023-05-28T08:04:00	4	E	28.348	37.996773	-121.789698
190063	21672943	2023-05-28T08:42:00	4	W	16.263	38.013095	-122.001843
190357	21673428	2023-05-28T15:02:00	242	S	0.2	37.956956	-122.053305
190358	21673432	2023-05-28T15:04:00	242	S	0.2	37.956956	-122.053305
190425	21673539	2023-05-28T16:06:00	580	W	63.9	37.89741	-122.311741
190446	21673565	2023-05-28T16:26:00	4	E	16.999	38.016763	-121.990745
190451	21673572	2023-05-28T16:29:00	580	E	74.3	37.942764	-122.478971
190457	21673581	2023-05-28T16:38:00	580	E	66.6	37.92158	-122.343235
190470	21673599	2023-05-28T16:48:00	680	N	49.937	37.95548	-122.053382
190471	21673600	2023-05-28T16:44:00	680	S	53.355	37.999523	-122.076105
190476	21673607	2023-05-28T16:46:00	680	S	28.6	37.687307	-121.91744
190490	21673626	2023-05-28T17:07:00	4	W	20.036	38.019101	-121.937152
190569	21673760	2023-05-28T18:43:00	4	E	19.751	38.018741	-121.942884
190623	21673847	2023-05-28T19:56:00	4	W	19.521	38.019089	-121.946589
190674	21673952	2023-05-28T21:26:00	4	E	14.725	38.008166	-122.030414
190693	21673985	2023-05-28T21:44:00	24	W	5.1	37.86612	-122.206946
190765	21674096	2023-05-28T23:26:00	4	W	4.464	38.014135	-122.19433
190785	21674124	2023-05-28T23:52:00	4	W	33.615	37.947161	-121.743071
190845	21674225	2023-05-29T02:43:00	4	W	13.968	38.003865	-122.042102
190846	21674226	2023-05-29T02:42:00	4	W	15.413	38.010708	-122.017546
190934	21674374	2023-05-29T07:31:00	680	S	44.498	37.884476	-122.05416
190959	21674412	2023-05-29T08:10:00	580	E	68.2	37.927037	-122.370418
190970	21674432	2023-05-29T08:28:00	24	W	8.9	37.891793	-122.151758
191094	21674629	2023-05-29T11:36:00	24	W	11.1	37.895372	-122.113724
191108	21674653	2023-05-29T11:51:00	680	S	29.137	37.694397	-121.920222
191117	21674673	2023-05-29T12:06:00	24	E	8.1	37.892634	-122.165653
191119	21674679	2023-05-29T12:13:00	680	N	31.669	37.726728	-121.942548
191132	21674696	2023-05-29T12:22:00	24	W	11.1	37.895372	-122.113724
191137	21674707	2023-05-29T12:31:00	24	E	4.9	37.862496	-122.209079
191172	21674757	2023-05-29T13:03:00	4	W	4.968	38.016331	-122.186186
191258	21674888	2023-05-29T14:22:00	680	N	57.433	38.042911	-122.121842
191274	21674910	2023-05-29T14:40:00	680	N	33.953	37.756191	-121.962774
191282	21674920	2023-05-29T14:50:00	680	N	33.953	37.756191	-121.962774
191285	21674923	2023-05-29T14:52:00	580	E	66.3	37.921417	-122.338695
191286	21674924	2023-05-29T14:51:00	680	N	33.953	37.756191	-121.962774
191287	21674925	2023-05-29T14:50:00	4	E	16.282	38.012596	-122.002277
191382	21675076	2023-05-29T16:30:00	4	W	26.728	37.998674	-121.817967
191392	21675092	2023-05-29T16:39:00	4	W	25.717	38.003464	-121.835484
191412	21675122	2023-05-29T17:03:00	680	S	50.995	37.969068	-122.058604
191413	21675123	2023-05-29T16:55:00	680	S	50.995	37.969068	-122.058604
191423	21675138	2023-05-29T17:08:00	242	N	0.8	37.96661	-122.048744
191455	21675195	2023-05-29T17:57:00	4	E	31.52	37.975972	-121.74242
191457	21675197	2023-05-29T17:53:00	680	S	29.137	37.694397	-121.920222
191517	21675303	2023-05-29T19:12:00	680	N	41.473	37.847983	-122.027629
191543	21675340	2023-05-29T19:42:00	4	E	25.684	38.003696	-121.837444
191675	21675564	2023-05-29T23:32:00	4	W	14.491	38.00769	-122.033799
191818	21675810	2023-05-30T06:44:00	680	S	48.324	37.932715	-122.060323
191819	21675811	2023-05-30T06:41:00	680	S	48.324	37.932715	-122.060323
191827	21675825	2023-05-30T06:53:00	580	E	69.6	37.932317	-122.394519
191828	21675826	2023-05-30T06:51:00	580	E	69.6	37.932317	-122.394519
191847	21675860	2023-05-30T07:23:00	4	E	18.812	38.021811	-121.960767
191967	21676014	2023-05-30T08:33:00	680	S	29.137	37.694397	-121.920222
191976	21676027	2023-05-30T08:35:00	680	S	29.137	37.694397	-121.920222
192001	21676063	2023-05-30T08:57:00	680	S	28.6	37.687307	-121.91744
192011	21676084	2023-05-30T09:13:00	4	W	24.789	38.007914	-121.851872
192204	21676382	2023-05-30T13:17:00	680	S	34.564	37.763758	-121.967986
192226	21676414	2023-05-30T13:40:00	680	N	31.108	37.720114	-121.937379
192270	21676474	2023-05-30T14:13:00	680	N	49.414	37.948301	-122.056705
192271	21676475	2023-05-30T14:11:00	4	W	18.391	38.023255	-121.966585
192287	21676496	2023-05-30T14:17:00	4	E	10.42	37.993192	-122.104465
192340	21676574	2023-05-30T14:55:00	24	E	1.5	37.842309	-122.257679
192378	21676630	2023-05-30T15:19:00	680	N	49.189	37.945354	-122.058003
192410	21676682	2023-05-30T15:41:00	4	E	28.825	37.99544	-121.781728
192435	21676718	2023-05-30T15:57:00	680	S	43.713	37.875686	-122.0459
192512	21676815	2023-05-30T16:34:00	580	E	68.2	37.927037	-122.370418
192531	21676840	2023-05-30T16:46:00	24	E	8.1	37.892634	-122.165653
192538	21676852	2023-05-30T16:54:00	24	W	11.1	37.895372	-122.113724
192539	21676853	2023-05-30T16:52:00	24	W	11.1	37.895372	-122.113724
192617	21676960	2023-05-30T17:38:00	24	E	3.7	37.851469	-122.222575
192618	21676961	2023-05-30T17:37:00	80	W	20.3	37.989215	-122.312635
192635	21676986	2023-05-30T17:45:00	4	W	28.794	37.995591	-121.780403
192636	21676987	2023-05-30T17:44:00	24	E	2.7	37.849799	-122.238351
192802	21677251	2023-05-30T20:42:00	80	E	14.8	37.917301	-122.317317
192803	21677253	2023-05-30T20:44:00	80	E	14.8	37.917301	-122.317317
192804	21677254	2023-05-30T20:43:00	4	W	20.036	38.019101	-121.937152
192848	21677329	2023-05-30T21:47:00	580	E	72.3	37.935043	-122.444523
192866	21677354	2023-05-30T22:01:00	4	E	14.725	38.008166	-122.030414
192907	21677415	2023-05-30T22:50:00	242	S	2.7	37.992591	-122.039625
192917	21677430	2023-05-30T23:02:00	242	N	2.8	37.993791	-122.039167
193231	21677933	2023-05-31T08:46:00	580	W	68.5	37.927221	-122.376953
193263	21677978	2023-05-31T09:07:00	24	E	6.4	37.874851	-122.18658
193305	21678040	2023-05-31T09:51:00	242	S	0.2	37.956956	-122.053305
193343	21678094	2023-05-31T10:31:00	580	E	66.6	37.92158	-122.343235
193356	21678114	2023-05-31T10:46:00	24	E	4.5	37.858422	-122.211892
193406	21678173	2023-05-31T11:18:00	4	E	10.42	37.993192	-122.104465
193638	21678506	2023-05-31T14:42:00	680	S	48.324	37.932715	-122.060323
193680	21678560	2023-05-31T15:12:00	4	W	18.391	38.023255	-121.966585
193681	21678561	2023-05-31T15:10:00	4	E	25.442	38.004791	-121.841338
193695	21678584	2023-05-31T15:08:00	680	N	47.855	37.926362	-122.060449
193758	21678675	2023-05-31T16:00:00	160	S	0.9	38.018344	-121.751544
193791	21678717	2023-05-31T16:23:00	680	S	35.873	37.780831	-121.97722
193809	21678743	2023-05-31T16:29:00	580	W	68.5	37.927221	-122.376953
193839	21678776	2023-05-31T16:46:00	4	E	13.721	38.00229	-122.047248
193924	21678903	2023-05-31T17:44:00	80	W	19.8	37.983048	-122.316402
193947	21678934	2023-05-31T18:02:00	580	E	70.4	37.93271	-122.409354
193979	21678975	2023-05-31T18:22:00	4	E	13.721	38.00229	-122.047248
193980	21678976	2023-05-31T18:21:00	4	E	13.721	38.00229	-122.047248
193999	21679003	2023-05-31T18:30:00	4	E	9.058	37.991473	-122.12634
194044	21679080	2023-05-31T19:20:00	80	W	19.3	37.975686	-122.318684
194051	21679089	2023-05-31T19:26:00	4	E	18.134	38.023689	-121.972104
194055	21679097	2023-05-31T19:32:00	580	W	72.2	37.935097	-122.444517
194056	21679098	2023-05-31T19:31:00	4	W	9.11	37.992411	-122.125089
194057	21679099	2023-05-31T19:30:00	80	E	10.9	37.863935	-122.302816
194080	21679132	2023-05-31T19:54:00	242	N	1.9	37.98069	-122.042276
194121	21679198	2023-05-31T20:41:00	24	E	10.4	37.892862	-122.125001
194126	21679205	2023-05-31T20:52:00	680	N	28.923	37.692391	-121.91918
194133	21679221	2023-05-31T21:07:00	24	E	10.4	37.892862	-122.125001
194134	21679222	2023-05-31T21:09:00	24	E	10.4	37.892862	-122.125001
194144	21679240	2023-05-31T21:11:00	4	E	14.177	38.000947	-122.037852
194185	21679303	2023-05-31T22:10:00	242	N	3.0	37.997208	-122.038426
194230	21679366	2023-05-31T23:08:00	242	S	1.6	37.977448	-122.044261
194348	21679559	2023-06-01T05:30:00	80	W	29.5	38.088285	-122.231856
194374	21679595	2023-06-01T06:12:00	4	W	20.036	38.019101	-121.937152
194375	21679596	2023-06-01T06:10:00	4	W	20.036	38.019101	-121.937152
194667	21680016	2023-06-01T09:59:00	4	W	12.059	37.993171	-122.074252
194683	21680042	2023-06-01T10:14:00	4	E	12.562	37.995586	-122.066559
194730	21680115	2023-06-01T10:58:00	80	W	27.2	38.056308	-122.225996
194796	21680208	2023-06-01T11:50:00	4	E	22.429	38.017951	-121.894061
194832	21680250	2023-06-01T12:09:00	680	N	56.004	38.025492	-122.111604
194839	21680258	2023-06-01T12:16:00	580	W	63.9	37.89741	-122.311741
194841	21680261	2023-06-01T12:13:00	80	E	14.5	37.913842	-122.317314
194862	21680292	2023-06-01T12:33:00	4	E	22.429	38.017951	-121.894061
194876	21680316	2023-06-01T12:50:00	4	W	26.728	37.998674	-121.817967
194906	21680365	2023-06-01T13:14:00	4	E	5.923	38.010495	-122.171517
194919	21680387	2023-06-01T13:30:00	4	E	5.671	38.012858	-122.174702
194933	21680416	2023-06-01T13:44:00	680	N	28.923	37.692391	-121.91918
194948	21680435	2023-06-01T13:55:00	24	E	10.4	37.892862	-122.125001
194992	21680495	2023-06-01T14:27:00	680	S	34.564	37.763758	-121.967986
194995	21680498	2023-06-01T14:21:00	80	W	15.6	37.927978	-122.32287
195004	21680508	2023-06-01T14:31:00	4	W	18.391	38.023255	-121.966585
195180	21680745	2023-06-01T16:27:00	24	W	11.1	37.895372	-122.113724
195183	21680749	2023-06-01T16:23:00	80	E	12.3	37.884747	-122.308659
195245	21680836	2023-06-01T17:00:00	242	S	2.7	37.992591	-122.039625
195332	21680946	2023-06-01T17:46:00	4	W	28.794	37.995591	-121.780403
195340	21680956	2023-06-01T17:50:00	4	E	12.562	37.995586	-122.066559
195357	21680982	2023-06-01T18:01:00	680	S	47.508	37.920636	-122.062281
195358	21680983	2023-06-01T18:00:00	580	E	68.2	37.927037	-122.370418
195375	21681004	2023-06-01T18:10:00	80	E	21.5	37.99478	-122.291239
195389	21681018	2023-06-01T18:12:00	580	W	69.8	37.93209	-122.399839
195398	21681031	2023-06-01T18:22:00	4	E	24.198	38.01073	-121.863155
195399	21681032	2023-06-01T18:20:00	680	N	29.207	37.69603	-121.920605
195400	21681033	2023-06-01T18:19:00	24	E	3.7	37.851469	-122.222575
195566	21681284	2023-06-01T21:26:00	24	W	4.2	37.856175	-122.215656
195606	21681347	2023-06-01T22:09:00	24	E	5.7	37.868546	-122.194784
195620	21681373	2023-06-01T22:35:00	680	S	28.804	37.69002	-121.918519
195655	21681429	2023-06-01T23:31:00	242	S	0.2	37.956956	-122.053305
195667	21681448	2023-06-01T23:51:00	580	W	70.0	37.932466	-122.403334
195673	21681456	2023-06-01T23:54:00	4	E	10.42	37.993192	-122.104465
195777	21681637	2023-06-02T05:36:00	242	S	0.2	37.956956	-122.053305
195817	21681701	2023-06-02T06:26:00	4	W	15.084	38.009805	-122.023099
195942	21681900	2023-06-02T08:31:00	242	N	2.1	37.98392	-122.041279
195943	21681901	2023-06-02T08:28:00	242	N	2.1	37.98392	-122.041279
195958	21681927	2023-06-02T08:47:00	4	W	19.521	38.019089	-121.946589
195959	21681928	2023-06-02T08:42:00	80	W	11.6	37.872998	-122.305833
196129	21682195	2023-06-02T11:51:00	4	E	20.104	38.018752	-121.937094
196444	21682636	2023-06-02T15:29:00	24	E	4.5	37.858422	-122.211892
196445	21682637	2023-06-02T15:28:00	24	E	4.5	37.858422	-122.211892
196484	21682693	2023-06-02T15:50:00	4	E	23.664	38.012821	-121.872431
196517	21682742	2023-06-02T16:09:00	80	E	16.3	37.9375	-122.325742
196586	21682838	2023-06-02T16:57:00	4	E	16.282	38.012596	-122.002277
196620	21682877	2023-06-02T17:18:00	680	N	53.148	37.997676	-122.073548
196648	21682916	2023-06-02T17:34:00	4	E	22.429	38.017951	-121.894061
196842	21683192	2023-06-02T19:55:00	4	W	28.794	37.995591	-121.780403
196862	21683227	2023-06-02T20:13:00	4	E	23.108	38.015064	-121.882403
196922	21683338	2023-06-02T21:39:00	680	S	31.831	37.728617	-121.944331
196936	21683362	2023-06-02T22:02:00	4	W	13.968	38.003865	-122.042102
196946	21683377	2023-06-02T22:06:00	242	N	2.8	37.993791	-122.039167
196952	21683391	2023-06-02T22:20:00	80	E	21.2	37.993899	-122.297627
196967	21683418	2023-06-02T22:34:00	80	W	18.9	37.970799	-122.320338
196984	21683445	2023-06-02T23:00:00	80	E	20.6	37.99184	-122.307909
196991	21683453	2023-06-02T23:01:00	80	E	28.1	38.069722	-122.226905
197001	21683467	2023-06-02T23:15:00	4	E	1.242	38.014589	-122.249975
197016	21683491	2023-06-02T23:35:00	680	S	34.564	37.763758	-121.967986
197031	21683514	2023-06-02T23:55:00	4	W	16.962	38.017386	-121.990427
197059	21683559	2023-06-03T00:36:00	4	E	12.358	37.994341	-122.070209
197178	21683754	2023-06-03T04:53:00	4	W	22.348	38.018567	-121.895066
197225	21683837	2023-06-03T06:30:00	80	E	18.4	37.96469	-122.324915
197255	21683885	2023-06-03T07:13:00	4	E	28.825	37.99544	-121.781728
197327	21683993	2023-06-03T09:05:00	24	E	4.5	37.858422	-122.211892
197338	21684012	2023-06-03T09:22:00	160	S	0.0	37.99749	-121.755727
197350	21684037	2023-06-03T09:39:00	4	W	5.636	38.013022	-122.17456
197360	21684050	2023-06-03T09:48:00	680	N	56.004	38.025492	-122.111604
197367	21684060	2023-06-03T09:55:00	680	N	51.202	37.972058	-122.060864
197404	21684112	2023-06-03T10:22:00	680	N	48.56	37.936454	-122.060091
197411	21684121	2023-06-03T10:29:00	4	E	35.236	37.925219	-121.732887
197515	21684282	2023-06-03T12:17:00	4	E	8.677	37.989925	-122.133315
197855	21684775	2023-06-03T16:25:00	580	E	74.2	37.942595	-122.47827
197883	21684816	2023-06-03T16:44:00	80	W	11.3	37.869523	-122.304749
197893	21684827	2023-06-03T16:52:00	680	S	56.147	38.02585	-122.11332
197915	21684869	2023-06-03T17:11:00	24	E	6.4	37.874851	-122.18658
197951	21684920	2023-06-03T17:36:00	4	E	15.58	38.010574	-122.015485
197953	21684922	2023-06-03T17:38:00	4	E	15.58	38.010574	-122.015485
197991	21684973	2023-06-03T18:04:00	4	E	35.236	37.925219	-121.732887
198042	21685057	2023-06-03T19:01:00	4	W	31.46	37.976136	-121.741915
198048	21685063	2023-06-03T19:07:00	4	W	33.615	37.947161	-121.743071
198305	21685515	2023-06-04T01:06:00	4	E	19.485	38.018836	-121.948032
198306	21685516	2023-06-04T01:05:00	4	W	18.122	38.023975	-121.971031
198311	21685529	2023-06-04T01:16:00	24	E	4.9	37.862496	-122.209079
198313	21685534	2023-06-04T01:24:00	24	E	8.1	37.892634	-122.165653
198370	21685629	2023-06-04T03:25:00	680	S	34.564	37.763758	-121.967986
198381	21685643	2023-06-04T03:52:00	680	S	35.487	37.775434	-121.974498
198391	21685659	2023-06-04T04:24:00	4	W	31.46	37.976136	-121.741915
198460	21685770	2023-06-04T06:58:00	4	E	14.23	38.004458	-122.038839
198504	21685843	2023-06-04T08:29:00	680	N	49.937	37.95548	-122.053382
198506	21685847	2023-06-04T08:35:00	80	W	22.2	38.00178	-122.281783
198513	21685857	2023-06-04T08:48:00	4	E	30.572	37.98771	-121.750948
198555	21685928	2023-06-04T09:46:00	80	W	23.7	38.018484	-122.266235
198556	21685929	2023-06-04T09:49:00	80	W	23.7	38.018484	-122.266235
198565	21685939	2023-06-04T09:57:00	580	W	67.1	37.921855	-122.354109
198570	21685944	2023-06-04T10:01:00	4	W	13.968	38.003865	-122.042102
198574	21685951	2023-06-04T10:10:00	80	E	23.1	38.011875	-122.272168
198589	21685977	2023-06-04T10:30:00	80	E	15.9	37.932417	-122.325715
198616	21686015	2023-06-04T11:03:00	24	W	5.7	37.868105	-122.195924
198622	21686024	2023-06-04T11:05:00	80	E	28.1	38.069722	-122.226905
198626	21686029	2023-06-04T11:13:00	4	W	13.715	38.002816	-122.046293
198804	21686306	2023-06-04T14:13:00	80	W	14.8	37.917316	-122.317513
198814	21686321	2023-06-04T14:18:00	242	N	2.0	37.982719	-122.041525
198819	21686328	2023-06-04T14:20:00	4	W	25.717	38.003464	-121.835484
198827	21686341	2023-06-04T14:24:00	4	W	25.717	38.003464	-121.835484
198885	21686430	2023-06-04T15:08:00	80	E	12.1	37.881746	-122.307966
198918	21686482	2023-06-04T15:42:00	4	E	14.725	38.008166	-122.030414
198925	21686491	2023-06-04T15:45:00	580	E	72.3	37.935043	-122.444523
198935	21686508	2023-06-04T15:54:00	80	E	12.1	37.881746	-122.307966
198962	21686544	2023-06-04T16:15:00	80	W	11.3	37.869523	-122.304749
198963	21686545	2023-06-04T16:19:00	80	W	11.3	37.869523	-122.304749
198981	21686569	2023-06-04T16:33:00	580	E	74.2	37.942595	-122.47827
198993	21686599	2023-06-04T16:49:00	4	E	18.134	38.023689	-121.972104
199011	21686623	2023-06-04T17:05:00	24	E	3.3	37.847464	-122.22769
199037	21686665	2023-06-04T17:32:00	4	W	13.715	38.002816	-122.046293
199137	21686814	2023-06-04T19:15:00	680	S	51.885	37.980061	-122.065556
199151	21686830	2023-06-04T19:27:00	80	E	15.9	37.932417	-122.325715
199178	21686874	2023-06-04T20:01:00	4	W	30.205	37.99523	-121.755948
199397	21687217	2023-06-05T01:24:00	24	W	5.0	37.864109	-122.209158
199493	21687357	2023-06-05T05:38:00	680	S	41.829	37.852397	-122.029072
199539	21687446	2023-06-05T06:30:00	4	W	12.337	37.994782	-122.069526
199586	21687520	2023-06-05T07:15:00	4	W	15.413	38.010708	-122.017546
199587	21687521	2023-06-05T07:13:00	4	W	15.413	38.010708	-122.017546
199603	21687543	2023-06-05T07:25:00	80	E	21.5	37.99478	-122.291239
199622	21687567	2023-06-05T07:34:00	80	E	15.7	37.930097	-122.324016
199653	21687617	2023-06-05T06:34:00	4	E	15.58	38.010574	-122.015485
199657	21687624	2023-06-05T08:06:00	24	W	5.7	37.868105	-122.195924
199716	21687707	2023-06-05T08:53:00	24	W	2.7	37.850042	-122.238377
199717	21687708	2023-06-05T08:52:00	24	W	2.7	37.850042	-122.238377
199724	21687719	2023-06-05T08:57:00	4	W	15.413	38.010708	-122.017546
199730	21687727	2023-06-05T08:58:00	24	W	8.1	37.892846	-122.166865
199748	21687753	2023-06-05T09:19:00	24	W	8.9	37.891793	-122.151758
199804	21687833	2023-06-05T10:18:00	24	E	4.5	37.858422	-122.211892
199838	21687879	2023-06-05T10:46:00	680	S	51.349	37.97324	-122.062065
199850	21687893	2023-06-05T10:55:00	680	N	51.842	37.980369	-122.065426
199851	21687894	2023-06-05T10:58:00	80	W	17.4	37.952263	-122.327903
199866	21687911	2023-06-05T11:03:00	4	E	16.282	38.012596	-122.002277
199996	21688095	2023-06-05T13:11:00	80	E	20.4	37.990514	-122.310454
199997	21688098	2023-06-05T13:12:00	80	E	20.4	37.990514	-122.310454
199998	21688099	2023-06-05T13:10:00	80	W	20.0	37.98565	-122.315539
200015	21688129	2023-06-05T13:34:00	680	N	53.878	38.005573	-122.082507
200021	21688139	2023-06-05T13:37:00	680	S	56.147	38.02585	-122.11332
200023	21688142	2023-06-05T13:37:00	680	S	45.796	37.897511	-122.071253
200045	21688172	2023-06-05T13:49:00	4	E	22.429	38.017951	-121.894061
200096	21688243	2023-06-05T14:34:00	680	N	51.842	37.980369	-122.065426
200114	21688267	2023-06-05T14:47:00	680	S	39.37	37.827811	-121.998238
200125	21688282	2023-06-05T14:54:00	4	W	15.413	38.010708	-122.017546
200304	21688530	2023-06-05T16:44:00	80	E	28.3	38.07247	-122.228965
200368	21688616	2023-06-05T17:25:00	4	E	19.485	38.018836	-121.948032
200444	21688730	2023-06-05T18:23:00	4	E	2.405	38.01046	-122.230175
200466	21688760	2023-06-05T18:34:00	580	E	70.1	37.932122	-122.404198
200472	21688768	2023-06-05T18:41:00	680	S	38.395	37.81494	-121.993459
200483	21688792	2023-06-05T18:53:00	4	E	14.23	38.004458	-122.038839
200532	21688882	2023-06-05T19:47:00	4	E	13.721	38.00229	-122.047248
200537	21688889	2023-06-05T19:56:00	680	S	31.831	37.728617	-121.944331
200544	21688898	2023-06-05T20:04:00	680	S	52.9	37.994341	-122.070209
200556	21688914	2023-06-05T20:15:00	4	W	12.505	37.995823	-122.066438
200560	21688923	2023-06-05T20:18:00	680	S	29.137	37.694397	-121.920222
200588	21688968	2023-06-05T20:54:00	242	S	2.7	37.992591	-122.039625
200589	21688972	2023-06-05T21:00:00	4	W	24.061	38.011402	-121.864671
200594	21688978	2023-06-05T21:07:00	80	E	28.1	38.069722	-122.226905
200603	21688993	2023-06-05T21:19:00	4	E	14.725	38.008166	-122.030414
200765	21689286	2023-06-06T05:52:00	680	N	46.181	37.903398	-122.069808
200778	21689304	2023-06-06T06:08:00	4	W	28.31	37.997154	-121.790106
200856	21689445	2023-06-06T07:07:00	80	W	26.3	38.046954	-122.235761
200859	21689448	2023-06-06T07:28:00	680	N	56.004	38.025492	-122.111604
200860	21689450	2023-06-06T07:29:00	680	N	56.004	38.025492	-122.111604
200869	21689462	2023-06-06T07:32:00	4	W	18.391	38.023255	-121.966585
200875	21689472	2023-06-06T07:35:00	4	W	18.391	38.023255	-121.966585
200882	21689481	2023-06-06T07:42:00	80	W	26.3	38.046954	-122.235761
200883	21689482	2023-06-06T07:41:00	580	E	63.1	37.886658	-122.309253
200884	21689483	2023-06-06T07:36:00	580	E	63.1	37.886658	-122.309253
200908	21689517	2023-06-06T07:58:00	680	S	44.891	37.889558	-122.058503
200909	21689518	2023-06-06T07:56:00	680	S	44.891	37.889558	-122.058503
200952	21689577	2023-06-06T08:29:00	4	W	16.263	38.013095	-122.001843
200953	21689578	2023-06-06T08:27:00	4	W	16.263	38.013095	-122.001843
200972	21689602	2023-06-06T08:42:00	680	S	48.324	37.932715	-122.060323
200974	21689604	2023-06-06T08:39:00	680	S	48.324	37.932715	-122.060323
200996	21689634	2023-06-06T08:58:00	80	W	22.2	38.00178	-122.281783
200997	21689635	2023-06-06T08:57:00	680	N	28.923	37.692391	-121.91918
201027	21689680	2023-06-06T09:19:00	4	W	20.036	38.019101	-121.937152
201151	21689866	2023-06-06T11:18:00	680	N	46.866	37.912775	-122.06692
201215	21689965	2023-06-06T12:08:00	4	W	31.46	37.976136	-121.741915
201237	21689996	2023-06-06T12:33:00	680	S	38.395	37.81494	-121.993459
201257	21690022	2023-06-06T12:47:00	24	W	11.1	37.895372	-122.113724
201265	21690032	2023-06-06T12:50:00	680	S	57.439	38.041414	-122.123738
201266	21690033	2023-06-06T12:49:00	4	E	0.249	38.01621	-122.267711
201316	21690097	2023-06-06T13:28:00	680	N	41.658	37.850611	-122.028596
201322	21690105	2023-06-06T13:31:00	24	E	10.4	37.892862	-122.125001
201335	21690123	2023-06-06T13:38:00	4	E	35.236	37.925219	-121.732887
201478	21690307	2023-06-06T15:13:00	242	N	2.1	37.98392	-122.041279
201487	21690320	2023-06-06T15:21:00	24	E	3.6	37.850088	-122.223172
201488	21690321	2023-06-06T15:20:00	24	E	3.6	37.850088	-122.223172
201539	21690396	2023-06-06T15:54:00	680	N	46.181	37.903398	-122.069808
201540	21690397	2023-06-06T15:53:00	680	N	46.181	37.903398	-122.069808
201541	21690398	2023-06-06T15:52:00	680	N	28.923	37.692391	-121.91918
201548	21690406	2023-06-06T15:58:00	4	W	27.088	37.998417	-121.81166
201773	21690724	2023-06-06T18:16:00	680	N	31.108	37.720114	-121.937379
201813	21690789	2023-06-06T18:52:00	4	E	2.405	38.01046	-122.230175
201894	21690926	2023-06-06T20:27:00	680	N	28.923	37.692391	-121.91918
201924	21690976	2023-06-06T21:09:00	4	W	5.636	38.013022	-122.17456
201951	21691034	2023-06-06T21:56:00	680	N	37.79	37.806862	-121.990775
201997	21691114	2023-06-06T22:50:00	4	E	25.442	38.004791	-121.841338
202006	21691126	2023-06-06T23:03:00	4	E	16.894	38.01589	-121.992094
202017	21691140	2023-06-06T23:24:00	4	E	14.23	38.004458	-122.038839
202149	21691361	2023-06-07T05:59:00	80	W	14.6	37.914584	-122.317505
202166	21691384	2023-06-07T06:18:00	4	W	16.962	38.017386	-121.990427
202169	21691389	2023-06-07T06:11:00	4	W	16.962	38.017386	-121.990427
202224	21691480	2023-06-07T07:13:00	80	W	18.9	37.970799	-122.320338
202225	21691481	2023-06-07T07:12:00	80	W	18.9	37.970799	-122.320338
202236	21691495	2023-06-07T07:14:00	80	W	12.1	37.881911	-122.308246
202280	21691564	2023-06-07T07:50:00	4	W	33.01	37.95542	-121.74441
202477	21691862	2023-06-07T10:38:00	680	N	50.975	37.969452	-122.058735
202534	21691947	2023-06-07T11:31:00	242	S	2.7	37.992591	-122.039625
202563	21691986	2023-06-07T11:56:00	680	S	45.035	37.890801	-122.060828
202579	21692003	2023-06-07T12:08:00	680	S	48.324	37.932715	-122.060323
202603	21692032	2023-06-07T12:27:00	4	E	5.671	38.012858	-122.174702
202752	21692244	2023-06-07T14:23:00	680	S	35.873	37.780831	-121.97722
202760	21692257	2023-06-07T14:26:00	680	N	59.511	38.070736	-122.125657
202769	21692272	2023-06-07T14:33:00	580	E	72.3	37.935043	-122.444523
202810	21692324	2023-06-07T14:57:00	580	E	72.3	37.935043	-122.444523
202820	21692336	2023-06-07T15:03:00	4	E	23.664	38.012821	-121.872431
202828	21692351	2023-06-07T15:06:00	80	E	12.3	37.884747	-122.308659
202839	21692369	2023-06-07T15:18:00	24	W	8.9	37.891793	-122.151758
202852	21692389	2023-06-07T15:25:00	80	E	13.8	37.903411	-122.312372
202865	21692411	2023-06-07T15:37:00	80	W	24.3	38.025745	-122.259506
202940	21692514	2023-06-07T16:20:00	4	E	15.58	38.010574	-122.015485
202978	21692568	2023-06-07T16:49:00	680	N	46.866	37.912775	-122.06692
202997	21692593	2023-06-07T16:59:00	680	N	46.866	37.912775	-122.06692
202998	21692594	2023-06-07T16:58:00	680	N	46.866	37.912775	-122.06692
203021	21692627	2023-06-07T17:07:00	680	N	45.856	37.898794	-122.070698
203029	21692637	2023-06-07T17:17:00	24	W	8.9	37.891793	-122.151758
203111	21692743	2023-06-07T17:57:00	80	W	21.6	37.99537	-122.289589
203122	21692756	2023-06-07T18:05:00	680	N	39.258	37.827317	-121.997036
203130	21692765	2023-06-07T18:10:00	4	E	12.399	37.994604	-122.069421
203131	21692766	2023-06-07T18:09:00	4	E	12.399	37.994604	-122.069421
203172	21692824	2023-06-07T18:43:00	680	N	49.937	37.955453	-122.053356
203186	21692849	2023-06-07T19:04:00	4	E	14.725	38.008166	-122.030414
203188	21692851	2023-06-07T19:00:00	80	W	12.1	37.881911	-122.308246
203189	21692852	2023-06-07T18:56:00	4	E	16.282	38.012596	-122.002277
203195	21692860	2023-06-07T19:03:00	680	S	29.242	37.696595	-121.921082
203476	21693301	2023-06-08T02:59:00	4	E	13.332	38.000576	-122.054088
203509	21693348	2023-06-08T04:47:00	242	S	2.0	37.983275	-122.041624
203531	21693388	2023-06-08T05:40:00	680	S	39.223	37.826477	-121.996334
203545	21693407	2023-06-08T05:55:00	680	S	39.773	37.8317	-122.004258
203561	21693435	2023-06-08T06:24:00	4	W	24.061	38.011402	-121.864671
203562	21693436	2023-06-08T06:22:00	4	W	24.061	38.011402	-121.864671
203565	21693446	2023-06-08T06:25:00	242	S	0.2	37.956956	-122.053305
203611	21693527	2023-06-08T07:14:00	80	W	21.3	37.994255	-122.296122
203612	21693528	2023-06-08T07:12:00	80	W	21.3	37.994255	-122.296122
203627	21693551	2023-06-08T07:26:00	80	W	23.7	38.018484	-122.266235
203628	21693552	2023-06-08T07:24:00	242	N	2.1	37.98392	-122.041279
203629	21693553	2023-06-08T07:23:00	242	S	2.7	37.992591	-122.039625
203644	21693574	2023-06-08T07:37:00	4	W	25.717	38.003464	-121.835484
203645	21693577	2023-06-08T07:30:00	580	W	70.0	37.932486	-122.403542
203652	21693584	2023-06-08T07:41:00	4	W	25.717	38.003464	-121.835484
203673	21693616	2023-06-08T07:57:00	24	E	11.7	37.8969	-122.101841
203674	21693617	2023-06-08T07:56:00	80	W	21.3	37.994255	-122.296122
203679	21693624	2023-06-08T08:03:00	80	W	18.4	37.964627	-122.325422
203680	21693625	2023-06-08T08:02:00	80	W	18.4	37.964627	-122.325422
203681	21693626	2023-06-08T07:58:00	80	W	18.9	37.970799	-122.320338
203689	21693635	2023-06-08T08:06:00	4	W	23.37	38.013977	-121.876289
203710	21693660	2023-06-08T08:15:00	4	E	27.171	37.998126	-121.811133
203711	21693662	2023-06-08T08:13:00	4	E	27.171	37.998126	-121.811133
203793	21693774	2023-06-08T09:23:00	4	W	18.744	38.022038	-121.960192
203794	21693775	2023-06-08T09:22:00	4	W	16.962	38.017386	-121.990427
203853	21693854	2023-06-08T10:14:00	4	W	27.661	37.998404	-121.801574
204117	21694253	2023-06-08T13:54:00	24	W	11.1	37.895372	-122.113724
204118	21694254	2023-06-08T13:53:00	24	E	12.8	37.897394	-122.081878
204147	21694297	2023-06-08T14:16:00	24	W	4.0	37.854472	-122.219756
204165	21694324	2023-06-08T14:31:00	680	N	35.319	37.773638	-121.973283
204186	21694358	2023-06-08T14:48:00	4	W	26.728	37.998674	-121.817967
204210	21694393	2023-06-08T15:01:00	24	E	12.8	37.897394	-122.081878
204223	21694408	2023-06-08T15:03:00	680	S	48.324	37.932715	-122.060323
204255	21694445	2023-06-08T15:18:00	242	S	2.9	37.994816	-122.039153
204482	21694764	2023-06-08T17:52:00	4	E	30.995	37.982313	-121.746896
204487	21694771	2023-06-08T17:57:00	4	E	19.751	38.018741	-121.942884
204489	21694773	2023-06-08T17:54:00	4	E	19.751	38.018741	-121.942884
204499	21694786	2023-06-08T18:03:00	242	N	3.6	38.008166	-122.030414
204500	21694787	2023-06-08T18:02:00	242	N	2.8	37.993791	-122.039167
204501	21694788	2023-06-08T18:00:00	242	N	3.6	38.008166	-122.030414
204512	21694809	2023-06-08T18:17:00	4	W	31.46	37.976136	-121.741915
204620	21694960	2023-06-08T19:35:00	4	W	22.348	38.018567	-121.895066
204661	21695035	2023-06-08T20:38:00	24	E	6.4	37.874851	-122.18658
204676	21695056	2023-06-08T20:45:00	4	E	19.751	38.018741	-121.942884
204806	21695284	2023-06-09T00:17:00	24	W	6.4	37.875588	-122.187732
204961	21695545	2023-06-09T06:23:00	80	W	24.0	38.022931	-122.263096
205005	21695614	2023-06-09T07:06:00	4	W	28.099	37.99772	-121.793415
205010	21695623	2023-06-09T07:10:00	680	S	44.891	37.889558	-122.058503
205011	21695624	2023-06-09T07:08:00	580	E	65.5	37.915427	-122.326949
205015	21695631	2023-06-09T07:17:00	680	S	31.831	37.728617	-121.944331
205025	21695643	2023-06-09T07:24:00	4	E	15.58	38.010574	-122.015485
205026	21695644	2023-06-09T07:23:00	680	N	51.202	37.972058	-122.060864
205064	21695696	2023-06-09T07:53:00	80	E	21.5	37.99478	-122.291239
205070	21695703	2023-06-09T07:54:00	80	E	21.5	37.99478	-122.291239
205086	21695722	2023-06-09T08:07:00	4	W	34.105	37.940655	-121.739953
205087	21695723	2023-06-09T08:04:00	24	E	2.2	37.846528	-122.246485
205210	21695906	2023-06-09T10:21:00	80	E	16.5	37.94046	-122.324391
205227	21695935	2023-06-09T10:40:00	580	E	63.4	37.8916	-122.308817
205232	21695945	2023-06-09T10:45:00	4	W	22.348	38.018567	-121.895066
205233	21695946	2023-06-09T10:44:00	680	S	48.324	37.932715	-122.060323
205241	21695958	2023-06-09T10:51:00	4	W	23.37	38.013977	-121.876289
205255	21695977	2023-06-09T11:06:00	4	W	16.962	38.017386	-121.990427
205265	21695991	2023-06-09T11:17:00	680	N	34.298	37.760375	-121.965448
205305	21696060	2023-06-09T11:51:00	80	W	21.3	37.994255	-122.296122
205306	21696061	2023-06-09T11:50:00	4	E	19.485	38.018836	-121.948032
205347	21696124	2023-06-09T12:19:00	4	W	33.615	37.947161	-121.743071
205363	21696146	2023-06-09T12:33:00	680	S	46.565	37.908558	-122.068713
205389	21696187	2023-06-09T12:52:00	4	W	28.794	37.995591	-121.780403
205694	21696612	2023-06-09T16:06:00	80	E	17.4	37.952867	-122.327994
205705	21696628	2023-06-09T16:13:00	680	S	44.891	37.889558	-122.058503
205706	21696629	2023-06-09T16:12:00	680	S	44.891	37.889558	-122.058503
205707	21696630	2023-06-09T16:11:00	680	N	39.773	37.831749	-122.00388
205708	21696631	2023-06-09T16:09:00	680	S	46.565	37.908558	-122.068713
205723	21696651	2023-06-09T16:20:00	242	S	1.6	37.977448	-122.044261
205724	21696652	2023-06-09T16:17:00	680	N	44.388	37.884064	-122.05333
205792	21696746	2023-06-09T17:04:00	24	E	7.5	37.888907	-122.175662
205793	21696747	2023-06-09T17:03:00	24	E	7.5	37.888907	-122.175662
205794	21696748	2023-06-09T17:02:00	242	N	0.8	37.96661	-122.048744
205799	21696756	2023-06-09T17:05:00	580	E	74.3	37.942764	-122.478971
205902	21696904	2023-06-09T18:13:00	580	W	65.8	37.919271	-122.331368
205914	21696922	2023-06-09T18:24:00	580	W	70.0	37.932486	-122.403542
205923	21696934	2023-06-09T18:31:00	680	S	47.508	37.920636	-122.062281
205953	21696974	2023-06-09T18:52:00	680	S	43.021	37.866847	-122.039129
205954	21696975	2023-06-09T18:49:00	80	W	30.4	38.101745	-122.22981
205961	21696983	2023-06-09T18:56:00	680	N	44.388	37.884064	-122.05333
205975	21696999	2023-06-09T19:08:00	242	N	3.3	38.003865	-122.042102
206000	21697035	2023-06-09T19:27:00	4	W	5.636	38.013022	-122.17456
206007	21697045	2023-06-09T19:29:00	4	W	5.636	38.013022	-122.17456
206158	21697303	2023-06-09T22:19:00	80	E	23.1	38.011875	-122.272168
206166	21697317	2023-06-09T22:30:00	4	W	10.836	37.990762	-122.096283
206424	21697740	2023-06-10T06:59:00	24	E	4.1	37.854646	-122.21709
206437	21697761	2023-06-10T07:26:00	4	W	22.348	38.018567	-121.895066
206440	21697766	2023-06-10T07:30:00	80	E	28.3	38.07247	-122.228965
206543	21697926	2023-06-10T10:01:00	4	W	5.636	38.013022	-122.17456
206549	21697933	2023-06-10T10:06:00	80	W	20.3	37.989215	-122.312635
206568	21697962	2023-06-10T10:24:00	80	W	21.6	37.99537	-122.289589
206588	21697997	2023-06-10T10:47:00	4	E	8.677	37.989925	-122.133315
206622	21698055	2023-06-10T11:24:00	680	S	45.035	37.890801	-122.060828
206642	21698097	2023-06-10T11:46:00	4	W	12.059	37.993171	-122.074252
206663	21698125	2023-06-10T12:06:00	4	E	28.348	37.996773	-121.789698
206664	21698126	2023-06-10T11:58:00	160	S	0.0	37.993237	-121.757323
206722	21698216	2023-06-10T13:00:00	4	E	9.058	37.991473	-122.12634
206734	21698236	2023-06-10T13:13:00	580	E	65.5	37.915427	-122.326949
206752	21698260	2023-06-10T13:26:00	80	W	24.3	38.025745	-122.259506
206784	21698297	2023-06-10T13:50:00	24	W	8.9	37.891793	-122.151758
206846	21698391	2023-06-10T14:31:00	24	E	10.4	37.892862	-122.125001
206890	21698447	2023-06-10T15:06:00	580	E	66.3	37.921417	-122.338695
206891	21698448	2023-06-10T15:05:00	4	W	34.105	37.940655	-121.739953
206932	21698510	2023-06-10T15:37:00	680	S	30.295	37.70986	-121.9291
206962	21698554	2023-06-10T16:07:00	580	W	67.4	37.923037	-122.358813
206972	21698567	2023-06-10T16:08:00	4	W	9.11	37.992411	-122.125089
206984	21698583	2023-06-10T16:23:00	680	N	38.683	37.819472	-121.993079
207009	21698627	2023-06-10T16:43:00	24	E	3.3	37.847464	-122.22769
207015	21698635	2023-06-10T16:47:00	680	S	31.172	37.72093	-121.938362
207022	21698646	2023-06-10T16:53:00	242	S	2.0	37.983275	-122.041624
207140	21698843	2023-06-10T18:54:00	160	N	1.4	38.026074	-121.751504
207172	21698897	2023-06-10T19:42:00	4	E	22.429	38.017951	-121.894061
207229	21699011	2023-06-10T21:07:00	4	E	25.442	38.004791	-121.841338
207258	21699057	2023-06-10T21:42:00	80	W	24.0	38.022931	-122.263096
207271	21699079	2023-06-10T22:13:00	24	E	9.0	37.891181	-122.150167
207277	21699088	2023-06-10T22:17:00	80	E	10.9	37.863935	-122.302816
207306	21699129	2023-06-10T22:50:00	24	E	6.4	37.874851	-122.18658
207455	21699390	2023-06-11T03:12:00	4	E	10.42	37.993192	-122.104465
207542	21699536	2023-06-11T06:16:00	680	S	43.021	37.866847	-122.039129
207557	21699559	2023-06-11T06:35:00	80	E	23.1	38.011875	-122.272168
207561	21699565	2023-06-11T06:39:00	24	W	8.1	37.892846	-122.166865
207714	21699809	2023-06-11T10:22:00	80	E	13.3	37.898081	-122.309198
207723	21699822	2023-06-11T10:35:00	680	N	50.975	37.969452	-122.058735
207724	21699823	2023-06-11T10:33:00	680	N	53.148	37.997676	-122.073548
207742	21699855	2023-06-11T11:03:00	4	E	0.305	38.014349	-122.26689
207743	21699856	2023-06-11T11:00:00	680	N	37.79	37.806862	-121.990775
207842	21700011	2023-06-11T12:31:00	680	S	31.831	37.728617	-121.944331
207856	21700030	2023-06-11T12:37:00	80	E	12.3	37.884747	-122.308659
207884	21700072	2023-06-11T13:04:00	80	E	11.7	37.874502	-122.306023
207894	21700083	2023-06-11T13:14:00	4	E	27.171	37.998126	-121.811133
207987	21700228	2023-06-11T14:47:00	24	W	11.1	37.895372	-122.113724
208007	21700265	2023-06-11T15:07:00	580	E	74.3	37.942764	-122.478971
208046	21700326	2023-06-11T15:48:00	680	N	31.108	37.720114	-121.937379
208048	21700328	2023-06-11T15:44:00	4	W	27.088	37.998416	-121.811661
208052	21700334	2023-06-11T15:49:00	580	W	70.0	37.932486	-122.403542
208055	21700344	2023-06-11T15:55:00	680	S	52.452	37.988532	-122.067273
208058	21700351	2023-06-11T15:57:00	24	E	4.3	37.856207	-122.214389
208068	21700370	2023-06-11T16:09:00	4	W	16.962	38.017386	-121.990427
208088	21700405	2023-06-11T16:29:00	24	W	1.7	37.843503	-122.254967
208110	21700448	2023-06-11T16:55:00	24	W	4.5	37.859017	-122.212786
208122	21700471	2023-06-11T17:16:00	680	S	39.773	37.8317	-122.004258
208123	21700472	2023-06-11T17:15:00	24	W	5.7	37.868105	-122.195924
208240	21700681	2023-06-11T19:41:00	680	N	41.658	37.850611	-122.028596
208251	21700696	2023-06-11T19:51:00	80	W	11.3	37.869523	-122.304749
208262	21700714	2023-06-11T19:58:00	4	E	27.171	37.998126	-121.811133
208560	21701232	2023-06-12T06:22:00	580	E	74.2	37.942474	-122.477612
208595	21701285	2023-06-12T06:52:00	80	W	29.3	38.085969	-122.232797
208596	21701286	2023-06-12T06:51:00	80	W	29.3	38.085969	-122.232797
208621	21701340	2023-06-12T07:19:00	4	W	16.263	38.013095	-122.001843
208624	21701348	2023-06-12T07:28:00	80	E	28.1	38.069178	-122.226636
208636	21701370	2023-06-12T07:44:00	4	W	19.521	38.019089	-121.946589
208638	21701372	2023-06-12T07:42:00	4	W	19.521	38.019089	-121.946589
208763	21701563	2023-06-12T09:21:00	242	S	2.0	37.983275	-122.041624
209038	21701953	2023-06-12T13:10:00	24	W	1.6	37.842972	-122.256764
209060	21701980	2023-06-12T13:26:00	24	E	12.8	37.897394	-122.081878
209061	21701981	2023-06-12T13:24:00	24	W	1.7	37.843503	-122.254967
209066	21701988	2023-06-12T13:31:00	580	W	66.5	37.921761	-122.343181
209098	21702039	2023-06-12T14:03:00	680	N	35.657	37.778337	-121.975649
209112	21702058	2023-06-12T14:07:00	24	W	8.9	37.891793	-122.151758
209350	21702403	2023-06-12T16:54:00	680	N	31.373	37.723461	-121.939994
209359	21702417	2023-06-12T16:58:00	242	S	1.3	37.973337	-122.046503
209514	21702658	2023-06-12T18:59:00	680	S	55.875	38.024062	-122.109049
209532	21702682	2023-06-12T19:22:00	580	W	74.1	37.942605	-122.477717
209544	21702708	2023-06-12T19:48:00	242	S	0.8	37.966634	-122.048958
209600	21702785	2023-06-12T20:53:00	4	W	27.661	37.998404	-121.801574
209622	21702836	2023-06-12T21:31:00	4	E	15.58	38.010574	-122.015485
209627	21702846	2023-06-12T21:38:00	680	S	45.272	37.892761	-122.064902
209648	21702878	2023-06-12T22:16:00	4	E	8.677	37.989925	-122.133315
209652	21702887	2023-06-12T22:27:00	4	W	16.263	38.013095	-122.001843
209774	21703110	2023-06-13T05:28:00	80	W	15.6	37.927978	-122.32287
209780	21703118	2023-06-13T05:36:00	80	W	15.6	37.927978	-122.32287
209804	21703158	2023-06-13T06:00:00	4	W	19.828	38.019102	-121.940875
209805	21703159	2023-06-13T05:59:00	4	W	19.828	38.019102	-121.940875
209856	21703250	2023-06-13T06:50:00	160	N	0.7	38.015558	-121.751468
209866	21703271	2023-06-13T07:02:00	4	E	16.604	38.013625	-121.996839
209867	21703272	2023-06-13T07:00:00	242	N	0.3	37.959712	-122.051595
210059	21703535	2023-06-13T09:26:00	24	W	11.1	37.895372	-122.113724
210071	21703550	2023-06-13T09:37:00	680	N	47.56	37.922044	-122.061426
210118	21703606	2023-06-13T10:12:00	24	E	8.5	37.892591	-122.159524
210276	21703844	2023-06-13T12:48:00	4	W	22.348	38.018567	-121.895066
210347	21703944	2023-06-13T13:55:00	4	W	10.836	37.990762	-122.096283
210738	21704497	2023-06-13T18:18:00	580	E	72.3	37.935043	-122.444523
210755	21704517	2023-06-13T18:29:00	4	E	8.677	37.989925	-122.133315
210757	21704519	2023-06-13T18:27:00	680	S	43.021	37.866847	-122.039129
210759	21704521	2023-06-13T18:25:00	680	S	43.021	37.866847	-122.039129
210983	21704869	2023-06-13T22:29:00	80	W	22.2	38.00178	-122.281783
210984	21704870	2023-06-13T22:23:00	580	E	68.2	37.927037	-122.370418
210988	21704874	2023-06-13T22:31:00	24	E	11.7	37.8969	-122.101841
211013	21704907	2023-06-13T23:04:00	4	E	23.664	38.012821	-121.872431
211048	21704969	2023-06-14T01:02:00	80	E	20.6	37.99184	-122.307909
211052	21704975	2023-06-14T01:18:00	80	W	15.6	37.927978	-122.32287
211053	21704976	2023-06-14T01:13:00	4	E	4.414	38.012909	-122.195991
211067	21704994	2023-06-14T01:50:00	4	E	22.429	38.017951	-121.894061
211164	21705141	2023-06-14T05:40:00	24	W	5.4	37.868261	-122.200872
211293	21705336	2023-06-14T07:28:00	580	E	64.3	37.901366	-122.315167
211350	21705416	2023-06-14T08:06:00	680	S	44.891	37.889558	-122.058503
211368	21705445	2023-06-14T08:22:00	24	E	5.4	37.867235	-122.201026
211375	21705453	2023-06-14T08:23:00	680	N	42.444	37.861176	-122.032978
211504	21705635	2023-06-14T10:17:00	680	N	47.991	37.928339	-122.060247
211507	21705641	2023-06-14T10:20:00	80	W	13.8	37.903864	-122.312909
211518	21705658	2023-06-14T10:33:00	680	S	29.137	37.694397	-121.920222
211520	21705661	2023-06-14T10:29:00	4	W	26.728	37.998674	-121.817967
211568	21705735	2023-06-14T11:20:00	24	W	8.9	37.891793	-122.151758
211585	21705766	2023-06-14T11:39:00	24	W	11.8	37.897448	-122.100763
211598	21705786	2023-06-14T11:57:00	80	W	17.4	37.952263	-122.327903
211625	21705822	2023-06-14T12:18:00	680	N	29.816	37.704565	-121.92434
211630	21705830	2023-06-14T12:20:00	4	E	22.429	38.017951	-121.894061
211648	21705850	2023-06-14T12:27:00	24	W	2.5	37.849184	-122.242346
211675	21705893	2023-06-14T12:51:00	4	E	23.108	38.015064	-121.882403
211676	21705894	2023-06-14T12:50:00	242	N	3.2	38.000481	-122.037725
211692	21705917	2023-06-14T13:08:00	680	S	34.564	37.763758	-121.967986
211698	21705927	2023-06-14T13:09:00	80	E	10.9	37.863935	-122.302816
211702	21705933	2023-06-14T13:17:00	4	E	16.282	38.012596	-122.002277
211714	21705951	2023-06-14T13:27:00	680	S	50.362	37.960855	-122.053254
211741	21705990	2023-06-14T13:45:00	4	E	16.282	38.012596	-122.002277
211746	21705997	2023-06-14T13:50:00	24	E	4.1	37.854646	-122.21709
212020	21706375	2023-06-14T16:57:00	80	E	19.8	37.98325	-122.315941
212021	21706376	2023-06-14T16:55:00	680	N	45.08	37.891511	-122.061518
212036	21706399	2023-06-14T17:04:00	680	S	53.355	37.999523	-122.076105
212048	21706414	2023-06-14T17:16:00	24	E	11.7	37.8969	-122.101841
212055	21706421	2023-06-14T17:22:00	24	E	5.1	37.865472	-122.207608
212056	21706422	2023-06-14T17:21:00	24	E	5.1	37.865472	-122.207608
212064	21706431	2023-06-14T17:23:00	580	W	70.6	37.933115	-122.41481
212243	21706681	2023-06-14T19:38:00	80	W	12.2	37.883528	-122.308627
212248	21706693	2023-06-14T19:45:00	680	S	50.362	37.960855	-122.053254
212256	21706704	2023-06-14T19:56:00	24	E	11.7	37.8969	-122.101841
212278	21706749	2023-06-14T20:33:00	4	W	16.263	38.013095	-122.001843
212298	21706779	2023-06-14T21:06:00	4	E	8.677	37.989925	-122.133315
212319	21706817	2023-06-14T21:37:00	24	E	4.5	37.858644	-122.212162
212329	21706831	2023-06-14T21:48:00	4	E	16.282	38.012596	-122.002277
212342	21706856	2023-06-14T22:03:00	80	W	12.1	37.881911	-122.308246
212345	21706864	2023-06-14T22:04:00	4	E	18.134	38.023689	-121.972104
212386	21706927	2023-06-14T23:07:00	4	W	31.46	37.976136	-121.741915
212397	21706943	2023-06-14T23:26:00	4	W	28.794	37.995591	-121.780403
212401	21706949	2023-06-14T23:37:00	4	W	28.794	37.995591	-121.780403
212418	21706982	2023-06-15T00:17:00	4	W	5.636	38.013022	-122.17456
212463	21707055	2023-06-15T03:14:00	80	E	13.8	37.903411	-122.312372
212466	21707061	2023-06-15T03:28:00	80	E	13.3	37.898081	-122.309198
212473	21707072	2023-06-15T03:53:00	4	W	31.46	37.976136	-121.741915
212658	21707358	2023-06-15T07:35:00	80	W	24.3	38.025745	-122.259506
212666	21707369	2023-06-15T07:47:00	4	W	16.263	38.013095	-122.001843
212962	21707776	2023-06-15T11:13:00	24	E	10.4	37.892862	-122.125001
213005	21707839	2023-06-15T11:51:00	80	W	20.3	37.989215	-122.312635
213013	21707852	2023-06-15T11:53:00	242	N	0.8	37.96661	-122.048744
213096	21707975	2023-06-15T13:02:00	580	W	66.5	37.921761	-122.343181
213097	21707976	2023-06-15T12:59:00	580	W	66.5	37.921761	-122.343181
213163	21708068	2023-06-15T13:42:00	4	W	19.201	38.020237	-121.952216
213512	21708524	2023-06-15T17:03:00	680	N	43.721	37.876406	-122.046355
213513	21708525	2023-06-15T17:02:00	680	S	41.829	37.852397	-122.029072
213552	21708577	2023-06-15T17:22:00	4	W	29.694	37.991686	-121.765042
213597	21708648	2023-06-15T17:44:00	24	E	8.5	37.892591	-122.159524
213627	21708686	2023-06-15T18:02:00	80	E	21.5	37.99478	-122.291239
213628	21708687	2023-06-15T18:01:00	80	W	23.7	38.018484	-122.266235
213629	21708688	2023-06-15T18:00:00	80	E	21.5	37.99478	-122.291239
213690	21708769	2023-06-15T18:38:00	80	W	21.3	37.994255	-122.296122
213710	21708796	2023-06-15T18:56:00	4	E	2.405	38.01046	-122.230175
213720	21708806	2023-06-15T18:57:00	4	E	23.664	38.012821	-121.872431
213753	21708863	2023-06-15T19:38:00	4	E	33.593	37.947685	-121.743882
213852	21709037	2023-06-15T21:42:00	80	E	12.1	37.881746	-122.307966
213880	21709078	2023-06-15T22:22:00	4	E	15.58	38.010574	-122.015485
213982	21709258	2023-06-16T02:17:00	80	E	10.9	37.863935	-122.302816
213994	21709276	2023-06-16T02:46:00	4	E	25.442	38.004791	-121.841338
214140	21709487	2023-06-16T06:50:00	24	W	5.1	37.86612	-122.206946
214234	21709630	2023-06-16T08:20:00	4	E	33.593	37.947685	-121.743882
214272	21709683	2023-06-16T08:45:00	4	W	12.337	37.994782	-122.069526
214273	21709684	2023-06-16T08:41:00	4	W	12.337	37.994782	-122.069526
214356	21709804	2023-06-16T10:07:00	4	W	1.147	38.014414	-122.25234
214420	21709896	2023-06-16T10:58:00	80	E	20.6	37.99184	-122.307909
214444	21709934	2023-06-16T11:21:00	242	S	2.0	37.983275	-122.041624
214627	21710192	2023-06-16T13:27:00	4	E	25.442	38.004791	-121.841338
214737	21710343	2023-06-16T14:40:00	80	E	26.7	38.051224	-122.229366
214804	21710432	2023-06-16T15:11:00	4	E	16.282	38.012596	-122.002277
214816	21710447	2023-06-16T15:15:00	80	W	26.3	38.046954	-122.235761
215061	21710773	2023-06-16T17:18:00	80	E	10.9	37.863935	-122.302816
215062	21710774	2023-06-16T17:15:00	80	E	10.9	37.863935	-122.302816
215073	21710789	2023-06-16T17:21:00	680	S	31.831	37.728617	-121.944331
215100	21710824	2023-06-16T17:38:00	680	S	46.565	37.908558	-122.068713
215102	21710826	2023-06-16T17:36:00	680	S	46.565	37.908558	-122.068713
215129	21710861	2023-06-16T17:55:00	160	N	0.7	38.015558	-121.751469
215137	21710871	2023-06-16T17:59:00	80	E	18.4	37.96469	-122.324915
215149	21710886	2023-06-16T18:09:00	4	E	33.593	37.947685	-121.743882
215222	21711000	2023-06-16T19:04:00	680	S	38.732	37.820015	-121.993339
215231	21711016	2023-06-16T19:17:00	4	W	24.061	38.011402	-121.864671
215237	21711025	2023-06-16T19:19:00	4	W	9.11	37.992411	-122.125089
215244	21711035	2023-06-16T19:27:00	80	E	15.9	37.932417	-122.325715
215263	21711067	2023-06-16T19:51:00	4	E	33.593	37.947685	-121.743882
215329	21711185	2023-06-16T21:12:00	80	E	15.9	37.932417	-122.325715
215346	21711207	2023-06-16T21:26:00	680	S	37.987	37.80853	-121.991808
215351	21711215	2023-06-16T21:32:00	24	E	4.5	37.858649	-122.212279
215353	21711218	2023-06-16T21:34:00	24	E	4.5	37.858649	-122.212279
215376	21711261	2023-06-16T22:00:00	4	E	32.916	37.957212	-121.744885
215386	21711288	2023-06-16T22:20:00	680	S	46.565	37.908558	-122.068713
215397	21711304	2023-06-16T22:30:00	80	W	30.4	38.101745	-122.22981
215409	21711326	2023-06-16T22:45:00	4	E	14.23	38.004458	-122.038839
215497	21711487	2023-06-17T01:08:00	24	E	4.5	37.858422	-122.211892
215507	21711505	2023-06-17T01:26:00	4	E	16.999	38.016763	-121.990745
215526	21711533	2023-06-17T02:10:00	4	E	18.134	38.023689	-121.972104
215537	21711546	2023-06-17T02:30:00	4	E	16.282	38.012596	-122.002277
215763	21711916	2023-06-17T09:14:00	680	S	49.236	37.945369	-122.058286
215786	21711953	2023-06-17T09:45:00	4	W	23.37	38.013977	-121.876289
216190	21712509	2023-06-17T14:36:00	24	W	2.5	37.849184	-122.242346
216261	21712611	2023-06-17T15:20:00	4	W	0.743	38.013479	-122.259298
216426	21712879	2023-06-17T17:30:00	24	E	9.0	37.891181	-122.150167
216594	21713133	2023-06-17T20:05:00	680	S	44.891	37.889558	-122.058503
216613	21713165	2023-06-17T20:31:00	4	W	10.836	37.990762	-122.096283
216619	21713172	2023-06-17T20:32:00	4	E	8.677	37.989925	-122.133315
216663	21713265	2023-06-17T21:41:00	80	W	18.4	37.964627	-122.325422
216673	21713279	2023-06-17T21:52:00	24	E	4.5	37.858422	-122.211892
216693	21713317	2023-06-17T22:20:00	4	W	25.717	38.003464	-121.835484
216699	21713324	2023-06-17T22:26:00	80	W	16.5	37.940155	-122.324756
216707	21713339	2023-06-17T22:35:00	80	W	15.6	37.927978	-122.32287
216727	21713377	2023-06-17T23:07:00	4	W	20.036	38.019101	-121.937152
216729	21713380	2023-06-17T22:56:00	4	W	24.061	38.011402	-121.864671
216880	21713650	2023-06-18T03:12:00	80	E	10.9	37.863935	-122.302816
216898	21713671	2023-06-18T03:38:00	24	W	7.1	37.88436	-122.179679
217245	21714264	2023-06-18T13:05:00	80	W	13.8	37.903864	-122.312909
217273	21714311	2023-06-18T13:33:00	680	N	49.937	37.95548	-122.053382
217289	21714336	2023-06-18T13:44:00	4	W	18.122	38.023975	-121.971031
217323	21714381	2023-06-18T14:19:00	80	W	13.4	37.898581	-122.309609
217325	21714383	2023-06-18T14:16:00	680	S	31.831	37.728617	-121.944331
217342	21714415	2023-06-18T14:33:00	80	W	19.6	37.979573	-122.317375
217349	21714423	2023-06-18T14:34:00	80	W	21.3	37.994255	-122.296122
217390	21714485	2023-06-18T15:09:00	4	W	20.036	38.019101	-121.937152
217665	21714924	2023-06-18T19:34:00	680	S	48.324	37.932715	-122.060323
217666	21714925	2023-06-18T19:33:00	24	E	4.1	37.854646	-122.21709
217688	21714957	2023-06-18T19:58:00	680	S	29.37	37.701642	-121.911281
217701	21714979	2023-06-18T20:17:00	80	W	28.3	38.072115	-122.229026
217712	21714997	2023-06-18T20:29:00	24	E	8.1	37.892634	-122.165653
217733	21715025	2023-06-18T20:49:00	580	W	66.5	37.921761	-122.343181
217750	21715057	2023-06-18T21:18:00	24	E	6.6	37.87735	-122.184078
217752	21715059	2023-06-18T21:14:00	580	W	69.1	37.929729	-122.387993
217773	21715090	2023-06-18T21:44:00	24	W	7.6	37.890168	-122.174599
217992	21715464	2023-06-19T06:49:00	80	W	29.6	38.089741	-122.231403
217998	21715474	2023-06-19T06:51:00	80	W	29.6	38.089741	-122.231403
218037	21715537	2023-06-19T07:32:00	24	W	5.0	37.864109	-122.209158
218074	21715594	2023-06-19T08:11:00	4	E	18.134	38.023689	-121.972104
218089	21715619	2023-06-19T08:25:00	4	W	29.694	37.991686	-121.765042
218095	21715630	2023-06-19T08:31:00	4	W	13.968	38.003865	-122.042102
218185	21715775	2023-06-19T10:13:00	4	W	8.586	37.990008	-122.133858
218187	21715778	2023-06-19T10:09:00	80	E	28.7	38.076638	-122.231967
218202	21715798	2023-06-19T10:26:00	680	S	28.6	37.687307	-121.91744
218214	21715817	2023-06-19T10:29:00	80	W	27.2	38.056308	-122.225996
218226	21715831	2023-06-19T10:48:00	680	S	39.37	37.827811	-121.998238
218227	21715832	2023-06-19T10:45:00	80	E	21.2	37.993899	-122.297627
218236	21715843	2023-06-19T10:50:00	80	E	21.2	37.993899	-122.297627
218266	21715887	2023-06-19T11:16:00	4	E	22.429	38.017951	-121.894061
218273	21715897	2023-06-19T11:19:00	24	E	10.4	37.892862	-122.125001
218296	21715931	2023-06-19T11:39:00	24	W	5.1	37.86612	-122.206946
218386	21716068	2023-06-19T13:02:00	680	S	55.875	38.024062	-122.109049
218413	21716105	2023-06-19T13:28:00	4	W	32.608	37.96144	-121.742824
218414	21716106	2023-06-19T13:26:00	680	S	37.987	37.80853	-121.991808
218425	21716122	2023-06-19T13:32:00	4	W	30.427	37.988982	-121.752267
218431	21716131	2023-06-19T13:42:00	4	W	23.665	38.012996	-121.871769
218448	21716153	2023-06-19T13:48:00	4	W	13.715	38.002816	-122.046293
218515	21716246	2023-06-19T14:47:00	80	E	19.8	37.98325	-122.315941
218531	21716267	2023-06-19T14:56:00	4	E	14.23	38.004458	-122.038839
218542	21716281	2023-06-19T15:00:00	680	S	45.796	37.897511	-122.071253
218639	21716407	2023-06-19T16:05:00	24	W	4.0	37.854472	-122.219756
218652	21716424	2023-06-19T16:16:00	680	N	49.937	37.95548	-122.053382
218710	21716509	2023-06-19T16:56:00	80	W	27.8	38.066045	-122.226689
218717	21716518	2023-06-19T16:59:00	80	E	28.3	38.07247	-122.228965
218718	21716519	2023-06-19T17:02:00	242	N	2.8	37.993791	-122.039167
218719	21716520	2023-06-19T17:01:00	80	E	28.3	38.07247	-122.228965
218920	21716802	2023-06-19T19:22:00	4	W	16.263	38.013095	-122.001843
218943	21716843	2023-06-19T19:52:00	4	E	9.058	37.991473	-122.12634
219037	21717012	2023-06-19T21:53:00	80	W	12.1	37.881911	-122.308246
219044	21717021	2023-06-19T22:04:00	4	E	16.282	38.012596	-122.002277
219046	21717023	2023-06-19T21:58:00	80	E	12.9	37.892361	-122.307306
219086	21717090	2023-06-19T23:05:00	24	E	5.4	37.867235	-122.201026
219258	21717383	2023-06-20T06:26:00	24	E	9.0	37.891181	-122.150167
219297	21717453	2023-06-20T07:07:00	80	W	11.3	37.869523	-122.304749
219331	21717501	2023-06-20T07:32:00	80	W	17.9	37.959772	-122.330645
219333	21717503	2023-06-20T07:29:00	80	W	17.9	37.959772	-122.330645
219348	21717522	2023-06-20T07:40:00	80	W	17.4	37.952263	-122.327903
219360	21717539	2023-06-20T07:48:00	242	S	3.3	38.000947	-122.037852
219384	21717571	2023-06-20T08:05:00	4	W	23.37	38.013977	-121.876289
219416	21717616	2023-06-20T08:24:00	680	S	47.508	37.920636	-122.062281
219431	21717635	2023-06-20T08:37:00	80	E	20.6	37.99184	-122.307909
219451	21717655	2023-06-20T08:47:00	24	W	8.1	37.892846	-122.166865
219452	21717656	2023-06-20T08:46:00	24	W	8.1	37.892846	-122.166865
219460	21717665	2023-06-20T08:49:00	24	E	8.1	37.892634	-122.165653
219480	21717689	2023-06-20T09:06:00	24	W	5.4	37.868261	-122.200872
219496	21717709	2023-06-20T09:18:00	242	S	0.2	37.956956	-122.053305
219512	21717731	2023-06-20T09:38:00	24	E	2.1	37.845854	-122.247879
219513	21717732	2023-06-20T09:37:00	24	E	2.1	37.845854	-122.247879
219519	21717738	2023-06-20T09:43:00	4	E	18.812	38.021811	-121.960767
219530	21717753	2023-06-20T09:52:00	24	W	1.7	37.843503	-122.254967
219538	21717765	2023-06-20T10:01:00	242	S	0.2	37.956956	-122.053305
219550	21717779	2023-06-20T10:10:00	4	E	13.721	38.00229	-122.047248
219560	21717795	2023-06-20T10:23:00	24	W	5.4	37.868261	-122.200872
219567	21717805	2023-06-20T10:27:00	4	E	31.52	37.975972	-121.74242
219568	21717806	2023-06-20T10:25:00	80	W	14.8	37.917316	-122.317513
219976	21718368	2023-06-20T15:47:00	24	E	4.1	37.854646	-122.21709
219978	21718370	2023-06-20T15:45:00	24	E	4.1	37.854646	-122.21709
220032	21718448	2023-06-20T16:25:00	24	E	6.4	37.874851	-122.18658
220033	21718449	2023-06-20T16:22:00	80	E	11.4	37.870249	-122.304706
220042	21718463	2023-06-20T16:31:00	24	E	6.4	37.874851	-122.18658
220080	21718512	2023-06-20T16:50:00	4	W	8.586	37.990008	-122.133858
220097	21718539	2023-06-20T17:00:00	580	E	72.3	37.935043	-122.444523
220116	21718562	2023-06-20T17:13:00	580	W	70.0	37.932486	-122.403542
220118	21718564	2023-06-20T17:11:00	580	E	64.3	37.901366	-122.315167
220119	21718565	2023-06-20T17:10:00	580	E	64.3	37.901366	-122.315167
220135	21718585	2023-06-20T17:21:00	680	S	43.021	37.866847	-122.039129
220164	21718622	2023-06-20T17:33:00	80	W	19.1	37.972883	-122.319635
220193	21718655	2023-06-20T17:51:00	4	E	13.721	38.00229	-122.047248
220201	21718666	2023-06-20T17:56:00	242	S	1.6	37.977448	-122.044261
220245	21718728	2023-06-20T18:28:00	80	W	14.6	37.914584	-122.317505
220246	21718729	2023-06-20T18:27:00	80	W	14.6	37.914584	-122.317505
220254	21718740	2023-06-20T18:33:00	80	W	22.2	38.00178	-122.281783
220291	21718793	2023-06-20T18:56:00	680	N	31.373	37.723461	-121.939994
220300	21718813	2023-06-20T19:06:00	4	E	4.414	38.012909	-122.195991
220308	21718823	2023-06-20T19:09:00	160	N	0.7	38.015558	-121.751468
220411	21718985	2023-06-20T21:22:00	580	W	64.8	37.908665	-122.320973
220436	21719025	2023-06-20T21:54:00	24	E	4.5	37.858422	-122.211892
220448	21719045	2023-06-20T22:12:00	4	E	16.282	38.012596	-122.002277
220465	21719080	2023-06-20T22:34:00	24	E	7.3	37.886464	-122.177887
220476	21719098	2023-06-20T22:50:00	80	E	29.1	38.082991	-122.233205
220478	21719100	2023-06-20T22:53:00	80	W	29.5	38.08873	-122.231771
220479	21719101	2023-06-20T22:57:00	80	W	29.5	38.08873	-122.231771
220480	21719102	2023-06-20T22:56:00	242	N	1.9	37.98069	-122.042276
220570	21719259	2023-06-21T04:34:00	4	W	16.263	38.013095	-122.001843
220701	21719475	2023-06-21T07:06:00	80	E	28.1	38.069178	-122.226636
220753	21719547	2023-06-21T07:50:00	242	S	2.7	37.992591	-122.039625
220762	21719559	2023-06-21T07:53:00	580	W	70.3	37.932778	-122.408847
220773	21719578	2023-06-21T08:05:00	80	E	24.0	38.022089	-122.262691
220797	21719613	2023-06-21T08:20:00	80	W	29.3	38.085969	-122.232797
220799	21719616	2023-06-21T08:22:00	80	W	29.3	38.085969	-122.232797
220851	21719680	2023-06-21T08:53:00	80	W	27.2	38.056308	-122.225996
220852	21719681	2023-06-21T08:50:00	4	E	18.812	38.021811	-121.960767
220853	21719682	2023-06-21T08:48:00	80	W	27.2	38.056308	-122.225996
220861	21719691	2023-06-21T08:56:00	680	N	29.816	37.704565	-121.92434
220869	21719700	2023-06-21T09:02:00	4	E	22.429	38.017951	-121.894061
220888	21719723	2023-06-21T09:08:00	4	E	22.429	38.017951	-121.894061
220944	21719791	2023-06-21T09:50:00	80	W	14.6	37.914584	-122.317505
220949	21719799	2023-06-21T09:55:00	4	W	30.427	37.988982	-121.752267
220959	21719816	2023-06-21T10:06:00	80	W	14.8	37.917316	-122.317513
220960	21719817	2023-06-21T10:04:00	80	W	14.8	37.917316	-122.317513
220967	21719827	2023-06-21T10:11:00	4	W	35.226	37.925219	-121.732746
220981	21719845	2023-06-21T10:20:00	4	E	25.684	38.003696	-121.837444
221101	21720008	2023-06-21T12:11:00	4	E	23.108	38.015064	-121.882403
221218	21720166	2023-06-21T13:36:00	80	W	17.4	37.952263	-122.327903
221219	21720167	2023-06-21T13:35:00	80	W	15.6	37.927978	-122.32287
221239	21720199	2023-06-21T13:57:00	580	E	72.3	37.935043	-122.444523
221262	21720230	2023-06-21T14:12:00	580	W	72.2	37.935097	-122.444517
221263	21720231	2023-06-21T14:10:00	680	S	46.565	37.908558	-122.068713
221273	21720246	2023-06-21T14:20:00	24	E	2.1	37.845854	-122.247879
221287	21720273	2023-06-21T14:34:00	4	W	16.263	38.013095	-122.001843
221491	21720546	2023-06-21T16:32:00	24	E	2.7	37.849799	-122.238351
221500	21720556	2023-06-21T16:43:00	680	N	37.79	37.806862	-121.990775
221529	21720595	2023-06-21T16:55:00	580	W	72.2	37.935097	-122.444517
221535	21720604	2023-06-21T17:04:00	80	E	19.0	37.971598	-122.319869
221582	21720670	2023-06-21T17:25:00	4	W	22.348	38.018567	-121.895066
221583	21720671	2023-06-21T17:23:00	4	W	22.348	38.018567	-121.895066
221642	21720750	2023-06-21T18:03:00	680	N	35.657	37.778337	-121.975649
221652	21720762	2023-06-21T18:07:00	4	E	14.725	38.008166	-122.030414
221658	21720771	2023-06-21T18:13:00	4	E	14.725	38.008166	-122.030414
221659	21720772	2023-06-21T18:12:00	680	N	46.316	37.905243	-122.069406
221660	21720774	2023-06-21T18:10:00	680	N	46.316	37.905243	-122.069406
221702	21720825	2023-06-21T18:38:00	580	E	70.1	37.932083	-122.40375
221728	21720856	2023-06-21T18:51:00	24	E	9.0	37.891181	-122.150167
221730	21720858	2023-06-21T18:49:00	24	E	9.0	37.891181	-122.150167
221888	21721117	2023-06-21T21:51:00	4	E	14.165	38.003997	-122.040056
221920	21721169	2023-06-21T22:27:00	4	E	19.751	38.018741	-121.942884
222029	21721345	2023-06-22T02:40:00	80	E	25.8	38.042706	-122.24148
222037	21721359	2023-06-22T03:18:00	4	E	14.986	38.008914	-122.026279
222199	21721624	2023-06-22T07:33:00	680	S	50.362	37.960855	-122.053254
222246	21721689	2023-06-22T08:07:00	4	W	2.777	38.009209	-122.223901
222247	21721690	2023-06-22T08:05:00	680	N	31.669	37.726728	-121.942548
222305	21721764	2023-06-22T08:46:00	4	E	14.23	38.004458	-122.038839
222361	21721830	2023-06-22T09:25:00	680	N	35.863	37.78143	-121.977213
222366	21721839	2023-06-22T09:34:00	680	S	35.873	37.780831	-121.97722
222367	21721840	2023-06-22T09:33:00	680	S	35.873	37.780831	-121.97722
222394	21721885	2023-06-22T09:53:00	4	W	8.586	37.990008	-122.133858
222486	21722007	2023-06-22T11:08:00	680	S	49.822	37.953265	-122.05476
222543	21722079	2023-06-22T12:01:00	680	N	50.46	37.962458	-122.053879
222553	21722093	2023-06-22T12:04:00	4	W	15.194	38.01011	-122.021262
222618	21722187	2023-06-22T12:58:00	80	W	19.6	37.979573	-122.317375
222689	21722294	2023-06-22T13:47:00	4	W	13.31	38.000983	-122.053668
222699	21722311	2023-06-22T13:48:00	680	N	28.436	37.685932	-121.916638
222711	21722328	2023-06-22T14:02:00	4	W	31.46	37.976136	-121.741915
222963	21722683	2023-06-22T16:37:00	580	W	72.2	37.935097	-122.444517
222975	21722695	2023-06-22T16:42:00	4	E	4.414	38.012909	-122.195991
223013	21722742	2023-06-22T17:01:00	24	W	11.1	37.895372	-122.113724
223045	21722797	2023-06-22T17:28:00	242	S	2.0	37.983275	-122.041624
223046	21722798	2023-06-22T17:27:00	242	S	2.0	37.983275	-122.041624
223066	21722823	2023-06-22T17:35:00	580	W	72.2	37.935097	-122.444517
223074	21722836	2023-06-22T17:43:00	580	E	72.3	37.935043	-122.444523
223076	21722838	2023-06-22T17:41:00	4	E	12.562	37.995586	-122.066559
223121	21722896	2023-06-22T18:06:00	680	S	29.242	37.696595	-121.921082
223129	21722905	2023-06-22T18:12:00	4	E	8.677	37.989925	-122.133315
223147	21722928	2023-06-22T18:19:00	80	E	15.9	37.932417	-122.325715
223152	21722939	2023-06-22T18:26:00	24	E	7.5	37.888907	-122.175662
223154	21722941	2023-06-22T18:23:00	80	E	12.1	37.8825	-122.308014
223244	21723084	2023-06-22T19:48:00	680	N	41.473	37.847983	-122.027629
223254	21723099	2023-06-22T20:00:00	580	W	66.5	37.921761	-122.343181
223255	21723100	2023-06-22T19:59:00	4	W	20.036	38.019101	-121.937152
223306	21723175	2023-06-22T20:59:00	80	E	14.1	37.907164	-122.314949
223330	21723209	2023-06-22T21:27:00	80	W	12.1	37.881911	-122.308246
223331	21723210	2023-06-22T21:26:00	580	W	63.9	37.89741	-122.311741
223332	21723211	2023-06-22T21:25:00	680	N	29.584	37.700464	-121.92564
223347	21723235	2023-06-22T21:44:00	24	W	5.7	37.868105	-122.195924
223363	21723262	2023-06-22T22:03:00	4	E	14.725	38.008166	-122.030414
223416	21723349	2023-06-22T23:48:00	4	E	30.995	37.982313	-121.746896
223436	21723389	2023-06-23T00:39:00	4	E	16.999	38.016763	-121.990745
223469	21723436	2023-06-23T01:45:00	4	E	22.429	38.017951	-121.894061
223649	21723714	2023-06-23T07:22:00	80	E	12.1	37.881207	-122.307852
223658	21723726	2023-06-23T07:28:00	80	W	15.6	37.927978	-122.32287
223659	21723727	2023-06-23T07:27:00	80	W	15.6	37.927978	-122.32287
223687	21723766	2023-06-23T07:52:00	80	E	15.8	37.931141	-122.324812
223705	21723788	2023-06-23T08:09:00	4	W	16.263	38.013095	-122.001843
223708	21723791	2023-06-23T08:04:00	80	E	11.7	37.874502	-122.306023
223732	21723820	2023-06-23T08:22:00	680	S	51.885	37.980061	-122.065556
223735	21723824	2023-06-23T08:28:00	680	N	55.442	38.021623	-122.102612
223758	21723852	2023-06-23T08:46:00	80	E	28.1	38.069722	-122.226905
223759	21723853	2023-06-23T08:44:00	24	W	11.1	37.895372	-122.113724
223771	21723871	2023-06-23T08:57:00	4	W	15.413	38.010708	-122.017546
223772	21723872	2023-06-23T08:56:00	4	W	15.413	38.010708	-122.017546
223774	21723874	2023-06-23T08:52:00	80	E	28.3	38.07247	-122.228965
223850	21723984	2023-06-23T09:53:00	4	W	18.744	38.022038	-121.960192
223933	21724108	2023-06-23T11:22:00	80	W	12.2	37.883528	-122.308627
223941	21724118	2023-06-23T11:27:00	80	W	12.2	37.883528	-122.308627
223980	21724174	2023-06-23T11:59:00	80	W	12.2	37.883528	-122.308627
223981	21724175	2023-06-23T11:58:00	80	W	12.2	37.883528	-122.308627
223985	21724182	2023-06-23T12:00:00	680	N	45.856	37.898794	-122.070698
224009	21724214	2023-06-23T12:13:00	580	W	67.4	37.923037	-122.358813
224016	21724225	2023-06-23T12:20:00	580	E	63.1	37.886658	-122.309253
224017	21724226	2023-06-23T12:18:00	24	E	9.0	37.891181	-122.150167
224021	21724233	2023-06-23T12:28:00	680	N	41.97	37.854862	-122.029221
224040	21724255	2023-06-23T12:33:00	4	E	18.134	38.023689	-121.972104
224064	21724287	2023-06-23T12:49:00	580	E	66.3	37.921417	-122.338695
224079	21724312	2023-06-23T13:02:00	580	E	66.3	37.921417	-122.338695
224095	21724334	2023-06-23T13:15:00	80	W	30.0	38.095726	-122.229909
224104	21724345	2023-06-23T13:19:00	4	W	23.665	38.012996	-121.871769
224115	21724364	2023-06-23T13:29:00	4	W	25.717	38.003464	-121.835484
224127	21724381	2023-06-23T13:39:00	80	W	11.3	37.869523	-122.304749
224146	21724406	2023-06-23T13:47:00	80	E	14.8	37.917301	-122.317317
224162	21724428	2023-06-23T14:02:00	4	W	12.059	37.993171	-122.074252
224172	21724446	2023-06-23T14:07:00	4	W	24.061	38.011402	-121.864671
224236	21724533	2023-06-23T14:46:00	80	W	12.1	37.881911	-122.308246
224288	21724603	2023-06-23T15:18:00	680	S	47.972	37.927223	-122.06066
224298	21724618	2023-06-23T15:17:00	24	E	5.4	37.867235	-122.201026
224339	21724673	2023-06-23T15:47:00	680	N	49.937	37.955453	-122.053356
224341	21724675	2023-06-23T15:45:00	680	N	55.442	38.021623	-122.102612
224346	21724680	2023-06-23T15:52:00	680	N	33.953	37.756191	-121.962774
224357	21724693	2023-06-23T15:53:00	680	N	49.937	37.95548	-122.053382
224382	21724723	2023-06-23T16:06:00	580	W	66.5	37.921761	-122.343181
224390	21724736	2023-06-23T16:13:00	680	N	31.669	37.726728	-121.942548
224411	21724761	2023-06-23T16:21:00	4	W	26.28	38.000883	-121.826152
224537	21724938	2023-06-23T17:39:00	80	W	15.6	37.927978	-122.32287
224538	21724939	2023-06-23T17:37:00	80	W	15.6	37.927978	-122.32287
224540	21724946	2023-06-23T17:42:00	80	W	13.8	37.903864	-122.312909
224583	21725007	2023-06-23T18:09:00	580	E	72.3	37.935043	-122.444523
224592	21725016	2023-06-23T18:11:00	4	W	22.348	38.018567	-121.895066
224713	21725210	2023-06-23T20:08:00	4	E	2.405	38.01046	-122.230175
224718	21725224	2023-06-23T20:22:00	4	W	27.661	37.998404	-121.801574
224721	21725231	2023-06-23T20:23:00	4	W	14.179	38.004968	-122.038364
224733	21725245	2023-06-23T20:33:00	4	W	28.794	37.995591	-121.780403
224839	21725426	2023-06-23T22:49:00	4	W	16.263	38.013095	-122.001843
224899	21725533	2023-06-24T00:46:00	4	E	22.429	38.017951	-121.894061
224902	21725536	2023-06-24T00:53:00	4	E	1.242	38.014589	-122.249975
225015	21725719	2023-06-24T05:01:00	80	E	13.3	37.898081	-122.309198
225022	21725731	2023-06-24T05:25:00	580	W	70.0	37.932486	-122.403542
225034	21725758	2023-06-24T05:54:00	4	W	20.036	38.019101	-121.937152
225112	21725886	2023-06-24T07:56:00	80	E	17.9	37.96006	-122.330376
225129	21725921	2023-06-24T08:33:00	680	N	55.442	38.021623	-122.102612
225137	21725931	2023-06-24T08:48:00	24	E	2.1	37.845854	-122.247879
225138	21725932	2023-06-24T08:47:00	4	W	27.661	37.998404	-121.801574
225154	21725954	2023-06-24T09:02:00	4	E	28.348	37.996773	-121.789698
225160	21725961	2023-06-24T09:06:00	80	E	28.7	38.076638	-122.231967
225167	21725975	2023-06-24T09:15:00	4	E	27.171	37.998126	-121.811133
225215	21726041	2023-06-24T10:06:00	4	W	27.088	37.998417	-121.81166
225234	21726066	2023-06-24T10:25:00	242	S	2.0	37.983275	-122.041624
225495	21726436	2023-06-24T14:11:00	4	W	15.413	38.010708	-122.017546
225496	21726437	2023-06-24T14:10:00	4	E	14.177	38.000947	-122.037852
225523	21726481	2023-06-24T14:33:00	4	W	25.717	38.003464	-121.835484
225524	21726482	2023-06-24T14:32:00	580	W	67.1	37.921855	-122.354109
225619	21726626	2023-06-24T15:43:00	580	W	69.8	37.93209	-122.399839
225671	21726703	2023-06-24T16:23:00	4	W	18.391	38.023255	-121.966585
225733	21726796	2023-06-24T17:13:00	242	N	2.1	37.98392	-122.041279
225748	21726816	2023-06-24T17:26:00	24	W	1.7	37.843503	-122.254967
225749	21726817	2023-06-24T17:22:00	4	E	14.725	38.008166	-122.030414
225766	21726841	2023-06-24T17:38:00	4	W	22.348	38.018567	-121.895066
225823	21726921	2023-06-24T18:30:00	80	W	13.8	37.903864	-122.312909
225838	21726946	2023-06-24T18:48:00	80	W	13.1	37.895221	-122.308233
225848	21726963	2023-06-24T18:59:00	80	W	21.6	37.99537	-122.289589
225849	21726964	2023-06-24T18:58:00	4	E	16.282	38.012596	-122.002277
225987	21727205	2023-06-24T21:40:00	4	W	18.744	38.022038	-121.960192
226214	21727588	2023-06-25T04:35:00	4	E	4.414	38.012909	-122.195991
226226	21727612	2023-06-25T05:11:00	4	E	18.134	38.023689	-121.972104
226401	21727908	2023-06-25T10:54:00	80	W	12.2	37.883528	-122.308627
226405	21727916	2023-06-25T10:59:00	680	S	46.565	37.908558	-122.068713
226413	21727930	2023-06-25T11:07:00	4	E	37.69	37.895679	-121.712619
226455	21727993	2023-06-25T11:48:00	80	W	17.9	37.959772	-122.330645
226465	21728005	2023-06-25T12:02:00	580	E	66.3	37.921417	-122.338695
226475	21728021	2023-06-25T12:14:00	680	S	43.021	37.866847	-122.039129
226485	21728036	2023-06-25T12:23:00	4	E	16.282	38.012596	-122.002277
226514	21728086	2023-06-25T12:49:00	680	S	48.324	37.932715	-122.060323
226518	21728095	2023-06-25T12:58:00	4	W	25.717	38.003464	-121.835484
226522	21728100	2023-06-25T13:02:00	4	W	25.717	38.003464	-121.835484
226523	21728101	2023-06-25T13:03:00	4	W	25.717	38.003464	-121.835484
226549	21728136	2023-06-25T13:22:00	680	N	52.775	37.995586	-122.066559
226558	21728149	2023-06-25T13:27:00	4	W	31.46	37.976136	-121.741915
226559	21728150	2023-06-25T13:25:00	680	N	43.721	37.876406	-122.046355
226870	21728635	2023-06-25T18:06:00	80	E	19.0	37.971598	-122.319869
226902	21728674	2023-06-25T18:26:00	680	N	57.877	38.048745	-122.126295
226903	21728675	2023-06-25T18:29:00	680	N	57.877	38.048745	-122.126295
226922	21728709	2023-06-25T18:53:00	4	W	9.11	37.992411	-122.125089
226938	21728727	2023-06-25T19:04:00	4	W	31.46	37.976136	-121.741915
227010	21728832	2023-06-25T20:33:00	4	E	25.684	38.003696	-121.837444
227019	21728846	2023-06-25T20:42:00	80	E	28.1	38.069178	-122.226636
227030	21728865	2023-06-25T20:56:00	80	E	10.9	37.863935	-122.302816
227031	21728866	2023-06-25T20:55:00	680	N	49.937	37.95548	-122.053382
227040	21728877	2023-06-25T21:04:00	80	W	16.6	37.94145	-122.324122
227051	21728893	2023-06-25T21:16:00	4	W	15.413	38.010708	-122.017546
227191	21729158	2023-06-26T02:49:00	4	W	24.061	38.011402	-121.864671
227232	21729218	2023-06-26T05:06:00	680	N	42.444	37.861176	-122.032978
227238	21729225	2023-06-26T05:16:00	24	W	13.8	37.903779	-122.070381
227273	21729276	2023-06-26T05:58:00	4	W	24.061	38.011402	-121.864671
227355	21729414	2023-06-26T07:27:00	4	E	16.282	38.012596	-122.002277
227356	21729416	2023-06-26T07:25:00	4	E	18.812	38.021811	-121.960767
227357	21729417	2023-06-26T07:22:00	24	E	4.5	37.858644	-122.212162
227366	21729430	2023-06-26T07:31:00	24	E	4.5	37.858644	-122.212162
227441	21729538	2023-06-26T08:23:00	4	E	1.242	38.014589	-122.249975
227461	21729568	2023-06-26T08:40:00	680	S	46.565	37.908558	-122.068713
227462	21729569	2023-06-26T08:37:00	680	S	46.565	37.908558	-122.068713
227500	21729619	2023-06-26T09:13:00	4	E	22.429	38.017951	-121.894061
227507	21729629	2023-06-26T09:14:00	24	E	10.4	37.892862	-122.125001
227517	21729641	2023-06-26T09:21:00	680	N	49.937	37.95548	-122.053382
227522	21729650	2023-06-26T09:24:00	680	N	49.937	37.95548	-122.053382
227540	21729677	2023-06-26T09:52:00	4	E	16.282	38.012596	-122.002277
227838	21730130	2023-06-26T14:10:00	4	E	13.969	38.003358	-122.042918
227932	21730250	2023-06-26T15:07:00	680	S	51.885	37.980061	-122.065556
227933	21730251	2023-06-26T15:06:00	580	W	64.3	37.902354	-122.315759
227959	21730280	2023-06-26T15:22:00	4	E	9.228	37.99293	-122.123639
227960	21730281	2023-06-26T15:20:00	80	W	12.1	37.881911	-122.308246
228323	21730746	2023-06-26T18:46:00	580	E	66.8	37.921738	-122.346948
228324	21730747	2023-06-26T18:45:00	80	W	20.3	37.989215	-122.312635
228335	21730763	2023-06-26T18:57:00	80	E	20.4	37.990514	-122.310454
228357	21730794	2023-06-26T19:14:00	80	W	22.2	38.00178	-122.281783
228374	21730820	2023-06-26T19:42:00	4	E	8.677	37.989925	-122.133315
228448	21730942	2023-06-26T21:15:00	80	W	12.2	37.883528	-122.308627
228459	21730963	2023-06-26T21:28:00	4	W	15.413	38.010708	-122.017546
228530	21731096	2023-06-27T00:04:00	4	E	32.346	37.964821	-121.740553
228536	21731104	2023-06-27T00:19:00	4	E	14.23	38.004458	-122.038839
228564	21731157	2023-06-27T02:09:00	80	E	19.0	37.971598	-122.319869
228568	21731164	2023-06-27T02:34:00	4	W	20.036	38.019101	-121.937152
228729	21731419	2023-06-27T07:20:00	80	E	21.2	37.993899	-122.297627
228757	21731460	2023-06-27T07:46:00	680	S	47.694	37.923282	-122.061272
228758	21731461	2023-06-27T07:45:00	680	S	47.694	37.923282	-122.061272
228776	21731484	2023-06-27T07:54:00	680	N	56.193	38.026944	-122.114167
228780	21731490	2023-06-27T08:03:00	680	N	57.877	38.048506	-122.12613
228793	21731510	2023-06-27T08:10:00	4	E	23.108	38.015064	-121.882403
228809	21731531	2023-06-27T08:21:00	24	W	8.9	37.891793	-122.151758
228816	21731539	2023-06-27T08:26:00	160	N	0.7	38.015558	-121.751468
228884	21731634	2023-06-27T09:16:00	580	W	67.4	37.923037	-122.358813
228892	21731643	2023-06-27T09:22:00	4	E	4.414	38.012909	-122.195991
228905	21731658	2023-06-27T09:26:00	24	W	1.7	37.843503	-122.254967
228906	21731659	2023-06-27T09:25:00	24	W	1.7	37.843503	-122.254967
228927	21731691	2023-06-27T09:50:00	680	N	35.863	37.78143	-121.977213
228937	21731706	2023-06-27T10:07:00	24	E	2.1	37.845854	-122.247879
228943	21731715	2023-06-27T10:13:00	4	W	18.744	38.022038	-121.960192
228944	21731716	2023-06-27T10:12:00	4	W	18.744	38.022038	-121.960192
228970	21731761	2023-06-27T10:43:00	4	W	24.061	38.011402	-121.864671
229003	21731808	2023-06-27T11:11:00	580	E	72.3	37.935043	-122.444523
229012	21731825	2023-06-27T11:16:00	680	S	51.349	37.97324	-122.062065
229027	21731844	2023-06-27T11:31:00	580	W	63.9	37.89741	-122.311741
229038	21731862	2023-06-27T11:46:00	80	W	17.9	37.959772	-122.330645
229045	21731871	2023-06-27T11:51:00	4	W	12.337	37.994782	-122.069526
229065	21731898	2023-06-27T12:11:00	580	E	67.2	37.921658	-122.353789
229067	21731900	2023-06-27T12:14:00	580	E	67.2	37.921658	-122.353789
229068	21731901	2023-06-27T12:12:00	580	E	72.3	37.935043	-122.444523
229079	21731914	2023-06-27T12:13:00	680	S	50.995	37.969068	-122.058604
229111	21731955	2023-06-27T12:46:00	680	S	43.021	37.866847	-122.039129
229126	21731974	2023-06-27T12:56:00	4	W	23.37	38.013977	-121.876289
229234	21732127	2023-06-27T14:19:00	80	E	11.7	37.874502	-122.306023
229273	21732176	2023-06-27T14:43:00	242	S	3.3	38.000947	-122.037852
229344	21732265	2023-06-27T15:30:00	4	W	16.263	38.013095	-122.001843
229448	21732415	2023-06-27T16:35:00	80	E	20.6	37.99184	-122.307909
229546	21732536	2023-06-27T17:30:00	680	N	33.953	37.756191	-121.962774
229558	21732549	2023-06-27T17:35:00	680	S	53.355	37.999523	-122.076105
229559	21732550	2023-06-27T17:34:00	24	E	8.5	37.892591	-122.159524
229683	21732705	2023-06-27T18:45:00	24	E	5.4	37.867235	-122.201026
229730	21732776	2023-06-27T19:31:00	80	W	13.1	37.895221	-122.308233
229740	21732798	2023-06-27T19:48:00	4	E	1.242	38.014589	-122.249975
229776	21732852	2023-06-27T20:16:00	4	E	12.399	37.994604	-122.069421
229861	21732992	2023-06-27T21:57:00	80	W	15.6	37.927978	-122.32287
229862	21732993	2023-06-27T21:56:00	80	W	15.6	37.927978	-122.32287
229865	21732997	2023-06-27T22:00:00	80	W	13.8	37.903864	-122.312909
229881	21733024	2023-06-27T22:24:00	4	E	2.405	38.01046	-122.230175
229894	21733051	2023-06-27T22:50:00	4	W	35.226	37.925219	-121.732746
229956	21733156	2023-06-28T01:26:00	4	E	24.198	38.01073	-121.863155
229986	21733201	2023-06-28T03:07:00	242	S	0.2	37.956956	-122.053305
230002	21733224	2023-06-28T04:24:00	4	W	26.728	37.998674	-121.817967
230082	21733359	2023-06-28T06:33:00	680	N	53.148	37.997676	-122.073548
230083	21733360	2023-06-28T06:32:00	680	N	50.46	37.962458	-122.053879
230090	21733368	2023-06-28T06:34:00	580	E	67.2	37.921658	-122.353789
230099	21733388	2023-06-28T06:53:00	680	S	47.508	37.920636	-122.062281
230106	21733400	2023-06-28T06:54:00	4	E	18.812	38.021811	-121.960767
230110	21733409	2023-06-28T07:01:00	24	E	4.1	37.854646	-122.21709
230116	21733421	2023-06-28T07:04:00	80	W	11.3	37.869523	-122.304749
230188	21733524	2023-06-28T08:02:00	242	S	0.2	37.956956	-122.053305
230191	21733527	2023-06-28T07:57:00	242	S	0.2	37.956956	-122.053305
230654	21734191	2023-06-28T14:39:00	680	S	46.565	37.908558	-122.068713
230687	21734238	2023-06-28T15:05:00	680	S	50.362	37.960855	-122.053254
230708	21734265	2023-06-28T15:14:00	242	N	3.2	38.000481	-122.037725
230746	21734318	2023-06-28T15:39:00	4	E	16.282	38.012596	-122.002277
230747	21734319	2023-06-28T15:38:00	4	E	16.282	38.012596	-122.002277
230748	21734320	2023-06-28T15:37:00	680	N	28.436	37.685932	-121.916638
230790	21734380	2023-06-28T15:58:00	4	E	12.146	37.993242	-122.073397
230821	21734421	2023-06-28T16:23:00	4	E	16.282	38.012596	-122.002277
230822	21734422	2023-06-28T16:21:00	680	N	37.79	37.806862	-121.990775
230823	21734423	2023-06-28T16:20:00	680	N	49.937	37.95548	-122.053382
230829	21734430	2023-06-28T16:26:00	680	S	48.324	37.932715	-122.060323
230830	21734431	2023-06-28T16:25:00	680	S	48.324	37.932715	-122.060323
230873	21734490	2023-06-28T16:53:00	680	N	31.108	37.720114	-121.937379
230894	21734521	2023-06-28T17:07:00	242	N	3.2	38.000481	-122.037725
230919	21734556	2023-06-28T17:23:00	80	E	24.0	38.022089	-122.262691
230925	21734567	2023-06-28T17:25:00	4	W	27.661	37.998404	-121.801574
230969	21734632	2023-06-28T17:56:00	4	E	16.282	38.012596	-122.002277
230972	21734635	2023-06-28T17:52:00	4	E	16.282	38.012596	-122.002277
230979	21734646	2023-06-28T18:02:00	680	S	46.051	37.900879	-122.070658
231061	21734744	2023-06-28T18:50:00	80	E	11.7	37.874502	-122.306023
231062	21734745	2023-06-28T18:48:00	80	E	11.7	37.874502	-122.306023
231068	21734752	2023-06-28T18:55:00	4	E	23.664	38.012821	-121.872431
231079	21734767	2023-06-28T19:06:00	4	E	5.671	38.012858	-122.174702
231183	21734945	2023-06-28T21:09:00	680	S	29.242	37.696595	-121.921082
231188	21734956	2023-06-28T21:10:00	80	W	14.6	37.914584	-122.317505
231195	21734968	2023-06-28T21:22:00	24	E	4.5	37.858422	-122.211892
231208	21734994	2023-06-28T21:36:00	4	W	13.968	38.003865	-122.042102
231309	21735162	2023-06-29T00:25:00	4	W	28.794	37.995591	-121.780403
231319	21735179	2023-06-29T00:48:00	24	E	5.4	37.867235	-122.201026
231377	21735285	2023-06-29T04:42:00	80	W	12.1	37.881911	-122.308246
231378	21735286	2023-06-29T04:39:00	80	W	13.1	37.895221	-122.308233
231400	21735333	2023-06-29T05:28:00	4	E	22.429	38.017951	-121.894061
231418	21735363	2023-06-29T05:55:00	242	N	0.8	37.96661	-122.048744
231446	21735406	2023-06-29T06:26:00	242	N	2.1	37.98392	-122.041279
231461	21735428	2023-06-29T06:41:00	80	W	13.8	37.903864	-122.312909
231462	21735429	2023-06-29T06:39:00	80	W	13.8	37.903864	-122.312909
231467	21735444	2023-06-29T06:52:00	80	W	29.5	38.088285	-122.231856
231468	21735445	2023-06-29T06:49:00	80	W	29.5	38.088285	-122.231856
231476	21735457	2023-06-29T06:55:00	80	W	11.3	37.869523	-122.304749
231504	21735493	2023-06-29T07:17:00	242	N	0.3	37.959712	-122.051595
231542	21735539	2023-06-29T07:43:00	242	S	0.8	37.966634	-122.048958
231589	21735609	2023-06-29T08:14:00	580	W	70.0	37.932486	-122.403542
231635	21735671	2023-06-29T08:50:00	4	W	5.636	38.013022	-122.17456
231815	21735917	2023-06-29T11:21:00	680	S	51.885	37.980061	-122.065556
231848	21735972	2023-06-29T11:52:00	680	S	43.021	37.866847	-122.039129
231863	21735992	2023-06-29T12:04:00	4	E	27.171	37.998126	-121.811133
232050	21736252	2023-06-29T14:21:00	680	N	41.473	37.847983	-122.027629
232069	21736277	2023-06-29T14:32:00	680	N	42.444	37.861176	-122.032978
232070	21736279	2023-06-29T14:28:00	580	W	66.5	37.921761	-122.343181
232078	21736291	2023-06-29T14:35:00	680	N	42.444	37.861176	-122.032978
232114	21736336	2023-06-29T14:57:00	80	E	28.3	38.07247	-122.228965
232116	21736338	2023-06-29T14:52:00	680	N	50.46	37.962458	-122.053879
232141	21736369	2023-06-29T15:08:00	24	W	8.9	37.891793	-122.151758
232145	21736373	2023-06-29T15:10:00	24	W	8.9	37.891793	-122.151758
232168	21736411	2023-06-29T15:24:00	4	E	27.171	37.998126	-121.811133
232176	21736426	2023-06-29T15:30:00	4	E	28.348	37.996773	-121.789698
232305	21736610	2023-06-29T16:49:00	680	N	44.261	37.882606	-122.051683
232306	21736612	2023-06-29T16:47:00	680	N	44.261	37.882606	-122.051683
232363	21736687	2023-06-29T17:16:00	24	E	4.9	37.862496	-122.209079
232383	21736710	2023-06-29T17:29:00	24	E	8.5	37.892591	-122.159524
232405	21736738	2023-06-29T17:37:00	680	N	45.038	37.89113	-122.060912
232418	21736752	2023-06-29T17:44:00	80	W	17.5	37.953792	-122.328714
232419	21736753	2023-06-29T17:43:00	80	W	17.5	37.953792	-122.328714
232465	21736808	2023-06-29T18:08:00	4	W	22.348	38.018567	-121.895066
232466	21736809	2023-06-29T18:07:00	4	W	26.728	37.998674	-121.817967
232467	21736810	2023-06-29T18:06:00	4	W	26.728	37.998674	-121.817967
232471	21736818	2023-06-29T18:12:00	680	N	35.319	37.773638	-121.973283
232506	21736855	2023-06-29T18:27:00	24	E	4.5	37.858422	-122.211892
232561	21736923	2023-06-29T18:59:00	4	E	8.677	37.989925	-122.133315
232573	21736939	2023-06-29T19:05:00	680	S	41.829	37.852397	-122.029072
232626	21737024	2023-06-29T19:55:00	24	W	8.1	37.892846	-122.166865
232644	21737049	2023-06-29T20:12:00	4	W	29.694	37.991686	-121.765042
232659	21737078	2023-06-29T20:31:00	680	N	31.373	37.723461	-121.939994
232674	21737108	2023-06-29T21:00:00	4	W	5.636	38.013022	-122.17456
232682	21737122	2023-06-29T21:07:00	4	E	0.496	38.013516	-122.263872
232710	21737167	2023-06-29T21:38:00	24	W	5.3	37.867104	-122.203551
232767	21737257	2023-06-29T22:53:00	4	E	25.442	38.004791	-121.841338
232803	21737313	2023-06-29T23:40:00	4	E	23.664	38.012821	-121.872431
232809	21737331	2023-06-30T00:08:00	24	E	7.5	37.888907	-122.175662
232864	21737429	2023-06-30T02:41:00	242	S	1.6	37.977448	-122.044261
232883	21737456	2023-06-30T03:19:00	242	N	1.9	37.98069	-122.042276
232917	21737506	2023-06-30T04:53:00	680	N	49.937	37.95548	-122.053382
232918	21737507	2023-06-30T04:51:00	580	W	74.1	37.942578	-122.477579
232920	21737511	2023-06-30T04:57:00	580	W	72.2	37.935097	-122.444517
232928	21737524	2023-06-30T05:17:00	24	E	6.4	37.874851	-122.18658
233006	21737647	2023-06-30T06:49:00	80	W	11.3	37.869523	-122.304749
233041	21737714	2023-06-30T07:38:00	4	E	18.812	38.021811	-121.960767
233080	21737772	2023-06-30T08:09:00	24	E	8.1	37.892634	-122.165653
233081	21737773	2023-06-30T08:08:00	4	W	24.061	38.011402	-121.864671
233293	21738062	2023-06-30T11:03:00	80	W	11.3	37.869523	-122.304749
233306	21738077	2023-06-30T11:05:00	80	W	11.3	37.869523	-122.304749
233330	21738110	2023-06-30T11:21:00	680	S	48.324	37.932715	-122.060323
233352	21738143	2023-06-30T11:42:00	80	E	28.6	38.07648	-122.231882
233354	21738145	2023-06-30T11:44:00	80	E	28.6	38.07648	-122.231881
233362	21738157	2023-06-30T11:48:00	80	E	28.3	38.07247	-122.228965
233380	21738187	2023-06-30T11:59:00	4	W	24.061	38.011402	-121.864671
233387	21738195	2023-06-30T12:05:00	80	W	28.3	38.072115	-122.229026
233396	21738206	2023-06-30T12:08:00	80	E	20.2	37.987956	-122.313409
233437	21738271	2023-06-30T12:42:00	4	W	13.968	38.003865	-122.042102
233439	21738273	2023-06-30T12:40:00	4	W	5.636	38.013022	-122.17456
233533	21738401	2023-06-30T13:41:00	80	E	29.4	38.08791	-122.231755
233543	21738415	2023-06-30T13:45:00	680	N	52.856	37.994782	-122.069526
233550	21738425	2023-06-30T13:50:00	24	E	11.7	37.8969	-122.101841
233617	21738526	2023-06-30T14:32:00	24	W	11.8	37.897448	-122.100763
233618	21738527	2023-06-30T14:31:00	4	E	23.108	38.015064	-121.882403
233619	21738528	2023-06-30T14:30:00	4	W	5.636	38.013022	-122.17456
233620	21738529	2023-06-30T14:29:00	24	W	11.8	37.897448	-122.100763
233623	21738539	2023-06-30T14:37:00	80	W	12.1	37.881911	-122.308246
233626	21738543	2023-06-30T14:33:00	80	W	12.1	37.881911	-122.308246
233642	21738569	2023-06-30T14:47:00	4	E	19.751	38.018741	-121.942884
233643	21738570	2023-06-30T14:45:00	4	E	19.751	38.018741	-121.942884
233672	21738608	2023-06-30T15:02:00	680	N	48.815	37.940053	-122.060052
233711	21738659	2023-06-30T15:22:00	80	E	13.3	37.898081	-122.309198
233712	21738660	2023-06-30T15:21:00	680	S	53.355	37.999523	-122.076105
233713	21738661	2023-06-30T15:20:00	680	S	53.355	37.999523	-122.076105
233776	21738737	2023-06-30T15:50:00	4	E	15.58	38.010574	-122.015485
233786	21738751	2023-06-30T15:58:00	680	N	41.473	37.847983	-122.027629
233787	21738752	2023-06-30T15:57:00	680	N	41.473	37.847983	-122.027629
233788	21738753	2023-06-30T15:56:00	80	E	16.5	37.94046	-122.324391
233789	21738754	2023-06-30T15:55:00	80	E	16.5	37.94046	-122.324391
233806	21738780	2023-06-30T16:05:00	242	S	0.2	37.956956	-122.053305
233815	21738796	2023-06-30T16:12:00	680	S	34.564	37.763758	-121.967986
233827	21738814	2023-06-30T16:18:00	242	S	0.2	37.956956	-122.053305
233852	21738842	2023-06-30T16:25:00	680	S	31.831	37.728617	-121.944331
233858	21738850	2023-06-30T16:32:00	4	W	20.036	38.019101	-121.937152
233866	21738861	2023-06-30T16:31:00	680	N	41.97	37.854862	-122.029221
233920	21738935	2023-06-30T17:09:00	580	E	64.3	37.901366	-122.315167
233921	21738936	2023-06-30T17:08:00	4	W	13.968	38.003865	-122.042102
233922	21738937	2023-06-30T17:06:00	4	W	13.968	38.003865	-122.042102
233923	21738938	2023-06-30T17:05:00	580	E	69.0	37.928635	-122.385096
233952	21738976	2023-06-30T17:21:00	4	E	14.23	38.004458	-122.038839
234080	21739141	2023-06-30T18:23:00	680	S	34.564	37.763758	-121.967986
234148	21739227	2023-06-30T19:01:00	24	W	8.9	37.891793	-122.151758
234162	21739247	2023-06-30T19:06:00	242	S	0.2	37.956956	-122.053305
234416	21739652	2023-06-30T23:55:00	4	E	18.134	38.023689	-121.972104
234559	21739884	2023-07-01T05:30:00	4	W	18.744	38.022038	-121.960192
234984	21740523	2023-07-01T12:47:00	80	W	15.6	37.927978	-122.32287
234996	21740539	2023-07-01T13:08:00	24	E	12.8	37.897394	-122.081878
235028	21740599	2023-07-01T13:32:00	4	W	13.715	38.002816	-122.046293
235256	21740945	2023-07-01T16:25:00	680	N	55.442	38.021623	-122.102612
235307	21741025	2023-07-01T17:00:00	680	N	58.663	38.059332	-122.130402
235321	21741043	2023-07-01T17:09:00	4	W	10.836	37.990762	-122.096283
235381	21741152	2023-07-01T18:12:00	24	E	10.4	37.892862	-122.125001
235404	21741193	2023-07-01T18:27:00	24	E	12.8	37.897394	-122.081878
235415	21741208	2023-07-01T18:41:00	24	W	7.1	37.88436	-122.179679
235445	21741260	2023-07-01T19:13:00	4	W	20.036	38.019101	-121.937152
235451	21741272	2023-07-01T19:26:00	4	E	14.23	38.004458	-122.038839
235657	21741653	2023-07-01T23:38:00	680	N	47.56	37.922044	-122.061426
235663	21741663	2023-07-01T23:42:00	4	W	23.37	38.013977	-121.876289
235669	21741673	2023-07-01T23:55:00	4	W	12.337	37.994782	-122.069526
235672	21741680	2023-07-02T00:05:00	580	W	65.8	37.919271	-122.331368
235694	21741718	2023-07-02T00:38:00	4	E	18.134	38.023689	-121.972104
235711	21741750	2023-07-02T01:21:00	80	E	16.5	37.94046	-122.324391
235716	21741758	2023-07-02T01:28:00	160	N	0.0	37.99523	-121.755948
235724	21741774	2023-07-02T01:40:00	80	E	18.4	37.96469	-122.324915
235733	21741786	2023-07-02T01:53:00	242	S	2.7	37.992591	-122.039625
235862	21741969	2023-07-02T06:12:00	4	W	22.348	38.018567	-121.895066
235991	21742170	2023-07-02T09:21:00	680	N	55.442	38.021623	-122.102612
236001	21742185	2023-07-02T09:30:00	80	W	28.5	38.075175	-122.23131
236015	21742207	2023-07-02T09:43:00	680	N	40.268	37.836433	-122.011453
236019	21742212	2023-07-02T09:52:00	680	N	29.207	37.69603	-121.920605
236025	21742220	2023-07-02T09:57:00	4	W	13.968	38.003865	-122.042102
236026	21742222	2023-07-02T09:58:00	4	W	13.968	38.003865	-122.042102
236035	21742239	2023-07-02T10:02:00	680	N	31.669	37.726728	-121.942548
236074	21742300	2023-07-02T10:50:00	4	E	18.134	38.023689	-121.972104
236080	21742315	2023-07-02T10:59:00	580	E	63.4	37.8916	-122.308817
236090	21742336	2023-07-02T11:04:00	4	E	29.671	37.992016	-121.766556
236128	21742388	2023-07-02T11:44:00	580	W	70.0	37.932486	-122.403542
236133	21742394	2023-07-02T11:43:00	242	N	3.2	38.000481	-122.037725
236188	21742469	2023-07-02T12:26:00	580	E	69.0	37.928635	-122.385096
236238	21742553	2023-07-02T13:23:00	4	E	26.414	38.000165	-121.824832
236352	21742729	2023-07-02T14:52:00	4	W	1.147	38.014414	-122.25234
236366	21742755	2023-07-02T15:05:00	4	E	18.134	38.023689	-121.972104
236566	21743074	2023-07-02T18:00:00	680	S	34.564	37.763758	-121.967986
236576	21743089	2023-07-02T18:08:00	24	E	4.5	37.858422	-122.211892
236587	21743103	2023-07-02T18:15:00	680	N	56.193	38.026944	-122.114167
236590	21743110	2023-07-02T18:23:00	80	E	15.7	37.930097	-122.324016
236610	21743150	2023-07-02T18:45:00	4	W	37.673	37.895744	-121.712465
236807	21743523	2023-07-02T23:03:00	4	W	5.636	38.013022	-122.17456
236837	21743570	2023-07-02T23:42:00	4	E	30.572	37.98771	-121.750948
236946	21743765	2023-07-03T04:43:00	242	N	2.1	37.98392	-122.041279
236956	21743784	2023-07-03T05:29:00	4	W	20.036	38.019101	-121.937152
237098	21743984	2023-07-03T08:01:00	580	W	70.0	37.932486	-122.403542
237106	21743992	2023-07-03T08:09:00	680	N	39.258	37.827317	-121.997036
237107	21743993	2023-07-03T08:07:00	680	N	39.258	37.827317	-121.997036
237108	21743994	2023-07-03T08:03:00	160	N	0.7	38.015675	-121.751469
237161	21744063	2023-07-03T08:56:00	4	W	16.263	38.013095	-122.001843
237193	21744120	2023-07-03T09:28:00	4	W	35.569	37.920423	-121.732178
237274	21744234	2023-07-03T10:43:00	580	W	74.2	37.942881	-122.478942
237302	21744281	2023-07-03T11:13:00	4	W	20.036	38.019101	-121.937152
237303	21744282	2023-07-03T11:11:00	4	W	20.036	38.019101	-121.937152
237318	21744311	2023-07-03T11:30:00	242	S	0.2	37.956956	-122.053305
237319	21744312	2023-07-03T11:29:00	580	E	68.2	37.927037	-122.370418
237322	21744317	2023-07-03T11:34:00	680	N	56.878	38.035719	-122.116976
237335	21744339	2023-07-03T11:47:00	80	E	13.3	37.898081	-122.309198
237377	21744412	2023-07-03T12:23:00	4	W	16.962	38.017386	-121.990427
237390	21744432	2023-07-03T12:40:00	4	W	28.794	37.995591	-121.780403
237407	21744451	2023-07-03T12:51:00	680	N	46.181	37.903398	-122.069808
237408	21744452	2023-07-03T12:47:00	680	N	46.181	37.903398	-122.069808
237430	21744482	2023-07-03T13:04:00	4	E	30.995	37.982313	-121.746896
237510	21744598	2023-07-03T14:13:00	80	E	25.8	38.042706	-122.24148
237511	21744599	2023-07-03T14:12:00	80	E	25.8	38.042706	-122.24148
237520	21744608	2023-07-03T14:14:00	580	E	64.3	37.901366	-122.315167
237541	21744636	2023-07-03T14:33:00	680	N	49.937	37.95548	-122.053382
237543	21744639	2023-07-03T14:29:00	680	N	49.937	37.95548	-122.053382
237556	21744656	2023-07-03T14:42:00	680	N	39.773	37.831749	-122.00388
237557	21744657	2023-07-03T14:39:00	580	W	68.5	37.927221	-122.376953
237601	21744715	2023-07-03T15:05:00	4	W	35.569	37.920423	-121.732178
237611	21744725	2023-07-03T15:09:00	680	N	55.442	38.021623	-122.102612
237636	21744755	2023-07-03T15:28:00	4	W	27.661	37.998404	-121.801574
237741	21744885	2023-07-03T16:27:00	680	S	29.242	37.696595	-121.921082
237742	21744886	2023-07-03T16:25:00	680	S	29.242	37.696595	-121.921082
237808	21744977	2023-07-03T17:16:00	4	E	13.969	38.003358	-122.042918
237816	21744989	2023-07-03T17:20:00	242	N	3.6	38.008166	-122.030414
238072	21745401	2023-07-03T22:16:00	24	W	5.4	37.868261	-122.200872
238151	21745530	2023-07-04T00:04:00	4	W	24.061	38.011402	-121.864671
238155	21745535	2023-07-04T00:08:00	4	W	20.036	38.019101	-121.937152
238168	21745561	2023-07-04T01:00:00	4	E	4.414	38.012909	-122.195991
238170	21745565	2023-07-04T01:07:00	4	W	2.777	38.009209	-122.223901
238238	21745668	2023-07-04T05:04:00	4	W	18.122	38.023975	-121.971031
238248	21745683	2023-07-04T05:31:00	4	W	18.744	38.022038	-121.960192
238313	21745790	2023-07-04T08:06:00	580	E	66.3	37.921417	-122.338695
238331	21745822	2023-07-04T08:35:00	4	W	23.37	38.013977	-121.876289
238355	21745853	2023-07-04T08:59:00	4	W	18.391	38.023255	-121.966585
238414	21745951	2023-07-04T10:39:00	4	W	14.179	38.004968	-122.038364
238428	21745981	2023-07-04T11:07:00	4	W	19.521	38.019089	-121.946589
238516	21746139	2023-07-04T12:59:00	24	W	5.7	37.868105	-122.195924
238548	21746194	2023-07-04T13:45:00	4	W	25.717	38.003464	-121.835484
238604	21746277	2023-07-04T14:39:00	242	S	2.9	37.994816	-122.039153
238629	21746313	2023-07-04T15:02:00	680	S	51.885	37.980061	-122.065556
238646	21746336	2023-07-04T15:17:00	4	E	25.929	38.002351	-121.832686
238781	21746552	2023-07-04T17:56:00	80	E	27.1	38.055517	-122.224689
238821	21746617	2023-07-04T18:39:00	4	W	18.744	38.022038	-121.960192
238871	21746701	2023-07-04T19:33:00	4	W	15.413	38.010708	-122.017546
239107	21747186	2023-07-04T23:53:00	80	E	18.4	37.96469	-122.324915
239131	21747227	2023-07-05T00:20:00	80	W	12.1	37.881911	-122.308246
239133	21747234	2023-07-05T00:23:00	4	E	25.929	38.002351	-121.832686
239147	21747271	2023-07-05T01:02:00	4	W	16.962	38.017386	-121.990427
239162	21747299	2023-07-05T01:32:00	4	W	10.836	37.990762	-122.096283
239219	21747387	2023-07-05T04:23:00	80	E	12.1	37.881746	-122.307966
239221	21747391	2023-07-05T04:44:00	80	E	18.9	37.969909	-122.320442
239225	21747396	2023-07-05T04:52:00	4	E	16.282	38.012596	-122.002277
239231	21747408	2023-07-05T05:09:00	4	W	32.215	37.966301	-121.739069
239357	21747606	2023-07-05T07:28:00	80	E	28.1	38.069722	-122.226905
239386	21747644	2023-07-05T07:51:00	4	W	20.036	38.019101	-121.937152
239387	21747645	2023-07-05T07:49:00	4	W	20.036	38.019101	-121.937152
239405	21747667	2023-07-05T08:07:00	80	W	11.3	37.869523	-122.304749
239429	21747710	2023-07-05T08:26:00	680	S	47.508	37.920636	-122.062281
239435	21747721	2023-07-05T08:37:00	80	E	28.1	38.069178	-122.226636
239445	21747739	2023-07-05T08:45:00	580	E	67.2	37.921658	-122.353789
239453	21747748	2023-07-05T08:46:00	242	S	0.2	37.956956	-122.053305
239459	21747756	2023-07-05T08:54:00	4	E	30.995	37.982313	-121.746896
239468	21747772	2023-07-05T09:04:00	680	N	49.189	37.945354	-122.058003
239475	21747783	2023-07-05T09:09:00	242	S	2.7	37.992591	-122.039625
239495	21747811	2023-07-05T09:28:00	4	E	9.745	37.996373	-122.115867
239496	21747812	2023-07-05T09:27:00	4	E	9.745	37.996373	-122.115867
239502	21747822	2023-07-05T09:31:00	4	W	14.179	38.004968	-122.038364
239516	21747838	2023-07-05T09:39:00	680	N	42.444	37.861176	-122.032978
239548	21747883	2023-07-05T10:06:00	4	W	28.469	37.996589	-121.786913
239565	21747906	2023-07-05T10:23:00	680	N	52.53	37.990271	-122.06743
239580	21747926	2023-07-05T10:34:00	4	W	26.728	37.998674	-121.817967
239616	21747976	2023-07-05T11:13:00	4	W	18.122	38.023975	-121.971031
239642	21748011	2023-07-05T11:28:00	80	E	28.1	38.069722	-122.226905
239652	21748027	2023-07-05T11:40:00	680	S	56.25	38.026503	-122.114739
239688	21748082	2023-07-05T12:14:00	4	E	18.812	38.021811	-121.960767
239706	21748109	2023-07-05T12:30:00	4	W	26.728	37.998674	-121.817967
239727	21748144	2023-07-05T12:47:00	4	W	32.608	37.96144	-121.742824
239869	21748366	2023-07-05T14:36:00	580	W	64.8	37.908665	-122.320973
239885	21748386	2023-07-05T14:47:00	580	E	64.3	37.901366	-122.315167
239900	21748408	2023-07-05T14:55:00	580	W	74.1	37.942605	-122.477717
239959	21748496	2023-07-05T15:33:00	4	E	25.929	38.002351	-121.832686
240027	21748594	2023-07-05T16:16:00	680	S	46.565	37.908558	-122.068713
240043	21748616	2023-07-05T16:25:00	80	E	17.4	37.952867	-122.327994
240051	21748625	2023-07-05T16:33:00	680	S	53.355	37.999523	-122.076105
240053	21748627	2023-07-05T16:30:00	680	S	53.355	37.999523	-122.076105
240060	21748635	2023-07-05T16:36:00	680	S	35.873	37.780831	-121.97722
240069	21748648	2023-07-05T16:39:00	580	W	72.5	37.935538	-122.450051
240070	21748649	2023-07-05T16:38:00	80	E	16.5	37.94046	-122.324391
240120	21748716	2023-07-05T17:12:00	4	W	4.968	38.016331	-122.186186
240332	21749002	2023-07-05T19:31:00	80	W	19.8	37.983048	-122.316402
240357	21749045	2023-07-05T20:01:00	680	N	58.663	38.059332	-122.130402
240366	21749055	2023-07-05T20:05:00	680	N	58.663	38.059332	-122.130402
240367	21749056	2023-07-05T20:03:00	680	N	58.867	38.062222	-122.131343
240378	21749077	2023-07-05T20:20:00	80	W	14.6	37.914584	-122.317505
240379	21749078	2023-07-05T20:18:00	80	W	12.1	37.881911	-122.308246
240385	21749089	2023-07-05T20:29:00	24	W	5.4	37.868261	-122.200872
240412	21749134	2023-07-05T21:08:00	4	E	8.677	37.989925	-122.133315
240469	21749237	2023-07-05T22:36:00	4	W	20.036	38.019101	-121.937152
240481	21749254	2023-07-05T22:55:00	24	W	8.9	37.891793	-122.151758
240532	21749340	2023-07-06T01:08:00	242	S	2.0	37.983275	-122.041624
240600	21749453	2023-07-06T05:10:00	4	E	33.593	37.947685	-121.743882
240725	21749674	2023-07-06T07:47:00	680	N	45.856	37.898794	-122.070698
240726	21749675	2023-07-06T07:45:00	680	N	45.856	37.898794	-122.070698
240806	21749790	2023-07-06T08:45:00	4	W	24.061	38.011402	-121.864671
240807	21749791	2023-07-06T08:43:00	4	W	24.061	38.011402	-121.864671
240956	21750038	2023-07-06T11:21:00	80	W	12.2	37.883528	-122.308627
240964	21750050	2023-07-06T11:25:00	680	S	46.565	37.908558	-122.068713
240973	21750066	2023-07-06T11:36:00	680	S	47.508	37.920636	-122.062281
240981	21750076	2023-07-06T11:39:00	680	N	47.56	37.922044	-122.061426
241007	21750113	2023-07-06T12:06:00	4	W	2.777	38.009209	-122.223901
241083	21750226	2023-07-06T13:07:00	80	E	16.5	37.94046	-122.324391
241085	21750228	2023-07-06T13:04:00	80	E	16.5	37.94046	-122.324391
241093	21750238	2023-07-06T13:12:00	80	E	16.5	37.939611	-122.324825
241104	21750250	2023-07-06T13:16:00	4	W	33.01	37.95542	-121.74441
241164	21750334	2023-07-06T14:02:00	680	S	38.395	37.81494	-121.993459
241192	21750376	2023-07-06T14:23:00	4	W	25.717	38.003464	-121.835484
241193	21750377	2023-07-06T14:21:00	4	W	25.717	38.003464	-121.835484
241195	21750379	2023-07-06T14:19:00	242	N	2.8	37.993791	-122.039167
241252	21750466	2023-07-06T15:03:00	680	N	47.991	37.928339	-122.060247
241319	21750548	2023-07-06T15:36:00	680	N	44.388	37.884064	-122.05333
241320	21750549	2023-07-06T15:34:00	680	S	35.873	37.780831	-121.97722
241340	21750577	2023-07-06T15:46:00	24	W	7.1	37.88436	-122.179679
241362	21750603	2023-07-06T15:56:00	80	W	16.5	37.940155	-122.324756
241363	21750604	2023-07-06T15:54:00	80	W	16.5	37.940155	-122.324756
241388	21750634	2023-07-06T16:08:00	80	W	11.0	37.864609	-122.303227
241389	21750635	2023-07-06T16:06:00	80	E	28.1	38.069178	-122.226636
241394	21750642	2023-07-06T16:16:00	80	E	28.1	38.069176	-122.226638
241397	21750646	2023-07-06T16:14:00	580	W	72.2	37.935097	-122.444517
241403	21750655	2023-07-06T16:20:00	80	E	28.1	38.069081	-122.226588
241406	21750658	2023-07-06T16:21:00	80	E	28.1	38.06908	-122.226588
241408	21750660	2023-07-06T16:13:00	580	W	70.0	37.932486	-122.403542
241432	21750690	2023-07-06T16:30:00	80	W	16.5	37.940155	-122.324756
241438	21750696	2023-07-06T16:36:00	4	W	26.728	37.998674	-121.817967
241439	21750697	2023-07-06T16:34:00	80	W	17.5	37.953792	-122.328714
241470	21750736	2023-07-06T16:47:00	80	W	17.4	37.952263	-122.327903
241492	21750764	2023-07-06T17:00:00	680	N	31.108	37.720114	-121.937379
241556	21750857	2023-07-06T17:37:00	24	W	8.9	37.891793	-122.151758
241635	21750964	2023-07-06T18:28:00	80	E	11.4	37.870249	-122.304706
241688	21751045	2023-07-06T19:15:00	24	E	8.5	37.892591	-122.159524
241695	21751054	2023-07-06T19:20:00	680	S	46.565	37.908558	-122.068713
241705	21751067	2023-07-06T19:32:00	160	N	1.4	38.026074	-121.751504
241713	21751079	2023-07-06T19:34:00	680	N	41.473	37.847983	-122.027629
241760	21751152	2023-07-06T20:29:00	4	W	5.636	38.013022	-122.17456
241872	21751343	2023-07-06T22:51:00	80	W	28.3	38.072115	-122.229026
241881	21751356	2023-07-06T23:04:00	80	E	28.1	38.069722	-122.226905
241895	21751386	2023-07-06T23:30:00	4	W	25.717	38.003464	-121.835484
241915	21751417	2023-07-07T00:05:00	680	S	54.598	38.013232	-122.09078
241922	21751431	2023-07-07T00:22:00	4	E	28.348	37.996773	-121.789698
241941	21751474	2023-07-07T01:55:00	680	S	56.25	38.026503	-122.114739
241952	21751490	2023-07-07T02:18:00	242	N	2.8	37.993791	-122.039167
241960	21751502	2023-07-07T02:53:00	4	E	19.751	38.018741	-121.942884
241974	21751525	2023-07-07T03:53:00	4	W	28.794	37.995591	-121.780403
242208	21751884	2023-07-07T08:53:00	680	S	54.598	38.013232	-122.09078
242259	21751959	2023-07-07T09:29:00	80	E	28.7	38.076638	-122.231967
242272	21751978	2023-07-07T09:46:00	4	W	12.337	37.994782	-122.069526
242276	21751985	2023-07-07T09:52:00	680	S	54.598	38.013232	-122.09078
242277	21751986	2023-07-07T09:50:00	4	W	16.962	38.017386	-121.990427
242391	21752169	2023-07-07T11:35:00	580	W	65.8	37.919271	-122.331368
242397	21752177	2023-07-07T11:41:00	4	W	26.728	37.998674	-121.817967
242493	21752322	2023-07-07T12:54:00	80	W	11.0	37.864609	-122.303227
242503	21752334	2023-07-07T12:59:00	680	S	50.362	37.960855	-122.053254
242532	21752372	2023-07-07T13:17:00	4	E	19.751	38.018741	-121.942884
242588	21752454	2023-07-07T14:05:00	580	E	74.2	37.942595	-122.47827
242627	21752518	2023-07-07T14:38:00	80	E	28.1	38.06908	-122.226588
242665	21752565	2023-07-07T14:56:00	4	E	18.812	38.021811	-121.960767
242707	21752620	2023-07-07T15:17:00	680	N	45.789	37.897483	-122.081196
242750	21752674	2023-07-07T15:33:00	4	E	23.664	38.012821	-121.872431
242764	21752694	2023-07-07T15:48:00	4	E	32.916	37.957212	-121.744885
242766	21752696	2023-07-07T15:45:00	4	E	32.916	37.957212	-121.744885
242882	21752855	2023-07-07T16:54:00	680	S	51.885	37.980061	-122.065556
242891	21752864	2023-07-07T17:04:00	680	N	40.268	37.836433	-122.011453
242906	21752885	2023-07-07T17:14:00	680	N	41.473	37.847983	-122.027629
242907	21752886	2023-07-07T17:09:00	680	N	41.473	37.847983	-122.027629
242933	21752921	2023-07-07T17:27:00	680	N	41.473	37.847983	-122.027629
242956	21752951	2023-07-07T17:35:00	4	W	22.348	38.018567	-121.895066
242974	21752973	2023-07-07T17:45:00	242	N	0.8	37.96661	-122.048744
242975	21752974	2023-07-07T17:42:00	242	N	0.8	37.96661	-122.048744
242986	21752986	2023-07-07T17:51:00	80	E	20.6	37.99184	-122.307909
242987	21752987	2023-07-07T17:16:00	680	S	43.713	37.875686	-122.0459
243007	21753013	2023-07-07T18:03:00	242	N	0.8	37.96661	-122.048744
243008	21753015	2023-07-07T17:59:00	680	N	40.268	37.836433	-122.011453
243030	21753044	2023-07-07T18:15:00	680	N	57.877	38.048506	-122.12613
243064	21753097	2023-07-07T18:37:00	580	W	70.0	37.932466	-122.403334
243097	21753160	2023-07-07T19:13:00	4	E	4.414	38.012909	-122.195991
243110	21753181	2023-07-07T19:23:00	4	W	20.036	38.019101	-121.937152
243116	21753188	2023-07-07T19:30:00	4	W	15.413	38.010708	-122.017546
243161	21753257	2023-07-07T20:13:00	80	E	12.1	37.881746	-122.307966
243192	21753312	2023-07-07T20:51:00	580	E	74.2	37.942474	-122.477612
243202	21753327	2023-07-07T20:58:00	4	E	34.878	37.930248	-121.735606
243209	21753345	2023-07-07T21:19:00	80	E	21.5	37.99478	-122.291239
243212	21753352	2023-07-07T21:22:00	4	E	19.751	38.018741	-121.942884
243223	21753373	2023-07-07T21:38:00	4	W	22.348	38.018567	-121.895066
243248	21753417	2023-07-07T22:04:00	4	W	25.717	38.003464	-121.835484
243329	21753560	2023-07-08T00:52:00	4	E	19.485	38.018836	-121.948032
243356	21753601	2023-07-08T01:56:00	24	E	4.5	37.858422	-122.211892
243361	21753607	2023-07-08T02:07:00	4	E	25.442	38.004791	-121.841338
243400	21753678	2023-07-08T04:02:00	4	E	32.916	37.957212	-121.744885
243505	21753843	2023-07-08T07:49:00	680	S	31.831	37.728617	-121.944331
243512	21753852	2023-07-08T08:02:00	680	S	46.051	37.900879	-122.070658
243526	21753876	2023-07-08T08:19:00	4	E	16.282	38.012596	-122.002277
243534	21753893	2023-07-08T08:39:00	680	S	49.236	37.945369	-122.058286
243545	21753908	2023-07-08T08:47:00	24	W	5.1	37.86612	-122.206946
243572	21753948	2023-07-08T09:14:00	4	E	19.485	38.018836	-121.948032
243581	21753963	2023-07-08T09:29:00	24	E	2.7	37.849799	-122.238351
243592	21753978	2023-07-08T09:41:00	24	E	2.9	37.848602	-122.235179
243606	21753998	2023-07-08T09:49:00	4	W	31.03	37.982452	-121.746491
243749	21754202	2023-07-08T12:04:00	4	W	23.37	38.013977	-121.876289
243829	21754320	2023-07-08T13:12:00	80	E	12.3	37.884747	-122.308659
243858	21754361	2023-07-08T13:35:00	4	E	19.751	38.018741	-121.942884
243877	21754387	2023-07-08T13:44:00	4	E	35.292	37.924116	-121.732809
243882	21754394	2023-07-08T13:49:00	4	W	26.728	37.998674	-121.817967
244001	21754570	2023-07-08T15:28:00	24	E	9.0	37.891181	-122.150167
244002	21754571	2023-07-08T15:30:00	24	E	9.0	37.891181	-122.150167
244044	21754628	2023-07-08T16:03:00	580	E	72.3	37.935051	-122.444617
244105	21754717	2023-07-08T16:50:00	80	W	12.1	37.881911	-122.308246
244108	21754724	2023-07-08T16:57:00	80	W	12.1	37.881911	-122.308246
244109	21754725	2023-07-08T16:54:00	24	W	8.1	37.892846	-122.166865
244139	21754773	2023-07-08T17:23:00	680	N	56.004	38.025492	-122.111604
244150	21754790	2023-07-08T17:32:00	4	W	16.962	38.017386	-121.990427
244237	21754916	2023-07-08T18:51:00	680	S	52.9	37.994341	-122.070209
244260	21754955	2023-07-08T19:15:00	4	W	23.37	38.013977	-121.876289
244261	21754957	2023-07-08T19:17:00	4	W	23.37	38.013977	-121.876289
244365	21755127	2023-07-08T21:05:00	4	E	33.593	37.947685	-121.743882
244448	21755261	2023-07-08T23:10:00	4	W	33.01	37.95542	-121.74441
244547	21755429	2023-07-09T02:39:00	4	E	13.721	38.00229	-122.047248
244639	21755592	2023-07-09T06:40:00	4	W	18.744	38.022038	-121.960192
244646	21755602	2023-07-09T06:49:00	80	W	23.7	38.018484	-122.266235
244661	21755624	2023-07-09T07:14:00	4	E	0.04	38.01571	-122.271746
244735	21755730	2023-07-09T09:24:00	4	W	33.01	37.95542	-121.74441
244813	21755847	2023-07-09T10:57:00	680	N	51.842	37.980369	-122.065426
244814	21755848	2023-07-09T10:56:00	4	W	31.46	37.976136	-121.741915
244858	21755913	2023-07-09T11:46:00	80	E	23.1	38.011875	-122.272168
244863	21755921	2023-07-09T11:51:00	4	E	15.58	38.010574	-122.015485
244980	21756088	2023-07-09T13:47:00	80	E	16.5	37.939611	-122.324825
244997	21756112	2023-07-09T14:05:00	80	E	14.1	37.907164	-122.314949
245026	21756171	2023-07-09T14:39:00	242	S	2.7	37.992591	-122.039625
245093	21756279	2023-07-09T15:40:00	80	E	21.0	37.993427	-122.300993
245117	21756311	2023-07-09T15:59:00	4	W	20.036	38.019101	-121.937152
245277	21756562	2023-07-09T18:33:00	24	E	2.1	37.845854	-122.247879
245288	21756577	2023-07-09T18:44:00	24	E	2.7	37.849799	-122.238351
245294	21756585	2023-07-09T18:49:00	242	S	0.2	37.956956	-122.053305
245379	21756725	2023-07-09T20:18:00	4	W	10.836	37.990762	-122.096283
245382	21756729	2023-07-09T20:29:00	4	W	9.626	37.996431	-122.116998
245383	21756730	2023-07-09T20:22:00	4	E	4.414	38.012909	-122.195991
245555	21756996	2023-07-10T01:12:00	4	E	25.929	38.002351	-121.832686
245571	21757019	2023-07-10T01:53:00	680	N	47.56	37.922044	-122.061426
245593	21757053	2023-07-10T02:45:00	4	W	22.348	38.018567	-121.895066
245623	21757098	2023-07-10T04:43:00	580	E	72.3	37.935043	-122.444523
245628	21757107	2023-07-10T05:01:00	4	W	20.036	38.019101	-121.937152
245749	21757300	2023-07-10T07:26:00	680	S	54.598	38.013232	-122.09078
245750	21757301	2023-07-10T07:24:00	680	S	35.873	37.780831	-121.97722
245758	21757313	2023-07-10T07:29:00	4	W	12.118	37.993496	-122.073288
245769	21757332	2023-07-10T07:42:00	24	W	5.7	37.868105	-122.195924
245770	21757333	2023-07-10T07:41:00	24	W	5.7	37.868105	-122.195924
245808	21757386	2023-07-10T08:09:00	80	W	11.3	37.869523	-122.304749
245818	21757398	2023-07-10T08:17:00	680	S	42.419	37.860149	-122.032664
245819	21757399	2023-07-10T08:15:00	680	S	42.419	37.860149	-122.032664
245829	21757412	2023-07-10T08:22:00	680	S	41.498	37.847743	-122.02778
245834	21757419	2023-07-10T08:27:00	4	E	32.346	37.964821	-121.740553
245838	21757426	2023-07-10T08:33:00	80	W	20.0	37.98565	-122.315539
245854	21757445	2023-07-10T08:43:00	80	W	20.0	37.98565	-122.315539
245855	21757446	2023-07-10T08:40:00	680	N	57.877	38.048506	-122.12613
245861	21757454	2023-07-10T08:45:00	4	W	20.036	38.019101	-121.937152
245931	21757545	2023-07-10T09:47:00	80	W	21.3	37.994255	-122.296122
245993	21757625	2023-07-10T10:32:00	680	N	29.816	37.704565	-121.92434
246003	21757636	2023-07-10T10:36:00	4	E	25.442	38.004791	-121.841338
246004	21757637	2023-07-10T10:34:00	4	E	25.442	38.004791	-121.841338
246028	21757666	2023-07-10T10:49:00	680	N	49.937	37.95548	-122.053382
246038	21757679	2023-07-10T10:59:00	4	E	18.812	38.021811	-121.960767
246049	21757695	2023-07-10T11:09:00	680	N	57.877	38.048506	-122.12613
246050	21757696	2023-07-10T11:11:00	680	N	57.877	38.048506	-122.12613
246078	21757733	2023-07-10T11:30:00	4	W	25.717	38.003464	-121.835484
246092	21757757	2023-07-10T11:44:00	242	S	0.2	37.956956	-122.053305
246093	21757758	2023-07-10T11:42:00	242	N	2.0	37.982719	-122.041525
246112	21757790	2023-07-10T12:05:00	680	S	35.269	37.772788	-121.973169
246119	21757798	2023-07-10T12:11:00	242	N	1.9	37.98069	-122.042276
246129	21757817	2023-07-10T12:21:00	680	N	52.53	37.990271	-122.06743
246154	21757852	2023-07-10T12:40:00	242	N	2.1	37.98392	-122.041279
246209	21757932	2023-07-10T13:25:00	242	S	0.2	37.956956	-122.053305
246229	21757965	2023-07-10T13:46:00	242	N	3.6	38.008166	-122.030414
246241	21757981	2023-07-10T13:57:00	580	W	65.8	37.919271	-122.331368
246303	21758050	2023-07-10T14:33:00	24	E	12.8	37.897394	-122.081878
246304	21758051	2023-07-10T14:32:00	24	E	12.8	37.897394	-122.081878
246305	21758052	2023-07-10T14:29:00	580	W	70.0	37.932466	-122.403334
246306	21758053	2023-07-10T14:28:00	4	W	25.717	38.003464	-121.835484
246314	21758062	2023-07-10T14:37:00	680	N	31.108	37.720114	-121.937379
246334	21758086	2023-07-10T14:42:00	680	N	53.878	38.005573	-122.082507
246349	21758105	2023-07-10T14:58:00	24	W	3.2	37.849086	-122.229974
246350	21758106	2023-07-10T14:57:00	24	W	3.2	37.849086	-122.229974
246374	21758139	2023-07-10T15:07:00	80	E	13.8	37.903411	-122.312372
246386	21758153	2023-07-10T15:16:00	24	W	8.9	37.891793	-122.151758
246425	21758203	2023-07-10T15:36:00	4	W	20.036	38.019101	-121.937152
246426	21758204	2023-07-10T15:35:00	80	E	12.1	37.881746	-122.307966
246427	21758205	2023-07-10T15:34:00	4	W	22.348	38.018567	-121.895066
246442	21758224	2023-07-10T15:49:00	4	W	23.665	38.012996	-121.871769
246443	21758225	2023-07-10T15:48:00	4	W	23.665	38.012996	-121.871769
246464	21758255	2023-07-10T15:55:00	680	S	45.796	37.897511	-122.071253
246524	21758327	2023-07-10T16:24:00	680	S	46.913	37.913136	-122.067073
246533	21758340	2023-07-10T16:29:00	4	W	33.615	37.947161	-121.743071
246534	21758341	2023-07-10T16:26:00	580	W	70.0	37.932486	-122.403542
246559	21758373	2023-07-10T16:41:00	680	S	46.913	37.913136	-122.067073
246586	21758406	2023-07-10T17:01:00	242	N	2.8	37.993791	-122.039167
246587	21758407	2023-07-10T16:58:00	242	N	2.8	37.993791	-122.039167
246705	21758559	2023-07-10T18:16:00	680	N	53.878	38.005573	-122.082507
246721	21758582	2023-07-10T18:26:00	580	W	65.8	37.919271	-122.331368
246722	21758583	2023-07-10T18:25:00	4	W	9.11	37.992411	-122.125089
246748	21758627	2023-07-10T18:57:00	680	S	28.6	37.687307	-121.91744
246788	21758691	2023-07-10T19:47:00	4	W	1.895	38.014303	-122.238972
246804	21758714	2023-07-10T19:59:00	80	W	19.3	37.975686	-122.318684
246824	21758749	2023-07-10T20:24:00	4	E	8.677	37.989925	-122.133315
246863	21758820	2023-07-10T21:11:00	80	W	13.8	37.903864	-122.312909
246883	21758850	2023-07-10T21:38:00	80	E	24.0	38.022089	-122.262691
246901	21758874	2023-07-10T21:57:00	4	E	18.134	38.023689	-121.972104
246956	21758968	2023-07-10T23:36:00	80	E	24.0	38.022089	-122.262691
246962	21758977	2023-07-10T23:57:00	4	E	19.751	38.018741	-121.942884
247042	21759100	2023-07-11T05:01:00	80	E	28.3	38.07247	-122.228965
247057	21759126	2023-07-11T05:33:00	4	W	24.061	38.011402	-121.864671
247058	21759127	2023-07-11T05:29:00	4	W	25.717	38.003464	-121.835484
247123	21759239	2023-07-11T06:41:00	680	S	59.612	38.070844	-122.125788
247175	21759327	2023-07-11T07:22:00	80	W	13.8	37.903864	-122.312909
247179	21759333	2023-07-11T07:34:00	24	W	5.0	37.864109	-122.209158
247428	21759675	2023-07-11T11:06:00	680	N	45.688	37.896324	-122.070513
247460	21759713	2023-07-11T11:24:00	680	N	39.258	37.827317	-121.997036
247504	21759775	2023-07-11T11:52:00	24	E	4.9	37.862496	-122.209079
247508	21759782	2023-07-11T12:02:00	680	S	40.301	37.836427	-122.011894
247511	21759785	2023-07-11T11:58:00	4	E	28.348	37.996773	-121.789698
247571	21759879	2023-07-11T12:47:00	4	E	25.442	38.004791	-121.841338
247573	21759881	2023-07-11T12:44:00	80	W	17.9	37.959772	-122.330645
247589	21759901	2023-07-11T13:01:00	80	W	17.4	37.952263	-122.327903
247657	21759987	2023-07-11T13:45:00	4	W	22.348	38.018567	-121.895066
247677	21760015	2023-07-11T14:04:00	80	E	19.6	37.979938	-122.317059
247678	21760016	2023-07-11T14:03:00	80	E	19.6	37.979938	-122.317059
247680	21760018	2023-07-11T14:01:00	680	N	49.937	37.955453	-122.053356
247681	21760019	2023-07-11T14:00:00	680	N	49.937	37.955453	-122.053356
247682	21760020	2023-07-11T13:58:00	580	W	72.2	37.935097	-122.444517
247697	21760040	2023-07-11T14:14:00	242	S	0.2	37.956956	-122.053305
247698	21760041	2023-07-11T14:13:00	242	S	0.2	37.956956	-122.053305
247735	21760089	2023-07-11T14:44:00	80	E	11.7	37.874502	-122.306023
247736	21760090	2023-07-11T14:43:00	80	E	15.9	37.932417	-122.325715
247737	21760091	2023-07-11T14:42:00	80	E	15.9	37.932417	-122.325715
247792	21760167	2023-07-11T15:11:00	680	N	53.878	38.005573	-122.082507
247809	21760189	2023-07-11T15:21:00	24	W	7.6	37.890168	-122.174599
247817	21760203	2023-07-11T15:25:00	680	S	41.829	37.852397	-122.029072
247828	21760221	2023-07-11T15:38:00	24	W	12.4	37.898073	-122.09004
247830	21760223	2023-07-11T15:35:00	24	W	12.4	37.898073	-122.09004
247858	21760260	2023-07-11T15:50:00	24	W	12.9	37.897483	-122.081196
247859	21760261	2023-07-11T15:49:00	24	W	12.9	37.897483	-122.081196
247874	21760283	2023-07-11T16:02:00	24	E	14.0	37.903398	-122.069808
247883	21760295	2023-07-11T16:08:00	4	W	5.636	38.013022	-122.17456
247908	21760331	2023-07-11T16:17:00	80	W	21.3	37.994255	-122.296122
247909	21760332	2023-07-11T16:15:00	4	E	9.745	37.996373	-122.115867
247910	21760333	2023-07-11T16:14:00	4	E	9.745	37.996373	-122.115867
248032	21760497	2023-07-11T17:24:00	24	E	4.5	37.858649	-122.212279
248069	21760553	2023-07-11T17:51:00	680	S	31.172	37.72093	-121.938362
248099	21760596	2023-07-11T18:13:00	680	S	43.021	37.866847	-122.039129
248108	21760608	2023-07-11T18:18:00	242	N	2.0	37.982719	-122.041525
248110	21760610	2023-07-11T18:16:00	242	N	2.0	37.982719	-122.041525
248111	21760611	2023-07-11T18:15:00	242	N	3.2	38.000481	-122.037725
248123	21760629	2023-07-11T18:26:00	4	E	8.677	37.989925	-122.133315
248138	21760652	2023-07-11T18:30:00	4	W	14.717	38.008988	-122.029992
248189	21760717	2023-07-11T19:08:00	4	W	19.521	38.019089	-121.946589
248238	21760791	2023-07-11T19:44:00	80	E	25.8	38.042706	-122.24148
248257	21760820	2023-07-11T19:58:00	4	W	12.337	37.994782	-122.069526
248260	21760824	2023-07-11T20:03:00	4	W	12.337	37.994782	-122.069526
248338	21760949	2023-07-11T21:32:00	80	E	24.0	38.022173	-122.261724
248356	21760976	2023-07-11T21:54:00	4	W	13.968	38.003865	-122.042102
248359	21760979	2023-07-11T21:50:00	4	W	24.061	38.011402	-121.864671
248381	21761009	2023-07-11T22:22:00	80	E	12.1	37.881746	-122.307966
248397	21761035	2023-07-11T22:45:00	242	S	0.2	37.956956	-122.053305
248429	21761084	2023-07-11T23:45:00	4	W	9.11	37.992411	-122.125089
248654	21761444	2023-07-12T07:33:00	4	E	16.282	38.012596	-122.002277
248894	21761751	2023-07-12T10:19:00	24	W	11.1	37.895372	-122.113724
248895	21761752	2023-07-12T10:17:00	24	W	11.1	37.895372	-122.113724
248964	21761854	2023-07-12T11:13:00	4	E	16.282	38.012596	-122.002277
248971	21761862	2023-07-12T11:17:00	4	E	19.751	38.018741	-121.942884
249132	21762108	2023-07-12T13:26:00	24	W	1.7	37.843503	-122.254967
249178	21762174	2023-07-12T13:58:00	4	W	15.124	38.01007	-122.022004
249336	21762383	2023-07-12T15:33:00	4	W	23.665	38.012996	-121.871769
249342	21762391	2023-07-12T15:37:00	4	W	23.665	38.012996	-121.871769
249351	21762405	2023-07-12T15:42:00	4	E	18.134	38.023689	-121.972104
249497	21762608	2023-07-12T17:13:00	680	S	35.873	37.780831	-121.97722
249513	21762632	2023-07-12T17:21:00	24	E	4.5	37.858644	-122.212162
249691	21762873	2023-07-12T19:16:00	80	E	12.9	37.892361	-122.307306
249701	21762884	2023-07-12T19:22:00	580	E	66.3	37.921417	-122.338695
249705	21762893	2023-07-12T19:24:00	580	E	65.5	37.915427	-122.326949
249727	21762929	2023-07-12T19:51:00	4	W	13.968	38.003865	-122.042102
249791	21763042	2023-07-12T21:14:00	4	E	8.677	37.989925	-122.133315
249821	21763091	2023-07-12T21:57:00	242	S	1.6	37.977448	-122.044261
249938	21763317	2023-07-13T03:54:00	4	W	25.717	38.003464	-121.835484
250050	21763503	2023-07-13T06:56:00	680	S	48.324	37.932715	-122.060323
250100	21763571	2023-07-13T07:28:00	680	S	46.565	37.908558	-122.068713
250122	21763600	2023-07-13T07:44:00	4	E	1.522	38.015081	-122.245177
250177	21763666	2023-07-13T08:23:00	680	N	28.923	37.692748	-121.91932
250215	21763719	2023-07-13T08:51:00	680	S	47.508	37.920636	-122.062281
250257	21763779	2023-07-13T09:21:00	4	E	14.23	38.004458	-122.038839
250258	21763780	2023-07-13T09:17:00	4	E	14.23	38.004458	-122.038839
250267	21763796	2023-07-13T09:31:00	680	S	50.502	37.962947	-122.054342
250273	21763805	2023-07-13T09:39:00	80	W	13.8	37.903864	-122.312909
250280	21763816	2023-07-13T09:46:00	242	S	0.2	37.956956	-122.053305
250282	21763818	2023-07-13T09:43:00	242	S	0.2	37.956956	-122.053305
250325	21763874	2023-07-13T10:05:00	80	E	12.1	37.881746	-122.307966
250329	21763880	2023-07-13T10:11:00	680	S	49.822	37.953265	-122.05476
250330	21763881	2023-07-13T10:09:00	680	S	49.822	37.953265	-122.05476
250397	21763977	2023-07-13T11:06:00	4	W	25.717	38.003464	-121.835484
250398	21763978	2023-07-13T11:04:00	4	W	25.717	38.003464	-121.835484
250599	21764251	2023-07-13T13:20:00	80	W	26.7	38.051564	-122.229486
250636	21764297	2023-07-13T13:47:00	680	N	45.856	37.898794	-122.070698
250637	21764298	2023-07-13T13:45:00	680	N	45.856	37.898794	-122.070698
250645	21764313	2023-07-13T13:49:00	24	W	11.1	37.895372	-122.113724
250663	21764339	2023-07-13T14:09:00	4	E	22.429	38.017951	-121.894061
250664	21764340	2023-07-13T14:08:00	4	E	22.429	38.017951	-121.894061
250702	21764384	2023-07-13T14:27:00	80	W	30.2	38.099052	-122.229872
250704	21764386	2023-07-13T14:29:00	80	W	30.2	38.099052	-122.229872
250793	21764509	2023-07-13T15:18:00	4	W	25.717	38.003464	-121.835484
250840	21764568	2023-07-13T15:49:00	80	E	10.9	37.863935	-122.302816
250842	21764570	2023-07-13T15:45:00	80	E	10.9	37.863935	-122.302816
250921	21764687	2023-07-13T16:36:00	4	E	14.23	38.004458	-122.038839
250932	21764701	2023-07-13T16:39:00	4	E	14.23	38.004458	-122.038839
250938	21764709	2023-07-13T16:47:00	580	E	66.3	37.921417	-122.338695
250948	21764724	2023-07-13T16:49:00	4	W	26.728	37.998674	-121.817967
250974	21764765	2023-07-13T17:06:00	80	E	10.9	37.863935	-122.302816
250979	21764772	2023-07-13T17:10:00	80	E	10.9	37.863935	-122.302816
251035	21764847	2023-07-13T17:42:00	680	N	44.388	37.884064	-122.05333
251038	21764850	2023-07-13T17:35:00	680	N	44.388	37.884064	-122.05333
251049	21764863	2023-07-13T17:46:00	680	S	43.021	37.866847	-122.039129
251068	21764889	2023-07-13T17:57:00	4	E	13.332	38.000576	-122.054088
251080	21764901	2023-07-13T18:01:00	4	E	13.332	38.000576	-122.054088
251081	21764902	2023-07-13T17:59:00	680	S	29.137	37.694397	-121.920222
251087	21764910	2023-07-13T18:04:00	680	N	47.56	37.922044	-122.061426
251088	21764911	2023-07-13T18:03:00	680	N	47.56	37.922044	-122.061426
251116	21764948	2023-07-13T18:19:00	680	S	50.362	37.960855	-122.053254
251175	21765024	2023-07-13T18:58:00	4	E	8.754	37.990206	-122.131661
251177	21765026	2023-07-13T18:56:00	4	W	20.036	38.019101	-121.937152
251204	21765064	2023-07-13T19:17:00	4	W	20.036	38.019101	-121.937152
251214	21765078	2023-07-13T19:21:00	680	N	58.506	38.057187	-122.129504
251227	21765098	2023-07-13T19:28:00	24	E	9.0	37.891181	-122.150167
251245	21765132	2023-07-13T19:51:00	80	W	14.6	37.914584	-122.317505
251250	21765143	2023-07-13T19:55:00	80	W	11.3	37.869523	-122.304749
251261	21765157	2023-07-13T20:08:00	24	W	8.1	37.892846	-122.166865
251263	21765159	2023-07-13T20:04:00	242	N	0.8	37.96661	-122.048744
251339	21765298	2023-07-13T21:41:00	80	E	28.3	38.07247	-122.228965
251358	21765327	2023-07-13T21:58:00	242	N	3.6	38.008166	-122.030414
251360	21765335	2023-07-13T22:06:00	680	S	29.137	37.694397	-121.920222
251367	21765346	2023-07-13T22:09:00	4	E	19.751	38.018741	-121.942884
251505	21765558	2023-07-14T03:25:00	80	W	27.8	38.066045	-122.226689
251506	21765559	2023-07-14T03:28:00	80	W	27.8	38.066044	-122.226691
251525	21765589	2023-07-14T04:21:00	4	W	28.794	37.995591	-121.780403
251729	21765901	2023-07-14T09:01:00	680	N	56.193	38.026944	-122.114167
251736	21765911	2023-07-14T09:06:00	80	W	29.2	38.084818	-122.233867
251739	21765914	2023-07-14T09:07:00	80	W	29.2	38.084818	-122.233867
251740	21765916	2023-07-14T09:04:00	580	E	66.3	37.921417	-122.338695
251780	21765980	2023-07-14T09:43:00	4	W	12.337	37.994782	-122.069526
251829	21766047	2023-07-14T10:33:00	680	N	34.298	37.760375	-121.965448
251831	21766049	2023-07-14T10:31:00	680	N	55.442	38.021623	-122.102612
251832	21766050	2023-07-14T10:30:00	680	N	34.298	37.760375	-121.965448
251848	21766075	2023-07-14T10:44:00	580	W	72.2	37.935097	-122.444517
251865	21766096	2023-07-14T10:57:00	580	W	69.1	37.929643	-122.387723
251882	21766120	2023-07-14T11:04:00	4	W	18.122	38.023975	-121.971031
251914	21766165	2023-07-14T11:24:00	680	S	48.324	37.932715	-122.060323
251962	21766234	2023-07-14T12:06:00	4	E	19.751	38.018741	-121.942884
252055	21766357	2023-07-14T13:08:00	24	E	9.0	37.891181	-122.150167
252130	21766481	2023-07-14T14:10:00	580	W	66.8	37.921914	-122.348848
252140	21766495	2023-07-14T14:14:00	680	S	34.564	37.763758	-121.967986
252187	21766551	2023-07-14T14:42:00	680	N	50.975	37.969452	-122.058735
252188	21766552	2023-07-14T14:41:00	680	S	34.262	37.759658	-121.965319
252189	21766553	2023-07-14T14:39:00	680	S	34.262	37.759658	-121.965319
252190	21766554	2023-07-14T14:37:00	680	N	50.975	37.969452	-122.058735
252199	21766564	2023-07-14T14:46:00	680	N	46.866	37.912775	-122.06692
252200	21766565	2023-07-14T14:43:00	680	N	46.866	37.912775	-122.06692
252238	21766619	2023-07-14T15:03:00	4	E	9.745	37.996373	-122.115867
252326	21766737	2023-07-14T15:51:00	680	N	45.789	37.897483	-122.081196
252327	21766739	2023-07-14T15:53:00	680	N	45.789	37.897229	-122.080315
252419	21766862	2023-07-14T16:44:00	4	E	3.537	38.007701	-122.21057
252421	21766864	2023-07-14T16:40:00	24	E	4.4	37.857645	-122.213246
252456	21766908	2023-07-14T16:54:00	4	E	19.751	38.018741	-121.942884
252513	21766989	2023-07-14T17:33:00	80	W	11.3	37.869523	-122.304749
252514	21766990	2023-07-14T17:32:00	24	W	8.9	37.891793	-122.151758
252529	21767009	2023-07-14T17:35:00	24	W	8.9	37.891793	-122.151758
252569	21767059	2023-07-14T17:56:00	24	E	12.8	37.897394	-122.081878
252583	21767078	2023-07-14T18:07:00	680	N	45.856	37.898794	-122.070698
252584	21767079	2023-07-14T18:03:00	680	S	46.051	37.900879	-122.070658
252611	21767112	2023-07-14T18:19:00	580	E	70.1	37.932083	-122.40375
252626	21767134	2023-07-14T18:29:00	24	E	4.5	37.858422	-122.211892
252640	21767160	2023-07-14T18:39:00	4	W	31.46	37.976136	-121.741915
252681	21767224	2023-07-14T19:19:00	4	E	8.677	37.989925	-122.133315
252703	21767272	2023-07-14T19:39:00	4	E	22.429	38.017951	-121.894061
252710	21767279	2023-07-14T19:45:00	4	E	18.812	38.021811	-121.960767
252711	21767280	2023-07-14T19:42:00	80	W	17.4	37.952263	-122.327903
252725	21767298	2023-07-14T19:52:00	4	E	12.146	37.993242	-122.073397
252735	21767316	2023-07-14T20:07:00	24	W	7.1	37.88436	-122.179679
252741	21767331	2023-07-14T20:18:00	80	W	27.2	38.056308	-122.225996
252742	21767332	2023-07-14T20:17:00	4	E	19.751	38.018741	-121.942884
252806	21767434	2023-07-14T21:16:00	580	E	66.3	37.921417	-122.338695
252818	21767450	2023-07-14T21:25:00	680	N	38.382	37.815103	-121.993179
252843	21767503	2023-07-14T21:55:00	80	W	12.3	37.885139	-122.309
252844	21767504	2023-07-14T21:53:00	680	S	57.113	38.037825	-122.120884
252852	21767519	2023-07-14T22:09:00	4	E	19.485	38.018836	-121.948032
252971	21767726	2023-07-15T01:12:00	4	E	20.28	38.018755	-121.933155
253007	21767783	2023-07-15T02:25:00	4	W	24.061	38.011402	-121.864671
253357	21768309	2023-07-15T10:50:00	80	E	19.6	37.979938	-122.317059
253375	21768333	2023-07-15T11:04:00	580	W	63.1	37.884747	-122.308659
253383	21768350	2023-07-15T11:14:00	4	W	15.194	38.01011	-122.021262
253571	21768618	2023-07-15T13:28:00	580	E	74.3	37.942764	-122.478971
253574	21768626	2023-07-15T13:36:00	24	W	8.9	37.891793	-122.151758
253843	21769029	2023-07-15T16:36:00	242	S	1.6	37.977448	-122.044261
253882	21769095	2023-07-15T17:05:00	242	N	0.8	37.96661	-122.048744
254064	21769399	2023-07-15T20:12:00	580	E	66.3	37.921417	-122.338695
254098	21769446	2023-07-15T20:45:00	80	E	24.0	38.022089	-122.262691
254106	21769456	2023-07-15T20:54:00	4	W	24.061	38.011402	-121.864671
254110	21769462	2023-07-15T21:01:00	4	W	19.521	38.019089	-121.946589
254124	21769488	2023-07-15T21:22:00	80	E	26.7	38.051224	-122.229366
254137	21769516	2023-07-15T21:33:00	4	W	30.427	37.988982	-121.752267
254160	21769559	2023-07-15T22:06:00	4	E	10.42	37.993192	-122.104465
254161	21769560	2023-07-15T22:04:00	242	S	2.7	37.992591	-122.039625
254435	21770006	2023-07-16T05:49:00	4	E	0.04	38.01571	-122.271746
254496	21770101	2023-07-16T07:27:00	4	W	2.777	38.009209	-122.223901
254503	21770116	2023-07-16T07:48:00	4	E	12.562	37.995586	-122.066559
254504	21770117	2023-07-16T07:44:00	680	N	28.436	37.685932	-121.916638
254576	21770237	2023-07-16T09:29:00	4	W	12.337	37.994782	-122.069526
254675	21770387	2023-07-16T11:11:00	242	N	2.1	37.98392	-122.041279
254721	21770472	2023-07-16T12:06:00	4	E	20.104	38.018752	-121.937094
254722	21770473	2023-07-16T12:02:00	680	S	35.269	37.772788	-121.973169
254730	21770483	2023-07-16T12:08:00	680	N	49.937	37.95548	-122.053382
254756	21770520	2023-07-16T12:35:00	242	N	2.1	37.98392	-122.041279
254772	21770547	2023-07-16T12:53:00	80	W	21.3	37.994255	-122.296122
254782	21770558	2023-07-16T12:56:00	80	W	20.0	37.985964	-122.316741
254795	21770574	2023-07-16T13:04:00	4	E	13.721	38.00229	-122.047248
254844	21770644	2023-07-16T13:51:00	680	N	42.444	37.861176	-122.032978
254847	21770650	2023-07-16T13:57:00	580	W	67.1	37.921855	-122.354109
254857	21770664	2023-07-16T14:05:00	680	N	57.877	38.048506	-122.12613
254871	21770685	2023-07-16T14:12:00	680	N	57.877	38.048745	-122.126295
254885	21770701	2023-07-16T14:24:00	24	W	8.1	37.892846	-122.166865
254926	21770755	2023-07-16T14:51:00	24	W	7.1	37.88436	-122.179679
254997	21770870	2023-07-16T15:50:00	580	E	65.1	37.9114	-122.323427
255050	21770938	2023-07-16T16:31:00	24	E	13.0	37.89613	-122.077913
255062	21770953	2023-07-16T16:42:00	4	E	18.134	38.023689	-121.972104
255100	21771015	2023-07-16T17:16:00	24	E	2.9	37.848602	-122.235179
255142	21771084	2023-07-16T17:54:00	242	N	1.9	37.98069	-122.042276
255178	21771151	2023-07-16T18:38:00	4	E	22.429	38.017951	-121.894061
255182	21771155	2023-07-16T18:43:00	4	E	19.751	38.018741	-121.942884
255183	21771157	2023-07-16T18:44:00	4	E	19.751	38.018741	-121.942884
255184	21771158	2023-07-16T18:40:00	4	E	19.751	38.018741	-121.942884
255196	21771174	2023-07-16T18:52:00	4	W	25.717	38.003464	-121.835484
255252	21771264	2023-07-16T19:45:00	4	W	13.968	38.003865	-122.042102
255282	21771319	2023-07-16T20:27:00	80	W	22.2	38.00178	-122.281783
255326	21771394	2023-07-16T21:12:00	4	E	16.282	38.012596	-122.002277
255329	21771399	2023-07-16T21:20:00	580	E	72.3	37.935043	-122.444523
255343	21771417	2023-07-16T21:31:00	24	E	4.5	37.858422	-122.211892
255345	21771422	2023-07-16T21:38:00	80	E	24.0	38.022089	-122.262691
255358	21771447	2023-07-16T21:49:00	4	E	4.414	38.012909	-122.195991
255385	21771500	2023-07-16T22:26:00	4	W	2.777	38.009209	-122.223901
255451	21771612	2023-07-17T00:28:00	242	S	0.8	37.966634	-122.048958
255615	21771876	2023-07-17T06:47:00	4	W	28.794	37.995591	-121.780403
255670	21771952	2023-07-17T07:29:00	680	S	46.565	37.908558	-122.068713
255671	21771954	2023-07-17T07:26:00	680	S	46.565	37.908558	-122.068713
255700	21771994	2023-07-17T07:53:00	4	W	26.28	38.000883	-121.826152
255706	21772003	2023-07-17T08:02:00	4	W	10.836	37.990762	-122.096283
255793	21772121	2023-07-17T09:12:00	680	N	57.433	38.042911	-122.121842
255797	21772127	2023-07-17T09:14:00	80	E	21.5	37.99478	-122.291239
255848	21772200	2023-07-17T10:00:00	4	W	15.413	38.010708	-122.017546
255850	21772202	2023-07-17T09:58:00	4	W	15.413	38.010708	-122.017546
255883	21772250	2023-07-17T10:31:00	680	N	39.258	37.827317	-121.997036
255890	21772259	2023-07-17T10:35:00	680	S	42.011	37.855088	-122.0296
255900	21772276	2023-07-17T10:44:00	580	E	64.0	37.897115	-122.311689
255908	21772285	2023-07-17T10:50:00	4	W	33.01	37.95542	-121.74441
255938	21772331	2023-07-17T11:16:00	4	W	18.744	38.022038	-121.960192
255939	21772333	2023-07-17T11:11:00	4	W	18.744	38.022038	-121.960192
255960	21772356	2023-07-17T11:25:00	242	N	1.9	37.98069	-122.042276
256122	21772570	2023-07-17T13:31:00	160	S	2.0	38.035711	-121.754282
256181	21772651	2023-07-17T14:08:00	24	E	12.8	37.897394	-122.081878
256191	21772661	2023-07-17T14:13:00	24	E	5.1	37.865846	-122.207047
256360	21772883	2023-07-17T15:54:00	4	W	27.661	37.998404	-121.801574
256493	21773069	2023-07-17T17:12:00	680	S	50.995	37.969068	-122.058604
256494	21773070	2023-07-17T17:10:00	680	S	50.995	37.969068	-122.058604
256502	21773082	2023-07-17T17:18:00	80	E	11.7	37.874502	-122.306023
256503	21773083	2023-07-17T17:16:00	80	E	11.7	37.874502	-122.306023
256512	21773093	2023-07-17T17:21:00	80	E	10.9	37.863935	-122.302816
256532	21773116	2023-07-17T17:34:00	580	E	72.3	37.935043	-122.444523
256572	21773176	2023-07-17T17:53:00	24	W	5.4	37.868261	-122.200872
256581	21773187	2023-07-17T18:02:00	242	N	3.2	38.000481	-122.037725
256612	21773230	2023-07-17T18:20:00	242	N	3.2	38.000481	-122.037725
256620	21773239	2023-07-17T18:24:00	24	E	14.0	37.903398	-122.069808
256642	21773273	2023-07-17T18:41:00	80	E	29.1	38.082991	-122.233205
256649	21773284	2023-07-17T18:49:00	242	S	1.6	37.977448	-122.044261
256660	21773301	2023-07-17T19:07:00	580	E	64.3	37.901366	-122.315167
256671	21773320	2023-07-17T19:21:00	80	W	20.3	37.989215	-122.312635
256679	21773331	2023-07-17T19:26:00	24	W	12.4	37.898073	-122.09004
256687	21773345	2023-07-17T19:35:00	4	E	18.134	38.023689	-121.972104
256689	21773347	2023-07-17T19:37:00	4	E	18.134	38.023689	-121.972104
256821	21773548	2023-07-17T22:22:00	680	S	44.498	37.884476	-122.05416
256825	21773554	2023-07-17T22:33:00	80	E	24.0	38.022089	-122.262691
256842	21773578	2023-07-17T22:58:00	4	E	14.725	38.008166	-122.030414
256843	21773579	2023-07-17T22:55:00	4	E	12.562	37.995586	-122.066559
256955	21773765	2023-07-18T05:06:00	4	E	34.878	37.930248	-121.735606
256989	21773824	2023-07-18T06:02:00	680	S	31.27	37.721573	-121.938864
257023	21773878	2023-07-18T06:26:00	680	N	57.877	38.048506	-122.12613
257024	21773879	2023-07-18T06:26:00	680	N	56.756	38.034394	-122.116729
257031	21773896	2023-07-18T06:34:00	680	N	57.877	38.048745	-122.126295
257036	21773903	2023-07-18T06:39:00	24	W	11.1	37.895372	-122.113724
257045	21773924	2023-07-18T06:52:00	242	S	0.2	37.956956	-122.053305
257046	21773925	2023-07-18T06:49:00	242	S	0.2	37.956956	-122.053305
257088	21773991	2023-07-18T07:26:00	24	E	14.0	37.903398	-122.069808
257112	21774028	2023-07-18T07:46:00	4	W	22.348	38.018567	-121.895066
257259	21774234	2023-07-18T09:26:00	24	E	8.5	37.892591	-122.159524
257260	21774236	2023-07-18T09:24:00	24	E	8.5	37.892591	-122.159524
257580	21774699	2023-07-18T13:42:00	680	S	44.891	37.889558	-122.058503
257663	21774815	2023-07-18T14:39:00	4	E	19.485	38.018836	-121.948032
257690	21774850	2023-07-18T14:57:00	24	W	12.9	37.897483	-122.081196
257694	21774855	2023-07-18T15:01:00	24	W	11.1	37.895372	-122.113724
257695	21774856	2023-07-18T15:00:00	24	W	12.9	37.897483	-122.081196
257731	21774903	2023-07-18T15:21:00	4	W	18.744	38.022038	-121.960192
257767	21774952	2023-07-18T15:41:00	680	N	57.877	38.048506	-122.12613
257817	21775025	2023-07-18T16:10:00	80	W	11.3	37.869523	-122.304749
257818	21775026	2023-07-18T16:07:00	80	W	11.3	37.869523	-122.304749
257851	21775073	2023-07-18T16:33:00	4	W	18.744	38.022038	-121.960192
257857	21775080	2023-07-18T16:39:00	80	E	28.1	38.069722	-122.226905
257860	21775083	2023-07-18T16:42:00	80	E	28.1	38.069722	-122.226905
257894	21775129	2023-07-18T17:02:00	242	N	2.1	37.98392	-122.041279
257908	21775144	2023-07-18T17:09:00	80	W	23.7	38.018484	-122.266235
257910	21775146	2023-07-18T17:04:00	242	N	2.1	37.98392	-122.041279
257922	21775162	2023-07-18T17:19:00	80	W	11.3	37.869523	-122.304749
257923	21775163	2023-07-18T17:18:00	80	W	11.3	37.869523	-122.304749
257924	21775164	2023-07-18T17:17:00	4	E	19.751	38.018741	-121.942884
258108	21775421	2023-07-18T19:15:00	580	E	67.3	37.922147	-122.356942
258135	21775457	2023-07-18T19:35:00	4	W	27.661	37.998404	-121.801574
258136	21775458	2023-07-18T19:33:00	80	W	20.7	37.992603	-122.306302
258394	21775897	2023-07-19T04:43:00	580	W	74.1	37.942596	-122.477635
258413	21775932	2023-07-19T05:29:00	4	E	22.429	38.017951	-121.894061
258454	21776011	2023-07-19T06:36:00	24	E	11.7	37.8969	-122.101841
258480	21776051	2023-07-19T07:03:00	4	W	13.968	38.003865	-122.042102
258481	21776052	2023-07-19T07:02:00	4	W	13.968	38.003865	-122.042102
258619	21776242	2023-07-19T08:40:00	4	E	14.23	38.004458	-122.038839
258646	21776279	2023-07-19T09:07:00	80	W	20.3	37.989215	-122.312635
258647	21776280	2023-07-19T09:05:00	580	E	67.2	37.921658	-122.353789
258648	21776281	2023-07-19T09:04:00	80	W	20.3	37.989215	-122.312635
258669	21776308	2023-07-19T09:21:00	4	W	33.615	37.947161	-121.743071
258698	21776338	2023-07-19T09:39:00	80	W	20.3	37.989215	-122.312635
258731	21776384	2023-07-19T10:03:00	4	W	23.665	38.012996	-121.871769
258732	21776385	2023-07-19T09:59:00	24	W	8.9	37.891793	-122.151758
258745	21776406	2023-07-19T10:18:00	4	W	25.717	38.003464	-121.835484
258771	21776441	2023-07-19T10:35:00	680	N	53.878	38.005573	-122.082507
258786	21776460	2023-07-19T10:50:00	242	S	0.2	37.956956	-122.053305
258787	21776461	2023-07-19T10:48:00	242	S	0.2	37.956956	-122.053305
258842	21776537	2023-07-19T11:24:00	80	W	17.5	37.953792	-122.328714
258855	21776553	2023-07-19T11:36:00	4	W	27.088	37.998417	-121.81166
258896	21776606	2023-07-19T12:04:00	4	W	15.194	38.01011	-122.021262
259314	21777188	2023-07-19T16:29:00	80	E	21.5	37.99478	-122.291239
259327	21777203	2023-07-19T16:35:00	80	E	21.5	37.99478	-122.291239
259364	21777253	2023-07-19T16:54:00	24	W	3.2	37.849086	-122.229974
259400	21777304	2023-07-19T17:14:00	80	E	20.6	37.99184	-122.307909
259401	21777305	2023-07-19T17:12:00	580	E	70.4	37.93271	-122.409354
259407	21777312	2023-07-19T17:21:00	24	E	14.0	37.903398	-122.069808
259408	21777313	2023-07-19T17:20:00	24	E	14.0	37.903398	-122.069808
259416	21777327	2023-07-19T17:24:00	4	E	18.134	38.023689	-121.972104
259468	21777389	2023-07-19T17:54:00	680	N	49.937	37.95548	-122.053382
259533	21777470	2023-07-19T18:22:00	80	E	20.6	37.99184	-122.307909
259569	21777517	2023-07-19T18:41:00	580	W	71.6	37.934393	-122.43391
259579	21777530	2023-07-19T18:47:00	4	E	20.104	38.018752	-121.937094
259580	21777532	2023-07-19T18:44:00	4	E	20.104	38.018752	-121.937094
259583	21777537	2023-07-19T18:52:00	4	W	31.761	37.972849	-121.739617
259602	21777566	2023-07-19T19:05:00	4	W	22.348	38.018567	-121.895066
259603	21777568	2023-07-19T19:03:00	580	E	66.6	37.92158	-122.343235
259615	21777590	2023-07-19T19:22:00	4	W	16.962	38.017386	-121.990427
259617	21777592	2023-07-19T19:18:00	4	W	16.962	38.017386	-121.990427
259636	21777616	2023-07-19T19:36:00	4	E	32.916	37.957212	-121.744885
260057	21778281	2023-07-20T06:50:00	680	N	49.937	37.955453	-122.053356
260097	21778343	2023-07-20T07:23:00	680	N	29.816	37.704565	-121.92434
260131	21778389	2023-07-20T07:46:00	4	E	18.134	38.023689	-121.972104
260140	21778399	2023-07-20T07:50:00	580	E	66.3	37.921417	-122.338695
260144	21778403	2023-07-20T07:58:00	80	W	22.2	38.00178	-122.281783
260193	21778481	2023-07-20T08:38:00	4	W	28.794	37.995591	-121.780403
260232	21778539	2023-07-20T09:10:00	4	E	28.348	37.996773	-121.789698
260467	21778884	2023-07-20T12:25:00	80	E	11.7	37.874502	-122.306023
260474	21778894	2023-07-20T12:34:00	242	N	3.2	38.000481	-122.037725
260475	21778895	2023-07-20T12:31:00	242	N	3.2	38.000481	-122.037725
260659	21779157	2023-07-20T14:37:00	24	E	4.1	37.854646	-122.21709
260697	21779207	2023-07-20T14:56:00	680	N	41.732	37.851675	-122.028628
260716	21779230	2023-07-20T15:09:00	24	E	2.9	37.848602	-122.235179
260717	21779231	2023-07-20T15:07:00	24	E	2.9	37.848602	-122.235179
260739	21779256	2023-07-20T15:16:00	4	E	15.58	38.010574	-122.015485
260876	21779440	2023-07-20T16:30:00	680	S	43.713	37.875686	-122.0459
260914	21779491	2023-07-20T16:49:00	680	S	43.021	37.866847	-122.039129
260962	21779556	2023-07-20T17:16:00	680	N	38.683	37.819472	-121.993079
260972	21779570	2023-07-20T17:21:00	24	E	6.4	37.874851	-122.18658
260992	21779595	2023-07-20T17:28:00	580	W	74.1	37.942605	-122.477717
261004	21779607	2023-07-20T17:33:00	4	E	19.485	38.018836	-121.948032
261007	21779612	2023-07-20T17:44:00	4	E	19.485	38.018836	-121.948032
261037	21779653	2023-07-20T17:56:00	680	N	46.181	37.903398	-122.069808
261087	21779717	2023-07-20T18:28:00	680	N	49.189	37.945354	-122.058003
261088	21779718	2023-07-20T18:25:00	680	N	49.189	37.945354	-122.058003
261113	21779758	2023-07-20T18:42:00	80	E	29.2	38.085088	-122.232855
261120	21779769	2023-07-20T18:48:00	580	E	72.3	37.935043	-122.444523
261124	21779774	2023-07-20T18:52:00	4	E	32.916	37.957212	-121.744885
261125	21779775	2023-07-20T18:49:00	4	W	12.059	37.993171	-122.074252
261130	21779781	2023-07-20T18:56:00	4	E	23.108	38.015064	-121.882403
261131	21779783	2023-07-20T18:53:00	4	E	23.108	38.015064	-121.882403
261137	21779793	2023-07-20T19:00:00	680	N	37.79	37.806862	-121.990775
261237	21779952	2023-07-20T20:40:00	80	W	18.9	37.970799	-122.320338
261258	21779992	2023-07-20T21:12:00	580	E	71.7	37.934318	-122.433877
261259	21779993	2023-07-20T21:11:00	80	E	21.5	37.99478	-122.291239
261264	21780000	2023-07-20T21:14:00	680	N	45.789	37.897483	-122.081196
261280	21780030	2023-07-20T21:35:00	242	N	2.8	37.993791	-122.039167
261283	21780035	2023-07-20T21:43:00	80	E	24.0	38.022089	-122.262691
261300	21780068	2023-07-20T22:07:00	4	E	14.725	38.008166	-122.030414
261320	21780101	2023-07-20T22:32:00	4	W	18.744	38.022038	-121.960192
261363	21780189	2023-07-21T00:11:00	242	N	2.6	37.991325	-122.039692
261366	21780196	2023-07-21T00:09:00	4	E	20.104	38.018752	-121.937094
261387	21780229	2023-07-21T00:54:00	4	E	23.108	38.015064	-121.882403
261407	21780261	2023-07-21T01:49:00	4	E	0.115	38.015394	-122.270979
261593	21780561	2023-07-21T07:23:00	4	W	27.661	37.998404	-121.801574
261594	21780562	2023-07-21T07:21:00	80	W	11.3	37.869523	-122.304749
261595	21780563	2023-07-21T07:18:00	80	W	11.3	37.869523	-122.304749
261762	21780791	2023-07-21T09:21:00	4	W	20.036	38.019101	-121.937152
261763	21780792	2023-07-21T09:20:00	80	E	26.7	38.051224	-122.229366
261864	21780933	2023-07-21T10:47:00	4	W	13.968	38.003865	-122.042102
261873	21780942	2023-07-21T10:53:00	680	N	47.855	37.926362	-122.060449
261904	21780982	2023-07-21T11:10:00	4	E	23.664	38.012821	-121.872431
261905	21780983	2023-07-21T11:09:00	24	W	8.9	37.891793	-122.151758
261915	21781002	2023-07-21T11:24:00	4	W	15.413	38.010708	-122.017546
261932	21781028	2023-07-21T11:41:00	24	W	12.4	37.898073	-122.09004
261933	21781029	2023-07-21T11:40:00	80	E	25.8	38.042706	-122.24148
261966	21781074	2023-07-21T12:05:00	680	N	41.473	37.847983	-122.027629
261985	21781105	2023-07-21T12:16:00	4	W	34.755	37.931858	-121.735855
262047	21781203	2023-07-21T13:08:00	680	S	30.295	37.70986	-121.9291
262103	21781277	2023-07-21T13:40:00	4	E	16.282	38.012596	-122.002277
262104	21781278	2023-07-21T13:37:00	4	E	16.282	38.012596	-122.002277
262128	21781309	2023-07-21T13:57:00	580	W	72.8	37.936834	-122.455511
262154	21781350	2023-07-21T14:13:00	24	W	5.4	37.868261	-122.200872
262155	21781351	2023-07-21T14:11:00	24	W	5.4	37.868261	-122.200872
262168	21781373	2023-07-21T14:22:00	4	E	28.348	37.996773	-121.789698
262169	21781374	2023-07-21T14:20:00	680	N	41.97	37.854862	-122.029221
262170	21781375	2023-07-21T14:19:00	680	S	30.295	37.70986	-121.9291
262186	21781395	2023-07-21T14:31:00	680	N	42.845	37.865358	-122.03765
262187	21781397	2023-07-21T14:29:00	680	N	42.845	37.865358	-122.03765
262219	21781438	2023-07-21T14:44:00	4	E	25.684	38.003696	-121.837444
262379	21781654	2023-07-21T16:13:00	580	W	68.2	37.927221	-122.37295
262380	21781656	2023-07-21T16:10:00	4	W	29.694	37.991686	-121.765042
262418	21781720	2023-07-21T16:44:00	4	E	20.104	38.018752	-121.937094
262420	21781722	2023-07-21T16:41:00	4	E	20.104	38.018752	-121.937094
262438	21781745	2023-07-21T16:51:00	242	N	1.1	37.970233	-122.047228
262439	21781746	2023-07-21T16:50:00	4	W	28.794	37.995591	-121.780403
262440	21781747	2023-07-21T16:49:00	4	W	28.794	37.995591	-121.780403
262450	21781761	2023-07-21T16:56:00	680	S	50.362	37.960855	-122.053254
262451	21781762	2023-07-21T16:55:00	242	N	1.1	37.970233	-122.047228
262493	21781818	2023-07-21T17:22:00	80	E	22.1	38.00026	-122.282937
262510	21781837	2023-07-21T17:25:00	680	N	46.866	37.912775	-122.06692
262519	21781847	2023-07-21T17:33:00	4	E	18.134	38.023689	-121.972104
262520	21781848	2023-07-21T17:32:00	24	W	3.2	37.849086	-122.229974
262532	21781865	2023-07-21T17:35:00	24	W	2.5	37.849184	-122.242346
262911	21782473	2023-07-21T23:24:00	4	W	18.744	38.022038	-121.960192
263064	21782772	2023-07-22T06:00:00	4	W	13.968	38.003865	-122.042102
263068	21782779	2023-07-22T06:06:00	4	E	14.725	38.008166	-122.030414
263178	21782960	2023-07-22T09:04:00	680	S	47.694	37.923282	-122.061272
263181	21782966	2023-07-22T09:11:00	4	E	13.969	38.003358	-122.042918
263218	21783019	2023-07-22T09:46:00	80	E	11.7	37.874502	-122.306023
263224	21783027	2023-07-22T09:48:00	680	N	53.878	38.005573	-122.082507
263235	21783040	2023-07-22T10:02:00	4	E	26.414	38.000165	-121.824832
263246	21783057	2023-07-22T10:11:00	580	E	65.5	37.915427	-122.326949
263247	21783058	2023-07-22T10:08:00	680	N	49.937	37.95548	-122.053382
263250	21783063	2023-07-22T10:19:00	4	E	19.485	38.018836	-121.948032
263251	21783064	2023-07-22T10:16:00	680	N	49.937	37.955453	-122.053356
263252	21783065	2023-07-22T10:15:00	4	W	34.105	37.940655	-121.739953
263253	21783066	2023-07-22T10:12:00	580	W	74.2	37.942881	-122.478942
263390	21783278	2023-07-22T12:23:00	80	E	22.1	38.00026	-122.282937
263421	21783317	2023-07-22T12:53:00	680	S	50.995	37.969068	-122.058604
263441	21783345	2023-07-22T13:07:00	680	N	41.473	37.847983	-122.027629
263442	21783346	2023-07-22T13:06:00	80	W	30.4	38.101745	-122.22981
263449	21783359	2023-07-22T13:15:00	242	S	2.0	37.983275	-122.041624
263450	21783360	2023-07-22T13:14:00	580	W	74.2	37.942881	-122.478942
263517	21783463	2023-07-22T14:09:00	580	W	74.2	37.942881	-122.478942
263519	21783465	2023-07-22T14:07:00	24	E	4.9	37.862496	-122.209079
263523	21783472	2023-07-22T14:12:00	4	W	18.744	38.022038	-121.960192
263616	21783615	2023-07-22T15:29:00	680	S	34.081	37.75706	-121.963575
263634	21783640	2023-07-22T15:47:00	4	W	2.777	38.009209	-122.223901
263689	21783712	2023-07-22T16:27:00	80	W	11.3	37.869523	-122.304749
263720	21783754	2023-07-22T16:49:00	24	W	8.9	37.891793	-122.151758
263751	21783805	2023-07-22T17:18:00	680	N	41.473	37.847983	-122.027629
263779	21783844	2023-07-22T17:35:00	80	E	14.5	37.913842	-122.317314
263793	21783864	2023-07-22T17:56:00	80	W	17.9	37.959772	-122.330645
263799	21783874	2023-07-22T17:57:00	24	E	11.7	37.8969	-122.101841
263810	21783890	2023-07-22T18:10:00	24	E	5.1	37.865846	-122.207047
264175	21784498	2023-07-23T02:12:00	80	E	17.4	37.952867	-122.327994
264191	21784525	2023-07-23T02:47:00	242	N	2.1	37.98392	-122.041279
264193	21784529	2023-07-23T02:52:00	80	E	15.9	37.932417	-122.325715
264201	21784539	2023-07-23T03:00:00	580	E	74.3	37.942764	-122.478971
264224	21784575	2023-07-23T03:49:00	4	E	16.282	38.012596	-122.002277
264250	21784613	2023-07-23T04:44:00	80	E	23.5	38.014349	-122.26689
264261	21784632	2023-07-23T05:13:00	4	W	2.777	38.009209	-122.223901
264440	21784922	2023-07-23T10:13:00	80	E	10.9	37.863935	-122.302816
264479	21784977	2023-07-23T10:55:00	4	E	5.671	38.012858	-122.174702
264486	21784985	2023-07-23T11:00:00	680	N	35.657	37.778337	-121.975649
264487	21784986	2023-07-23T10:59:00	80	W	20.3	37.989215	-122.312635
264497	21785003	2023-07-23T11:17:00	680	N	53.878	38.005573	-122.082507
264502	21785009	2023-07-23T11:22:00	4	W	25.717	38.003464	-121.835484
264503	21785010	2023-07-23T11:20:00	680	N	29.207	37.69603	-121.920605
264547	21785077	2023-07-23T11:59:00	580	E	66.3	37.921417	-122.338695
264567	21785111	2023-07-23T12:26:00	4	E	14.23	38.004458	-122.038839
264720	21785343	2023-07-23T14:42:00	80	W	29.5	38.088285	-122.231856
264721	21785344	2023-07-23T14:43:00	80	W	29.5	38.088285	-122.231856
264754	21785399	2023-07-23T15:11:00	80	E	10.9	37.863935	-122.302816
264766	21785419	2023-07-23T15:20:00	80	E	11.7	37.874502	-122.306023
264771	21785426	2023-07-23T15:26:00	4	W	8.586	37.990008	-122.133858
264776	21785435	2023-07-23T15:31:00	4	E	5.671	38.012858	-122.174702
264777	21785436	2023-07-23T15:29:00	4	E	5.671	38.012858	-122.174702
264783	21785447	2023-07-23T15:34:00	4	E	5.671	38.012858	-122.174702
264786	21785453	2023-07-23T15:40:00	4	W	5.636	38.013022	-122.17456
264791	21785460	2023-07-23T15:44:00	4	E	27.171	37.998126	-121.811133
264884	21785618	2023-07-23T17:26:00	24	W	5.7	37.868105	-122.195924
264928	21785688	2023-07-23T18:11:00	242	N	3.2	38.000481	-122.037725
265078	21785959	2023-07-23T21:07:00	680	S	28.6	37.687307	-121.91744
265101	21786003	2023-07-23T21:41:00	24	E	4.5	37.858422	-122.211892
265105	21786015	2023-07-23T21:51:00	4	E	28.348	37.996773	-121.789698
265113	21786033	2023-07-23T22:03:00	4	W	18.391	38.023255	-121.966585
265114	21786034	2023-07-23T21:59:00	24	E	4.1	37.854646	-122.21709
265152	21786119	2023-07-23T23:17:00	24	E	6.6	37.87735	-122.184078
265154	21786121	2023-07-23T23:12:00	680	N	28.436	37.685932	-121.916638
265265	21786300	2023-07-24T04:04:00	4	W	34.105	37.940655	-121.739953
265270	21786306	2023-07-24T04:13:00	80	E	10.9	37.863935	-122.302816
265286	21786326	2023-07-24T04:50:00	4	E	23.108	38.015064	-121.882403
265300	21786348	2023-07-24T05:14:00	80	W	20.3	37.989215	-122.312635
265304	21786352	2023-07-24T05:16:00	24	W	5.1	37.86612	-122.206946
265466	21786609	2023-07-24T07:55:00	680	S	44.891	37.889558	-122.058503
265467	21786611	2023-07-24T07:56:00	680	S	44.891	37.889558	-122.058503
265508	21786668	2023-07-24T08:21:00	80	W	20.0	37.98565	-122.315539
265530	21786695	2023-07-24T08:36:00	24	W	8.9	37.891793	-122.151758
265531	21786696	2023-07-24T08:35:00	4	E	15.58	38.010574	-122.015485
265532	21786697	2023-07-24T08:33:00	24	W	8.9	37.891793	-122.151758
265539	21786706	2023-07-24T08:41:00	580	W	70.0	37.932486	-122.403542
265565	21786738	2023-07-24T09:02:00	24	E	6.6	37.87735	-122.184078
265648	21786845	2023-07-24T10:01:00	680	S	47.694	37.923282	-122.061272
265660	21786860	2023-07-24T10:09:00	4	W	32.215	37.966301	-121.739069
265760	21787015	2023-07-24T11:33:00	80	E	28.1	38.069722	-122.226905
265798	21787074	2023-07-24T12:14:00	242	S	2.7	37.992591	-122.039625
265822	21787113	2023-07-24T12:34:00	680	S	47.508	37.920636	-122.062281
265856	21787162	2023-07-24T13:02:00	4	W	25.717	38.003464	-121.835484
265857	21787163	2023-07-24T13:00:00	580	W	64.8	37.908665	-122.320973
265903	21787218	2023-07-24T13:27:00	680	N	31.108	37.720114	-121.937379
265938	21787266	2023-07-24T13:58:00	4	W	16.263	38.013095	-122.001843
266097	21787490	2023-07-24T15:38:00	4	E	37.629	37.89608	-121.713318
266105	21787503	2023-07-24T15:41:00	80	E	15.9	37.932417	-122.325715
266106	21787504	2023-07-24T15:39:00	80	E	15.9	37.932417	-122.325715
266122	21787526	2023-07-24T15:52:00	680	N	45.789	37.897483	-122.081196
266124	21787528	2023-07-24T15:49:00	4	E	19.751	38.018741	-121.942884
266125	21787529	2023-07-24T15:48:00	680	N	48.815	37.940053	-122.060052
266133	21787540	2023-07-24T15:56:00	4	E	19.485	38.018836	-121.948032
266142	21787553	2023-07-24T15:58:00	4	E	14.23	38.004458	-122.038839
266163	21787590	2023-07-24T16:14:00	24	W	5.1	37.86612	-122.206946
266206	21787641	2023-07-24T16:36:00	4	E	15.58	38.010574	-122.015485
266207	21787642	2023-07-24T16:35:00	4	E	15.58	38.010574	-122.015485
266220	21787662	2023-07-24T16:44:00	24	E	11.7	37.8969	-122.101841
266221	21787663	2023-07-24T16:41:00	242	N	3.2	38.000481	-122.037725
266251	21787701	2023-07-24T17:02:00	80	W	25.9	38.043044	-122.241306
266252	21787702	2023-07-24T17:01:00	680	N	35.319	37.773638	-121.973283
266253	21787703	2023-07-24T17:00:00	580	E	72.3	37.935043	-122.444523
266288	21787750	2023-07-24T17:22:00	680	N	49.937	37.95548	-122.053382
266306	21787774	2023-07-24T17:34:00	680	N	42.845	37.865358	-122.03765
266308	21787776	2023-07-24T17:32:00	680	N	42.845	37.865358	-122.03765
266322	21787792	2023-07-24T17:40:00	680	S	45.035	37.890801	-122.060828
266333	21787806	2023-07-24T17:46:00	4	E	16.999	38.016763	-121.990745
266334	21787807	2023-07-24T17:45:00	4	E	16.999	38.016763	-121.990745
266353	21787842	2023-07-24T18:01:00	80	E	14.1	37.907164	-122.314949
266377	21787875	2023-07-24T18:14:00	4	W	22.348	38.018567	-121.895066
266402	21787906	2023-07-24T18:30:00	580	E	70.1	37.932083	-122.40375
266420	21787929	2023-07-24T18:46:00	580	W	70.0	37.932486	-122.403542
266462	21787990	2023-07-24T19:19:00	4	E	19.751	38.018741	-121.942884
266567	21788152	2023-07-24T21:22:00	680	S	58.825	38.060376	-122.131071
266572	21788162	2023-07-24T21:25:00	80	W	17.9	37.959772	-122.330645
266577	21788172	2023-07-24T21:37:00	24	W	4.5	37.859017	-122.212786
266589	21788187	2023-07-24T21:46:00	680	S	29.137	37.694397	-121.920222
266594	21788196	2023-07-24T21:54:00	242	N	0.8	37.96661	-122.048744
266793	21788497	2023-07-25T06:18:00	680	N	59.511	38.070736	-122.125657
266833	21788568	2023-07-25T06:56:00	4	W	30.427	37.988982	-121.752267
266915	21788682	2023-07-25T08:02:00	680	N	29.207	37.69603	-121.920605
266995	21788779	2023-07-25T08:43:00	4	E	19.751	38.018741	-121.942884
267077	21788903	2023-07-25T09:57:00	4	W	11.768	37.991806	-122.079085
267091	21788923	2023-07-25T10:13:00	24	E	8.5	37.892591	-122.159524
267092	21788924	2023-07-25T10:12:00	24	E	8.5	37.892591	-122.159524
267321	21789236	2023-07-25T13:06:00	4	E	12.146	37.993242	-122.073397
267323	21789238	2023-07-25T12:57:00	580	E	64.3	37.901366	-122.315167
267334	21789258	2023-07-25T13:15:00	680	N	41.97	37.854862	-122.029221
267370	21789312	2023-07-25T13:44:00	680	N	46.866	37.912775	-122.06692
267383	21789328	2023-07-25T13:54:00	4	W	10.375	37.993538	-122.10464
267384	21789329	2023-07-25T13:52:00	680	N	39.258	37.827317	-121.997036
267428	21789385	2023-07-25T14:25:00	24	W	5.0	37.864109	-122.209158
267429	21789386	2023-07-25T14:23:00	24	W	5.0	37.864109	-122.209158
267437	21789397	2023-07-25T14:31:00	680	S	35.873	37.780831	-121.97722
267438	21789399	2023-07-25T14:28:00	680	S	54.598	38.013232	-122.09078
267476	21789451	2023-07-25T14:58:00	680	N	46.866	37.912775	-122.06692
267487	21789466	2023-07-25T15:03:00	80	W	12.1	37.881911	-122.308246
267488	21789467	2023-07-25T15:02:00	680	N	46.866	37.912775	-122.06692
267499	21789486	2023-07-25T15:11:00	24	E	6.7	37.878599	-122.183245
267501	21789488	2023-07-25T15:07:00	24	W	2.9	37.848986	-122.235713
267531	21789528	2023-07-25T15:31:00	4	W	26.728	37.998674	-121.817967
267539	21789542	2023-07-25T15:38:00	4	E	15.58	38.010574	-122.015485
267542	21789545	2023-07-25T15:33:00	4	W	30.427	37.988982	-121.752267
267566	21789575	2023-07-25T15:53:00	4	W	18.744	38.022038	-121.960192
267567	21789576	2023-07-25T15:51:00	4	W	20.036	38.019101	-121.937152
267568	21789577	2023-07-25T15:50:00	4	W	18.744	38.022038	-121.960192
267599	21789620	2023-07-25T16:13:00	4	E	5.671	38.012858	-122.174702
267600	21789621	2023-07-25T16:12:00	24	E	3.6	37.850088	-122.223172
267606	21789629	2023-07-25T16:16:00	4	E	8.677	37.989925	-122.133315
267607	21789630	2023-07-25T16:15:00	4	W	24.061	38.011402	-121.864671
267629	21789658	2023-07-25T16:21:00	4	E	14.23	38.004458	-122.038839
267676	21789723	2023-07-25T16:58:00	80	E	14.8	37.917301	-122.317317
267677	21789724	2023-07-25T16:56:00	80	E	14.8	37.917301	-122.317317
267687	21789737	2023-07-25T17:03:00	680	S	38.395	37.81494	-121.993459
267713	21789771	2023-07-25T17:14:00	580	E	72.3	37.935043	-122.444523
267723	21789784	2023-07-25T17:20:00	24	E	3.6	37.850088	-122.223172
267724	21789786	2023-07-25T17:17:00	680	N	58.209	38.050803	-122.135466
267740	21789812	2023-07-25T17:30:00	4	W	33.615	37.947161	-121.743071
267753	21789825	2023-07-25T17:34:00	680	N	44.261	37.882606	-122.051683
268011	21790207	2023-07-25T21:38:00	24	W	4.5	37.858736	-122.212489
268014	21790213	2023-07-25T21:43:00	80	E	23.1	38.011875	-122.272168
268022	21790230	2023-07-25T21:55:00	80	W	21.3	37.994255	-122.296122
268027	21790238	2023-07-25T22:01:00	80	E	17.1	37.948829	-122.326042
268035	21790248	2023-07-25T22:15:00	680	S	52.9	37.994341	-122.070209
268040	21790256	2023-07-25T22:23:00	80	E	25.8	38.042706	-122.24148
268042	21790260	2023-07-25T22:32:00	4	W	24.061	38.011402	-121.864671
268063	21790287	2023-07-25T23:02:00	80	E	28.1	38.069722	-122.226905
268071	21790309	2023-07-25T23:14:00	4	E	2.405	38.01046	-122.230175
268101	21790361	2023-07-26T00:22:00	4	E	28.348	37.996773	-121.789698
268122	21790392	2023-07-26T01:28:00	80	E	10.9	37.863935	-122.302816
268133	21790407	2023-07-26T02:13:00	680	S	54.598	38.013232	-122.09078
268139	21790414	2023-07-26T02:20:00	4	E	32.346	37.964821	-121.740553
268160	21790448	2023-07-26T04:07:00	4	E	27.715	37.998106	-121.801068
268255	21790643	2023-07-26T06:57:00	4	W	20.036	38.019101	-121.937152
268256	21790644	2023-07-26T06:54:00	4	W	20.036	38.019101	-121.937152
268274	21790663	2023-07-26T07:08:00	580	E	68.2	37.927037	-122.370418
268294	21790692	2023-07-26T07:19:00	680	S	30.013	37.706333	-121.926113
268350	21790771	2023-07-26T08:02:00	4	W	18.391	38.023255	-121.966585
268361	21790783	2023-07-26T08:08:00	680	S	50.502	37.962947	-122.054342
268371	21790797	2023-07-26T08:09:00	580	E	67.5	37.923	-122.359184
268380	21790808	2023-07-26T08:15:00	24	W	11.1	37.895372	-122.113724
268405	21790837	2023-07-26T08:29:00	4	W	31.46	37.976136	-121.741915
268407	21790839	2023-07-26T08:23:00	80	W	20.7	37.992603	-122.306302
268597	21791099	2023-07-26T10:55:00	80	E	16.5	37.94046	-122.324391
268600	21791104	2023-07-26T11:00:00	80	W	24.3	38.025745	-122.259506
268632	21791150	2023-07-26T11:25:00	680	N	31.108	37.720114	-121.937379
268636	21791156	2023-07-26T11:32:00	4	W	13.715	38.002816	-122.046293
268640	21791164	2023-07-26T11:37:00	4	W	12.337	37.994782	-122.069526
268692	21791256	2023-07-26T12:26:00	24	W	5.4	37.868261	-122.200872
268693	21791257	2023-07-26T12:22:00	24	W	5.4	37.868261	-122.200872
268716	21791291	2023-07-26T12:39:00	680	N	50.46	37.962458	-122.053879
268717	21791292	2023-07-26T12:36:00	4	E	25.442	38.004791	-121.841338
268721	21791299	2023-07-26T12:46:00	4	W	12.337	37.994782	-122.069526
268722	21791300	2023-07-26T12:44:00	680	N	41.473	37.847983	-122.027629
268731	21791312	2023-07-26T12:53:00	680	N	41.473	37.847983	-122.027629
268741	21791325	2023-07-26T12:59:00	680	N	51.842	37.980369	-122.065426
268742	21791326	2023-07-26T12:58:00	680	N	51.842	37.980369	-122.065426
268744	21791328	2023-07-26T12:52:00	680	N	57.433	38.042939	-122.121808
268749	21791336	2023-07-26T13:03:00	4	W	31.46	37.976136	-121.741915
268754	21791345	2023-07-26T13:06:00	80	W	23.7	38.018484	-122.266235
268795	21791403	2023-07-26T13:37:00	680	S	57.857	38.046966	-122.128047
268807	21791416	2023-07-26T13:39:00	680	S	57.857	38.046966	-122.128047
268830	21791445	2023-07-26T13:56:00	4	E	19.751	38.018741	-121.942884
268840	21791457	2023-07-26T14:00:00	4	E	19.751	38.018741	-121.942884
268957	21791617	2023-07-26T15:23:00	680	N	57.877	38.048745	-122.126295
268968	21791630	2023-07-26T15:25:00	680	N	46.866	37.912775	-122.06692
268976	21791639	2023-07-26T15:32:00	242	N	2.1	37.98392	-122.041279
268977	21791641	2023-07-26T15:28:00	80	W	12.4	37.886658	-122.309253
269012	21791694	2023-07-26T15:44:00	80	E	28.1	38.069081	-122.226588
269014	21791696	2023-07-26T15:50:00	80	E	28.1	38.06908	-122.226588
269025	21791710	2023-07-26T15:56:00	4	E	30.995	37.982313	-121.746896
269026	21791711	2023-07-26T15:53:00	4	E	30.995	37.982313	-121.746896
269070	21791766	2023-07-26T16:21:00	4	W	16.962	38.017386	-121.990427
269077	21791774	2023-07-26T16:26:00	4	W	18.391	38.023255	-121.966585
269091	21791801	2023-07-26T16:36:00	680	S	39.37	37.827811	-121.998238
269117	21791837	2023-07-26T16:52:00	680	S	42.419	37.860149	-122.032664
269118	21791838	2023-07-26T16:50:00	4	E	30.995	37.982313	-121.746896
269141	21791872	2023-07-26T17:06:00	580	W	73.7	37.941302	-122.47033
269151	21791883	2023-07-26T17:09:00	680	N	29.207	37.69603	-121.920605
269152	21791884	2023-07-26T17:08:00	680	N	29.207	37.69603	-121.920605
269188	21791938	2023-07-26T17:35:00	24	W	12.4	37.898073	-122.09004
269212	21791972	2023-07-26T17:45:00	4	E	13.332	38.000576	-122.054088
269252	21792028	2023-07-26T18:10:00	80	E	13.3	37.898081	-122.309198
269275	21792066	2023-07-26T18:32:00	680	S	28.6	37.687307	-121.91744
269289	21792092	2023-07-26T18:45:00	160	N	0.0	38.001617	-121.754408
269311	21792121	2023-07-26T19:03:00	580	E	70.1	37.932083	-122.40375
269319	21792136	2023-07-26T19:09:00	4	E	19.751	38.018741	-121.942884
269459	21792373	2023-07-26T21:48:00	24	E	4.5	37.858644	-122.212162
269471	21792390	2023-07-26T22:02:00	680	N	29.709	37.703039	-121.923399
269484	21792407	2023-07-26T22:18:00	4	E	19.751	38.018741	-121.942884
269517	21792460	2023-07-26T23:11:00	680	N	35.863	37.78143	-121.977213
269544	21792503	2023-07-27T00:09:00	4	W	31.46	37.976136	-121.741915
269656	21792686	2023-07-27T05:45:00	680	S	51.885	37.980061	-122.065556
269671	21792713	2023-07-27T06:01:00	680	S	44.891	37.889558	-122.058503
269688	21792736	2023-07-27T06:17:00	4	E	18.812	38.021811	-121.960767
269901	21793044	2023-07-27T09:07:00	80	W	13.1	37.895221	-122.308233
269925	21793079	2023-07-27T09:31:00	242	S	2.9	37.994816	-122.039153
269929	21793085	2023-07-27T09:36:00	680	S	48.324	37.932715	-122.060323
269935	21793092	2023-07-27T09:41:00	680	S	48.324	37.932715	-122.060323
269936	21793093	2023-07-27T09:38:00	680	S	48.324	37.932715	-122.060323
269937	21793094	2023-07-27T09:37:00	680	S	50.362	37.960855	-122.053254
269954	21793118	2023-07-27T09:55:00	80	W	13.4	37.898581	-122.309609
269955	21793120	2023-07-27T09:51:00	80	W	13.4	37.898581	-122.309609
269966	21793133	2023-07-27T10:13:00	4	W	18.391	38.023255	-121.966585
269982	21793157	2023-07-27T10:19:00	4	E	19.751	38.018741	-121.942884
270015	21793208	2023-07-27T10:52:00	4	E	19.751	38.018741	-121.942884
270018	21793211	2023-07-27T10:54:00	4	E	19.751	38.018741	-121.942884
270020	21793213	2023-07-27T10:51:00	580	E	74.3	37.942764	-122.478971
270033	21793237	2023-07-27T11:06:00	680	S	57.439	38.041414	-122.123738
270044	21793256	2023-07-27T11:17:00	680	N	56.303	38.027878	-122.1155
270092	21793322	2023-07-27T11:52:00	242	N	3.3	38.003865	-122.042102
270101	21793333	2023-07-27T11:58:00	80	W	11.6	37.872998	-122.305833
270103	21793335	2023-07-27T11:56:00	4	E	19.485	38.018836	-121.948032
270123	21793366	2023-07-27T12:14:00	680	N	52.53	37.990271	-122.06743
270131	21793376	2023-07-27T12:20:00	80	E	25.8	38.042706	-122.24148
270167	21793424	2023-07-27T12:40:00	4	E	16.999	38.016763	-121.990745
270225	21793493	2023-07-27T13:15:00	4	E	12.146	37.993242	-122.073397
270298	21793593	2023-07-27T14:11:00	4	W	27.661	37.998404	-121.801574
270554	21793936	2023-07-27T16:30:00	24	E	11.7	37.8969	-122.101841
270555	21793937	2023-07-27T16:27:00	24	E	11.7	37.8969	-122.101841
270598	21793998	2023-07-27T16:55:00	80	E	10.9	37.863935	-122.302816
270608	21794010	2023-07-27T17:00:00	680	S	38.395	37.81494	-121.993459
270628	21794037	2023-07-27T17:13:00	680	N	37.79	37.806862	-121.990775
270629	21794038	2023-07-27T17:11:00	680	N	37.79	37.806862	-121.990775
270644	21794058	2023-07-27T17:22:00	4	W	25.717	38.003464	-121.835484
270766	21794223	2023-07-27T18:37:00	80	E	16.5	37.94046	-122.324391
270767	21794224	2023-07-27T18:34:00	80	E	16.5	37.94046	-122.324391
270796	21794265	2023-07-27T18:52:00	80	E	24.3	38.025458	-122.259564
270818	21794295	2023-07-27T19:12:00	80	W	20.3	37.989215	-122.312635
270819	21794296	2023-07-27T19:11:00	80	W	20.3	37.989215	-122.312635
270838	21794327	2023-07-27T19:24:00	4	E	19.485	38.018836	-121.948032
271096	21794748	2023-07-28T02:30:00	4	W	14.717	38.008904	-122.030341
271120	21794783	2023-07-28T03:51:00	580	W	70.0	37.932486	-122.403542
271122	21794785	2023-07-28T03:56:00	4	W	2.777	38.009209	-122.223901
271254	21794995	2023-07-28T07:12:00	80	E	17.4	37.952867	-122.327994
271279	21795033	2023-07-28T07:37:00	580	W	67.1	37.921855	-122.354109
271291	21795053	2023-07-28T07:45:00	4	W	15.413	38.010708	-122.017546
271310	21795077	2023-07-28T08:00:00	580	E	67.2	37.921658	-122.353789
271392	21795183	2023-07-28T08:55:00	4	W	16.542	38.014183	-121.996966
271394	21795185	2023-07-28T08:52:00	4	W	16.542	38.014183	-121.996966
271417	21795213	2023-07-28T09:12:00	4	W	24.061	38.011402	-121.864671
271527	21795362	2023-07-28T10:42:00	680	S	30.013	37.706333	-121.926113
271560	21795414	2023-07-28T11:04:00	80	E	13.3	37.898081	-122.309198
271561	21795415	2023-07-28T11:02:00	680	N	31.108	37.720114	-121.937379
271595	21795462	2023-07-28T11:29:00	580	W	70.0	37.932486	-122.403542
271605	21795473	2023-07-28T11:33:00	4	E	18.134	38.023689	-121.972104
271631	21795504	2023-07-28T11:49:00	4	W	27.661	37.998404	-121.801574
271648	21795530	2023-07-28T12:00:00	4	E	12.562	37.995586	-122.066559
271666	21795553	2023-07-28T12:09:00	4	E	13.721	38.00229	-122.047248
271682	21795575	2023-07-28T12:17:00	680	S	41.829	37.852397	-122.029072
271692	21795587	2023-07-28T12:24:00	680	S	41.829	37.852397	-122.029072
271748	21795660	2023-07-28T12:56:00	242	S	0.8	37.966634	-122.048958
271749	21795661	2023-07-28T12:55:00	24	W	10.7	37.894317	-122.120145
271750	21795662	2023-07-28T12:54:00	242	S	0.8	37.966634	-122.048958
271858	21795822	2023-07-28T13:59:00	4	W	18.391	38.023255	-121.966585
271879	21795856	2023-07-28T14:24:00	24	W	3.2	37.849086	-122.229974
271880	21795857	2023-07-28T14:23:00	24	W	3.2	37.849086	-122.229974
271881	21795858	2023-07-28T14:20:00	80	W	11.0	37.864609	-122.303227
271886	21795865	2023-07-28T14:26:00	80	W	11.0	37.864609	-122.303227
271927	21795914	2023-07-28T14:48:00	4	E	8.677	37.989925	-122.133315
272027	21796039	2023-07-28T15:35:00	24	W	8.9	37.891793	-122.151758
272036	21796051	2023-07-28T15:41:00	242	N	1.9	37.98069	-122.042276
272515	21796748	2023-07-28T21:06:00	80	W	15.6	37.927978	-122.32287
272531	21796770	2023-07-28T21:20:00	680	S	48.762	37.938683	-122.060435
272548	21796792	2023-07-28T21:34:00	80	E	20.6	37.99184	-122.307909
272557	21796812	2023-07-28T21:49:00	4	E	30.995	37.982313	-121.746896
272560	21796817	2023-07-28T21:56:00	4	E	31.395	37.977499	-121.743501
272586	21796878	2023-07-28T22:48:00	80	E	28.3	38.07247	-122.228965
272589	21796883	2023-07-28T22:57:00	80	E	28.7	38.076638	-122.231967
272606	21796907	2023-07-28T23:14:00	680	S	35.873	37.780831	-121.97722
272612	21796920	2023-07-28T23:24:00	4	E	27.171	37.998126	-121.811133
272638	21796974	2023-07-29T00:16:00	24	E	11.7	37.8969	-122.101841
272646	21796994	2023-07-29T00:30:00	4	W	33.01	37.95542	-121.74441
272657	21797016	2023-07-29T01:05:00	4	E	4.414	38.012909	-122.195991
272662	21797028	2023-07-29T01:18:00	4	E	14.23	38.004458	-122.038839
272684	21797056	2023-07-29T02:06:00	4	E	15.58	38.010574	-122.015485
272694	21797073	2023-07-29T02:20:00	4	E	2.405	38.01046	-122.230175
272699	21797082	2023-07-29T02:40:00	80	E	24.3	38.025458	-122.259564
272703	21797090	2023-07-29T02:42:00	4	W	2.777	38.009209	-122.223901
272834	21797304	2023-07-29T07:16:00	4	W	20.036	38.019101	-121.937152
272898	21797392	2023-07-29T08:25:00	4	E	2.635	38.009266	-122.22697
272899	21797393	2023-07-29T08:23:00	80	E	15.6	37.928275	-122.322664
272915	21797419	2023-07-29T08:49:00	4	W	28.31	37.997154	-121.790106
272964	21797499	2023-07-29T09:50:00	24	W	2.7	37.850042	-122.238377
273010	21797563	2023-07-29T10:42:00	4	E	25.442	38.004791	-121.841338
273020	21797576	2023-07-29T10:41:00	680	N	56.193	38.026944	-122.114167
273085	21797659	2023-07-29T11:35:00	680	N	49.937	37.95548	-122.053382
273102	21797684	2023-07-29T11:53:00	4	E	0.305	38.014349	-122.26689
273650	21798497	2023-07-29T19:27:00	4	E	11.91	37.991775	-122.077885
273665	21798528	2023-07-29T19:50:00	24	E	4.9	37.862496	-122.209079
273677	21798547	2023-07-29T20:00:00	80	W	11.0	37.864609	-122.303227
273684	21798559	2023-07-29T20:21:00	680	N	44.388	37.884064	-122.05333
273685	21798560	2023-07-29T20:19:00	4	W	31.03	37.982452	-121.746491
273698	21798579	2023-07-29T20:29:00	4	W	28.794	37.995591	-121.780403
273709	21798599	2023-07-29T20:46:00	4	W	30.205	37.99523	-121.755948
273729	21798630	2023-07-29T21:06:00	24	E	11.7	37.8969	-122.101841
273732	21798633	2023-07-29T21:09:00	4	E	18.134	38.023689	-121.972104
273737	21798640	2023-07-29T21:14:00	4	E	26.414	38.000165	-121.824832
273830	21798819	2023-07-29T23:33:00	4	W	31.46	37.976136	-121.741915
274199	21799374	2023-07-30T10:29:00	80	E	21.5	37.99478	-122.291239
274230	21799418	2023-07-30T11:03:00	4	W	29.694	37.991686	-121.765042
274231	21799420	2023-07-30T11:04:00	4	W	29.694	37.991686	-121.765042
274409	21799699	2023-07-30T13:48:00	80	W	24.3	38.025745	-122.259506
274416	21799708	2023-07-30T13:51:00	680	N	57.877	38.048506	-122.12613
274436	21799740	2023-07-30T14:09:00	680	N	34.298	37.760375	-121.965448
274452	21799764	2023-07-30T14:24:00	24	W	5.4	37.868261	-122.200872
274487	21799821	2023-07-30T14:59:00	4	E	28.348	37.996773	-121.789698
274489	21799823	2023-07-30T15:00:00	4	E	28.348	37.996773	-121.789698
274565	21799941	2023-07-30T16:17:00	580	W	65.8	37.919271	-122.331368
274605	21799997	2023-07-30T16:56:00	24	W	8.9	37.891793	-122.151758
274613	21800011	2023-07-30T16:58:00	680	N	38.683	37.819472	-121.993079
274645	21800067	2023-07-30T17:36:00	680	S	54.598	38.013232	-122.09078
274654	21800078	2023-07-30T17:42:00	680	S	58.012	38.048687	-122.129778
274685	21800121	2023-07-30T18:08:00	4	W	29.694	37.991686	-121.765042
274789	21800284	2023-07-30T19:45:00	4	W	10.836	37.990762	-122.096283
274911	21800494	2023-07-30T22:33:00	80	W	15.6	37.927978	-122.32287
274930	21800520	2023-07-30T22:56:00	4	E	28.348	37.996773	-121.789698
274931	21800521	2023-07-30T22:55:00	680	N	28.436	37.685932	-121.916638
275199	21800983	2023-07-31T07:20:00	680	S	29.137	37.694397	-121.920222
275203	21800989	2023-07-31T07:27:00	4	E	22.429	38.017951	-121.894061
275385	21801251	2023-07-31T09:55:00	680	N	56.193	38.026944	-122.114167
275391	21801258	2023-07-31T09:58:00	580	E	74.3	37.942764	-122.478971
275417	21801294	2023-07-31T10:22:00	4	W	20.036	38.019101	-121.937152
275807	21801841	2023-07-31T15:16:00	680	S	38.395	37.81494	-121.993459
275896	21801964	2023-07-31T16:09:00	24	W	2.7	37.850042	-122.238377
275897	21801965	2023-07-31T16:08:00	24	W	2.7	37.850042	-122.238377
275899	21801967	2023-07-31T16:04:00	4	E	28.348	37.996773	-121.789698
275917	21801990	2023-07-31T16:16:00	4	E	32.346	37.964821	-121.740553
276003	21802115	2023-07-31T17:11:00	680	N	34.298	37.760375	-121.965448
276022	21802140	2023-07-31T17:22:00	680	S	46.565	37.908558	-122.068713
276023	21802141	2023-07-31T17:20:00	680	S	46.565	37.908558	-122.068713
276035	21802157	2023-07-31T17:24:00	4	E	13.721	38.00229	-122.047248
276582	21803035	2023-08-01T07:17:00	80	W	22.2	38.00178	-122.281783
276616	21803087	2023-08-01T07:57:00	24	W	1.7	37.843503	-122.254967
276641	21803116	2023-08-01T08:11:00	4	E	19.751	38.018741	-121.942884
276643	21803118	2023-08-01T08:08:00	4	E	19.751	38.018741	-121.942884
276769	21803306	2023-08-01T10:16:00	4	W	24.061	38.011402	-121.864671
276770	21803307	2023-08-01T10:14:00	80	E	18.4	37.96469	-122.324915
276934	21803556	2023-08-01T13:49:00	580	W	72.2	37.935097	-122.444517
276935	21803557	2023-08-01T13:46:00	580	W	72.2	37.935097	-122.444517
276955	21803582	2023-08-01T13:58:00	160	N	0.0	37.99523	-121.755948
276956	21803583	2023-08-01T13:57:00	680	N	47.56	37.922044	-122.061426
276957	21803586	2023-08-01T14:04:00	80	E	17.4	37.952867	-122.327994
276961	21803593	2023-08-01T14:14:00	680	N	47.56	37.922044	-122.061426
276962	21803594	2023-08-01T14:12:00	580	W	65.4	37.915398	-122.326638
276965	21803599	2023-08-01T14:13:00	680	N	50.46	37.962458	-122.053879
276980	21803623	2023-08-01T14:30:00	4	W	25.717	38.003464	-121.835484
276984	21803629	2023-08-01T14:35:00	680	N	44.388	37.884064	-122.05333
277002	21803655	2023-08-01T14:58:00	80	E	12.1	37.8825	-122.308014
277003	21803656	2023-08-01T14:57:00	80	E	12.1	37.8825	-122.308014
277007	21803662	2023-08-01T15:02:00	80	E	20.4	37.990514	-122.310454
277032	21803698	2023-08-01T15:20:00	80	E	20.4	37.990514	-122.310454
277078	21803769	2023-08-01T15:39:00	4	W	4.968	38.016331	-122.186186
277119	21803829	2023-08-01T16:03:00	580	E	72.3	37.935043	-122.444523
277128	21803840	2023-08-01T16:12:00	4	E	19.751	38.018741	-121.942884
277183	21803907	2023-08-01T16:42:00	680	N	51.202	37.972058	-122.060864
277236	21803983	2023-08-01T17:18:00	24	E	10.4	37.892862	-122.125001
277237	21803984	2023-08-01T17:17:00	24	W	8.9	37.891793	-122.151758
277238	21803985	2023-08-01T17:16:00	580	E	70.4	37.93271	-122.409354
277239	21803986	2023-08-01T17:15:00	24	E	10.4	37.892862	-122.125001
277255	21804009	2023-08-01T17:20:00	24	W	7.1	37.88436	-122.179679
277310	21804082	2023-08-01T18:01:00	80	E	15.9	37.932417	-122.325715
277320	21804096	2023-08-01T18:06:00	80	E	14.8	37.917301	-122.317317
277322	21804098	2023-08-01T18:04:00	680	S	45.796	37.897511	-122.071253
277359	21804152	2023-08-01T18:28:00	80	E	14.1	37.907164	-122.314949
277392	21804197	2023-08-01T18:55:00	4	W	27.661	37.998404	-121.801574
277403	21804210	2023-08-01T19:02:00	4	E	25.684	38.003696	-121.837444
277414	21804228	2023-08-01T19:09:00	80	W	18.9	37.970799	-122.320338
277421	21804237	2023-08-01T19:17:00	580	E	74.2	37.942505	-122.477783
277464	21804296	2023-08-01T19:51:00	4	W	20.036	38.019101	-121.937152
277646	21804626	2023-08-02T01:13:00	4	W	13.968	38.003865	-122.042102
277697	21804710	2023-08-02T04:36:00	580	E	70.4	37.93271	-122.409354
277703	21804719	2023-08-02T04:53:00	4	W	13.715	38.002816	-122.046293
277717	21804740	2023-08-02T05:19:00	80	E	28.7	38.076638	-122.231967
277727	21804753	2023-08-02T05:33:00	80	W	21.3	37.994255	-122.296122
277731	21804761	2023-08-02T05:34:00	80	W	21.3	37.994255	-122.296122
277763	21804805	2023-08-02T06:09:00	4	E	31.52	37.975972	-121.74242
277764	21804806	2023-08-02T06:06:00	4	E	31.52	37.975972	-121.74242
277857	21804948	2023-08-02T07:24:00	680	S	48.324	37.932715	-122.060323
277858	21804949	2023-08-02T07:22:00	680	S	48.324	37.932715	-122.060323
277879	21804977	2023-08-02T07:44:00	80	E	18.9	37.969909	-122.320442
277880	21804978	2023-08-02T07:43:00	80	E	18.9	37.969909	-122.320442
277895	21804995	2023-08-02T07:50:00	4	W	22.348	38.018567	-121.895066
277905	21805008	2023-08-02T07:53:00	580	E	69.6	37.932344	-122.394464
278071	21805239	2023-08-02T09:53:00	80	W	12.1	37.881911	-122.308246
278124	21805313	2023-08-02T10:44:00	4	W	20.036	38.019101	-121.937152
278125	21805314	2023-08-02T10:43:00	4	W	20.036	38.019101	-121.937152
278361	21805655	2023-08-02T13:51:00	680	S	45.272	37.892761	-122.064902
278367	21805665	2023-08-02T13:58:00	80	E	14.1	37.907164	-122.314949
278368	21805666	2023-08-02T13:56:00	80	E	14.1	37.907164	-122.314949
278398	21805708	2023-08-02T14:17:00	680	N	31.108	37.720114	-121.937379
278418	21805737	2023-08-02T14:25:00	680	N	41.473	37.847983	-122.027629
278444	21805777	2023-08-02T14:47:00	4	E	19.485	38.018836	-121.948032
278456	21805793	2023-08-02T14:49:00	680	S	45.272	37.892761	-122.064902
278457	21805794	2023-08-02T14:48:00	680	S	45.272	37.892761	-122.064902
278480	21805823	2023-08-02T15:00:00	4	E	35.292	37.924116	-121.732809
278488	21805834	2023-08-02T15:05:00	4	E	25.442	38.004791	-121.841338
278493	21805844	2023-08-02T15:08:00	680	S	44.891	37.889558	-122.058503
278535	21805894	2023-08-02T15:31:00	4	E	16.282	38.012596	-122.002277
278627	21806023	2023-08-02T16:19:00	680	S	50.995	37.969068	-122.058604
278659	21806068	2023-08-02T16:39:00	80	E	20.6	37.99184	-122.307909
278669	21806087	2023-08-02T16:53:00	4	W	20.036	38.019101	-121.937152
278670	21806088	2023-08-02T16:51:00	4	W	20.036	38.019101	-121.937152
278695	21806123	2023-08-02T17:06:00	242	N	0.8	37.96661	-122.048744
278702	21806133	2023-08-02T17:11:00	80	W	13.1	37.895221	-122.308233
278707	21806144	2023-08-02T17:16:00	80	E	27.8	38.066057	-122.225569
278722	21806165	2023-08-02T17:26:00	24	W	8.9	37.891793	-122.151758
278900	21806406	2023-08-02T19:18:00	580	E	69.0	37.928635	-122.385096
278949	21806489	2023-08-02T20:14:00	24	W	5.1	37.86612	-122.206946
278998	21806582	2023-08-02T21:32:00	680	N	49.189	37.945354	-122.058003
279003	21806587	2023-08-02T21:37:00	80	E	10.9	37.863935	-122.302816
279021	21806616	2023-08-02T21:58:00	4	E	22.429	38.017951	-121.894061
279022	21806617	2023-08-02T21:57:00	80	E	24.0	38.022089	-122.262691
279074	21806702	2023-08-02T23:16:00	24	E	4.5	37.858644	-122.212162
279076	21806705	2023-08-02T23:20:00	680	S	40.301	37.836427	-122.011894
279079	21806710	2023-08-02T23:25:00	80	E	23.2	38.013261	-122.270692
279097	21806749	2023-08-03T00:11:00	4	E	22.429	38.017951	-121.894061
279099	21806754	2023-08-03T00:22:00	4	E	23.108	38.015064	-121.882403
279185	21806905	2023-08-03T05:42:00	4	E	22.429	38.017951	-121.894061
279187	21806907	2023-08-03T05:38:00	4	E	22.429	38.017951	-121.894061
279203	21806926	2023-08-03T05:56:00	680	N	41.473	37.847983	-122.027629
279204	21806930	2023-08-03T06:03:00	4	E	23.108	38.015064	-121.882403
279205	21806931	2023-08-03T06:00:00	680	N	41.473	37.847983	-122.027629
279241	21807003	2023-08-03T06:49:00	242	S	2.0	37.983275	-122.041624
279242	21807004	2023-08-03T06:47:00	242	S	2.0	37.983275	-122.041624
279486	21807355	2023-08-03T10:01:00	680	N	41.473	37.847983	-122.027629
279551	21807443	2023-08-03T10:44:00	242	S	2.0	37.983275	-122.041624
279563	21807461	2023-08-03T10:56:00	24	W	11.1	37.895372	-122.113724
279579	21807481	2023-08-03T11:05:00	580	W	66.5	37.921761	-122.343181
279591	21807496	2023-08-03T11:17:00	4	W	20.036	38.019101	-121.937152
279599	21807508	2023-08-03T11:18:00	580	E	69.0	37.928635	-122.385096
279686	21807638	2023-08-03T12:48:00	680	S	47.694	37.923282	-122.061272
279687	21807639	2023-08-03T12:45:00	680	S	47.694	37.923282	-122.061272
279733	21807701	2023-08-03T13:21:00	80	W	28.0	38.06895	-122.227346
279738	21807709	2023-08-03T13:26:00	4	W	28.794	37.995591	-121.780403
279911	21807956	2023-08-03T15:24:00	80	W	13.4	37.898581	-122.309609
279913	21807958	2023-08-03T15:19:00	80	W	13.4	37.898581	-122.309609
279921	21807971	2023-08-03T15:29:00	680	N	42.845	37.865358	-122.03765
279923	21807973	2023-08-03T15:25:00	680	N	42.845	37.865358	-122.03765
279939	21807996	2023-08-03T15:38:00	4	E	28.825	37.99544	-121.781728
279940	21807997	2023-08-03T15:35:00	4	W	9.626	37.996431	-122.116998
279975	21808046	2023-08-03T15:53:00	80	E	21.5	37.99478	-122.291239
280006	21808090	2023-08-03T16:23:00	24	E	4.9	37.862496	-122.209079
280007	21808091	2023-08-03T16:15:00	24	E	4.9	37.862496	-122.209079
280019	21808104	2023-08-03T16:25:00	24	W	8.1	37.892846	-122.166865
280028	21808116	2023-08-03T16:32:00	4	W	20.036	38.019101	-121.937152
280029	21808117	2023-08-03T16:31:00	4	W	20.036	38.019101	-121.937152
280046	21808137	2023-08-03T16:43:00	4	E	23.664	38.012821	-121.872431
280048	21808139	2023-08-03T16:38:00	4	E	23.664	38.012821	-121.872431
280061	21808156	2023-08-03T16:53:00	24	E	11.7	37.8969	-122.101841
280062	21808157	2023-08-03T16:52:00	24	E	11.7	37.8969	-122.101841
280072	21808167	2023-08-03T16:55:00	680	S	44.498	37.884558	-122.054356
280091	21808193	2023-08-03T17:04:00	80	W	23.7	38.018484	-122.266235
280113	21808225	2023-08-03T17:23:00	680	N	41.658	37.850611	-122.028596
280175	21808307	2023-08-03T17:52:00	242	N	3.2	38.000481	-122.037725
280178	21808310	2023-08-03T17:47:00	242	N	3.2	38.000481	-122.037725
280228	21808376	2023-08-03T18:19:00	24	E	3.6	37.850088	-122.223172
280240	21808388	2023-08-03T18:27:00	580	E	70.1	37.932083	-122.40375
280258	21808409	2023-08-03T18:39:00	80	E	19.4	37.976599	-122.316855
280270	21808424	2023-08-03T18:41:00	680	N	39.258	37.827317	-121.997036
280271	21808425	2023-08-03T18:40:00	80	E	19.6	37.979938	-122.317059
280272	21808426	2023-08-03T18:38:00	80	E	29.1	38.082991	-122.233205
280289	21808450	2023-08-03T18:53:00	4	E	14.177	38.000947	-122.037852
280299	21808463	2023-08-03T19:03:00	4	E	12.399	37.994604	-122.069421
280300	21808464	2023-08-03T18:58:00	4	E	12.399	37.994604	-122.069421
280325	21808510	2023-08-03T19:28:00	242	N	2.1	37.98392	-122.041279
280326	21808511	2023-08-03T19:26:00	242	N	2.1	37.98392	-122.041279
280327	21808513	2023-08-03T19:24:00	242	N	1.9	37.98069	-122.042276
280349	21808547	2023-08-03T19:51:00	80	E	14.1	37.907164	-122.314949
280350	21808548	2023-08-03T19:48:00	4	W	0.091	38.01558	-122.270929
280359	21808572	2023-08-03T20:03:00	24	E	14.0	37.903398	-122.069808
280362	21808579	2023-08-03T20:10:00	4	W	35.569	37.920423	-121.732178
280455	21808734	2023-08-03T22:00:00	80	W	24.3	38.025745	-122.259506
280480	21808770	2023-08-03T22:29:00	580	E	72.3	37.935043	-122.444523
280498	21808797	2023-08-03T22:48:00	242	N	3.2	38.000481	-122.037725
280505	21808805	2023-08-03T22:55:00	4	E	23.108	38.015064	-121.882403
280507	21808808	2023-08-03T23:01:00	242	N	2.8	37.993791	-122.039167
280544	21808865	2023-08-04T00:07:00	580	E	68.2	37.927037	-122.370418
280545	21808866	2023-08-04T00:05:00	24	E	4.1	37.854646	-122.21709
280548	21808874	2023-08-04T00:08:00	4	E	9.058	37.991473	-122.12634
280589	21808941	2023-08-04T02:24:00	680	S	31.831	37.728617	-121.944331
280603	21808962	2023-08-04T03:07:00	80	E	15.7	37.930097	-122.324016
280607	21808968	2023-08-04T03:18:00	4	W	32.215	37.966301	-121.739069
280692	21809097	2023-08-04T06:00:00	24	E	8.5	37.892591	-122.159524
280693	21809098	2023-08-04T05:57:00	24	E	8.5	37.892591	-122.159524
280810	21809288	2023-08-04T07:54:00	24	W	8.9	37.891793	-122.151758
280817	21809297	2023-08-04T08:01:00	680	S	35.269	37.772788	-121.973169
280845	21809332	2023-08-04T08:18:00	4	E	30.995	37.982313	-121.746896
281023	21809596	2023-08-04T10:55:00	80	E	19.6	37.979938	-122.317059
281024	21809597	2023-08-04T10:54:00	680	N	52.53	37.990271	-122.06743
281055	21809642	2023-08-04T11:21:00	4	E	22.429	38.017951	-121.894061
281056	21809643	2023-08-04T11:20:00	4	E	22.429	38.017951	-121.894061
281070	21809662	2023-08-04T11:29:00	24	W	5.4	37.868261	-122.200872
281141	21809758	2023-08-04T12:26:00	580	E	74.3	37.942764	-122.478971
281216	21809861	2023-08-04T13:16:00	680	S	54.598	38.013232	-122.09078
281223	21809877	2023-08-04T13:24:00	24	W	8.9	37.891793	-122.151758
281224	21809878	2023-08-04T13:21:00	580	E	69.0	37.928635	-122.385096
281248	21809912	2023-08-04T13:43:00	580	E	69.0	37.928635	-122.385096
281287	21809966	2023-08-04T14:09:00	80	E	23.5	38.014349	-122.26689
281288	21809967	2023-08-04T14:06:00	80	E	23.5	38.014349	-122.26689
281294	21809975	2023-08-04T14:12:00	24	W	5.4	37.868261	-122.200872
281296	21809977	2023-08-04T14:05:00	80	E	21.5	37.99478	-122.291239
281359	21810059	2023-08-04T14:44:00	80	E	17.9	37.96006	-122.330376
281379	21810084	2023-08-04T14:54:00	4	W	18.744	38.022038	-121.960192
281483	21810228	2023-08-04T15:51:00	24	E	4.4	37.857645	-122.213246
281493	21810239	2023-08-04T15:56:00	24	E	10.4	37.892862	-122.125001
281494	21810240	2023-08-04T15:55:00	24	E	10.4	37.892862	-122.125001
281517	21810277	2023-08-04T16:11:00	4	E	12.358	37.994341	-122.070209
281528	21810291	2023-08-04T16:14:00	80	E	15.9	37.932417	-122.325715
281655	21810466	2023-08-04T17:27:00	80	W	28.3	38.072115	-122.229026
281664	21810481	2023-08-04T17:33:00	680	N	49.414	37.948301	-122.056705
281665	21810483	2023-08-04T17:31:00	680	N	49.414	37.948301	-122.056705
281692	21810519	2023-08-04T17:47:00	80	E	21.5	37.99478	-122.291239
281723	21810558	2023-08-04T17:56:00	242	N	2.0	37.982719	-122.041525
281729	21810564	2023-08-04T17:59:00	24	W	4.2	37.856175	-122.215656
281738	21810574	2023-08-04T18:07:00	24	W	2.7	37.850042	-122.238377
281750	21810589	2023-08-04T18:10:00	680	N	49.937	37.95548	-122.053382
281772	21810624	2023-08-04T18:23:00	24	E	8.5	37.892591	-122.159524
281792	21810647	2023-08-04T18:33:00	24	E	11.7	37.8969	-122.101841
281802	21810658	2023-08-04T18:41:00	24	E	8.5	37.892591	-122.159524
281803	21810659	2023-08-04T18:40:00	4	W	12.337	37.994782	-122.069526
281815	21810672	2023-08-04T18:44:00	680	N	51.842	37.980369	-122.065426
281847	21810715	2023-08-04T19:00:00	80	E	14.8	37.917301	-122.317317
281876	21810757	2023-08-04T19:29:00	4	E	31.395	37.977499	-121.743501
281961	21810905	2023-08-04T21:01:00	80	E	22.1	38.00026	-122.282937
281990	21810963	2023-08-04T21:48:00	4	E	14.23	38.004458	-122.038839
281995	21810972	2023-08-04T22:00:00	4	E	16.282	38.012596	-122.002277
281996	21810973	2023-08-04T21:57:00	680	S	54.598	38.013232	-122.09078
282001	21810981	2023-08-04T22:03:00	680	N	52.856	37.994782	-122.069526
282030	21811024	2023-08-04T22:41:00	4	W	16.263	38.013095	-122.001843
282161	21811243	2023-08-05T03:15:00	4	W	24.061	38.011402	-121.864671
282192	21811288	2023-08-05T04:25:00	24	E	4.5	37.858422	-122.211892
282197	21811296	2023-08-05T04:37:00	24	W	3.4	37.849078	-122.226591
282198	21811297	2023-08-05T04:36:00	24	E	3.3	37.848525	-122.2267
282217	21811331	2023-08-05T05:21:00	242	S	2.7	37.992591	-122.039625
282221	21811336	2023-08-05T05:23:00	4	E	11.91	37.991775	-122.077885
282242	21811370	2023-08-05T06:07:00	24	W	8.9	37.891793	-122.151758
282335	21811505	2023-08-05T08:09:00	680	N	29.207	37.69603	-121.920605
282342	21811517	2023-08-05T08:22:00	242	N	2.1	37.98392	-122.041279
282351	21811530	2023-08-05T08:38:00	80	E	29.6	38.089686	-122.230886
282352	21811531	2023-08-05T08:37:00	80	E	29.2	38.085088	-122.232855
282637	21811986	2023-08-05T13:10:00	24	E	2.1	37.845854	-122.247879
282701	21812079	2023-08-05T13:54:00	4	E	2.405	38.01046	-122.230175
282764	21812175	2023-08-05T14:51:00	4	E	22.429	38.017951	-121.894061
282767	21812178	2023-08-05T08:40:00	4	W	33.01	37.95542	-121.74441
282771	21812191	2023-08-05T15:00:00	24	W	5.1	37.86612	-122.206946
282780	21812202	2023-08-05T15:04:00	80	E	21.5	37.99478	-122.291239
282786	21812210	2023-08-05T15:09:00	580	W	68.2	37.927221	-122.37295
282822	21812257	2023-08-05T15:27:00	80	W	11.3	37.869523	-122.304749
282832	21812272	2023-08-05T15:37:00	4	E	14.23	38.004458	-122.038839
282834	21812274	2023-08-05T15:32:00	4	E	3.089	38.007576	-122.218584
282839	21812282	2023-08-05T15:24:00	4	E	4.414	38.012909	-122.195991
282867	21812324	2023-08-05T15:57:00	80	E	21.5	37.99478	-122.291239
282885	21812351	2023-08-05T16:16:00	4	W	34.105	37.940655	-121.739953
282890	21812358	2023-08-05T16:19:00	680	S	47.972	37.927223	-122.06066
282926	21812418	2023-08-05T16:53:00	680	N	59.511	38.070736	-122.125657
282929	21812421	2023-08-05T16:55:00	680	N	59.511	38.070736	-122.125657
282943	21812442	2023-08-05T17:04:00	680	N	46.866	37.912775	-122.06692
282959	21812464	2023-08-05T17:13:00	4	E	10.822	37.990649	-122.097279
282980	21812501	2023-08-05T17:29:00	680	N	28.436	37.685932	-121.916638
283004	21812538	2023-08-05T17:49:00	4	E	23.664	38.012821	-121.872431
283047	21812597	2023-08-05T18:34:00	4	E	18.134	38.023689	-121.972104
283066	21812629	2023-08-05T18:54:00	680	N	35.319	37.773638	-121.973283
283070	21812638	2023-08-05T19:02:00	680	N	47.991	37.928339	-122.060247
283084	21812661	2023-08-05T19:18:00	4	E	10.42	37.993192	-122.104465
283087	21812668	2023-08-05T19:20:00	24	E	4.5	37.858644	-122.212162
283146	21812762	2023-08-05T20:23:00	580	W	63.9	37.89741	-122.311741
283154	21812773	2023-08-05T20:35:00	680	N	31.669	37.726728	-121.942548
283176	21812813	2023-08-05T21:07:00	4	E	27.715	37.998106	-121.801068
283263	21812982	2023-08-05T23:22:00	680	S	35.873	37.780831	-121.97722
283292	21813028	2023-08-05T23:51:00	680	S	50.502	37.962947	-122.054342
283313	21813073	2023-08-06T00:18:00	4	E	27.171	37.998126	-121.811133
283335	21813118	2023-08-06T01:02:00	80	E	21.5	37.99478	-122.291239
283340	21813126	2023-08-06T01:05:00	80	W	11.3	37.869523	-122.304749
283346	21813141	2023-08-06T01:17:00	680	N	38.382	37.815103	-121.993179
283353	21813153	2023-08-06T01:27:00	160	N	0.0	38.000581	-121.754659
283357	21813159	2023-08-06T01:32:00	680	N	50.21	37.959712	-122.051595
283372	21813183	2023-08-06T01:53:00	4	E	19.751	38.018741	-121.942884
283447	21813297	2023-08-06T04:31:00	4	W	33.01	37.95542	-121.74441
283449	21813300	2023-08-06T04:34:00	4	W	16.263	38.013095	-122.001843
283456	21813314	2023-08-06T04:49:00	4	E	27.171	37.998126	-121.811133
283517	21813409	2023-08-06T07:09:00	4	W	16.263	38.013095	-122.001843
283663	21813648	2023-08-06T10:35:00	80	E	19.8	37.98325	-122.315941
283668	21813656	2023-08-06T10:47:00	80	W	15.9	37.93162	-122.325372
283686	21813686	2023-08-06T11:13:00	4	W	30.427	37.988982	-121.752267
284131	21814382	2023-08-06T17:57:00	580	W	70.0	37.932486	-122.403542
284170	21814455	2023-08-06T18:35:00	4	W	19.828	38.019102	-121.940875
284263	21814619	2023-08-06T20:30:00	680	N	29.584	37.700464	-121.92564
284293	21814668	2023-08-06T20:56:00	80	E	12.1	37.881207	-122.307852
284298	21814682	2023-08-06T21:07:00	680	N	45.038	37.89113	-122.060912
284299	21814683	2023-08-06T21:06:00	4	W	20.036	38.019101	-121.937152
284304	21814693	2023-08-06T21:09:00	680	N	42.845	37.865358	-122.03765
284312	21814709	2023-08-06T21:19:00	80	E	23.1	38.011875	-122.272168
284324	21814729	2023-08-06T21:40:00	24	W	8.9	37.891793	-122.151758
284503	21815027	2023-08-07T04:07:00	24	W	8.9	37.891793	-122.151758
284569	21815129	2023-08-07T06:16:00	4	E	22.429	38.017951	-121.894061
284612	21815232	2023-08-07T07:17:00	4	W	18.391	38.023255	-121.966585
284613	21815233	2023-08-07T07:16:00	4	W	16.263	38.013095	-122.001843
284638	21815271	2023-08-07T07:15:00	4	W	19.521	38.019089	-121.946589
284650	21815291	2023-08-07T07:46:00	4	W	25.717	38.003464	-121.835484
284679	21815333	2023-08-07T08:05:00	80	W	19.6	37.979573	-122.317375
284710	21815369	2023-08-07T08:26:00	4	W	16.962	38.017386	-121.990427
284711	21815370	2023-08-07T08:23:00	4	W	16.962	38.017386	-121.990427
284735	21815413	2023-08-07T08:48:00	242	S	1.6	37.977448	-122.044261
284820	21815524	2023-08-07T10:06:00	80	W	19.6	37.979573	-122.317375
284857	21815582	2023-08-07T10:41:00	80	W	27.2	38.056308	-122.225996
284865	21815593	2023-08-07T10:45:00	4	E	8.677	37.989925	-122.133315
284866	21815594	2023-08-07T10:43:00	4	E	8.677	37.989925	-122.133315
284875	21815607	2023-08-07T10:54:00	80	W	19.6	37.979573	-122.317375
284903	21815654	2023-08-07T11:16:00	80	W	11.6	37.872998	-122.305833
284919	21815677	2023-08-07T11:31:00	4	E	19.751	38.018741	-121.942884
284961	21815739	2023-08-07T12:00:00	24	W	12.4	37.898073	-122.09004
284964	21815745	2023-08-07T12:08:00	24	W	11.1	37.895372	-122.113724
284985	21815771	2023-08-07T12:23:00	4	W	20.036	38.019101	-121.937152
285060	21815888	2023-08-07T13:33:00	80	E	25.8	38.042706	-122.24148
285069	21815900	2023-08-07T13:37:00	24	E	4.5	37.858644	-122.212162
285102	21815946	2023-08-07T14:03:00	4	W	14.179	38.004968	-122.038364
285104	21815948	2023-08-07T14:01:00	4	W	18.744	38.022038	-121.960192
285130	21815982	2023-08-07T14:16:00	680	N	47.855	37.926362	-122.060449
285131	21815983	2023-08-07T14:15:00	4	W	28.794	37.995591	-121.780403
285132	21815984	2023-08-07T14:14:00	680	N	47.855	37.926362	-122.060449
285418	21816372	2023-08-07T17:04:00	24	W	12.4	37.898073	-122.09004
285419	21816373	2023-08-07T17:03:00	4	E	22.429	38.017951	-121.894061
285420	21816374	2023-08-07T17:02:00	4	E	22.429	38.017951	-121.894061
285421	21816375	2023-08-07T17:01:00	24	W	12.4	37.898073	-122.09004
285470	21816449	2023-08-07T17:30:00	24	W	8.9	37.891793	-122.151758
285496	21816487	2023-08-07T17:45:00	4	E	14.23	38.004458	-122.038839
285497	21816488	2023-08-07T17:44:00	80	W	29.5	38.088285	-122.231856
285503	21816497	2023-08-07T17:51:00	4	E	28.825	37.99544	-121.781728
285504	21816498	2023-08-07T17:50:00	680	N	38.683	37.819472	-121.993079
285515	21816513	2023-08-07T17:53:00	24	W	11.1	37.895372	-122.113724
285550	21816562	2023-08-07T18:21:00	4	W	29.694	37.991686	-121.765042
285557	21816570	2023-08-07T18:25:00	24	W	2.7	37.850042	-122.238377
285567	21816580	2023-08-07T18:32:00	580	W	64.3	37.902354	-122.315759
285576	21816592	2023-08-07T18:33:00	4	E	19.751	38.018741	-121.942884
285652	21816740	2023-08-07T20:07:00	680	S	48.324	37.932715	-122.060323
285658	21816749	2023-08-07T20:09:00	580	W	67.1	37.921855	-122.354109
285661	21816754	2023-08-07T20:14:00	242	S	0.2	37.956956	-122.053305
285869	21817112	2023-08-08T04:26:00	4	W	2.777	38.009209	-122.223901
285883	21817138	2023-08-08T04:57:00	4	W	34.105	37.940655	-121.739953
285889	21817145	2023-08-08T05:09:00	680	N	56.193	38.026944	-122.114167
285902	21817169	2023-08-08T05:37:00	4	E	11.91	37.991775	-122.077885
285904	21817173	2023-08-08T05:43:00	4	W	25.384	38.005247	-121.84187
286151	21817524	2023-08-08T08:45:00	80	W	17.9	37.959772	-122.330645
286171	21817549	2023-08-08T09:02:00	242	S	1.6	37.977448	-122.044261
286172	21817550	2023-08-08T09:00:00	242	S	1.6	37.977448	-122.044261
286257	21817667	2023-08-08T10:13:00	680	N	52.53	37.990271	-122.06743
286279	21817694	2023-08-08T10:33:00	80	W	11.6	37.872998	-122.305833
286319	21817760	2023-08-08T11:09:00	4	E	33.593	37.947685	-121.743882
286343	21817792	2023-08-08T11:30:00	24	W	8.1	37.892846	-122.166865
286367	21817836	2023-08-08T11:58:00	680	S	44.891	37.889558	-122.058503
286410	21817890	2023-08-08T12:30:00	80	W	11.3	37.869523	-122.304749
286441	21817929	2023-08-08T12:49:00	24	W	8.9	37.891793	-122.151758
286576	21818115	2023-08-08T14:37:00	680	N	44.388	37.884064	-122.05333
286602	21818153	2023-08-08T15:27:00	580	E	63.4	37.8916	-122.308817
286605	21818158	2023-08-08T15:15:00	242	N	1.1	37.970233	-122.047228
286607	21818160	2023-08-08T15:08:00	80	E	20.6	37.99184	-122.307909
286608	21818161	2023-08-08T15:07:00	80	E	20.6	37.99184	-122.307909
286614	21818167	2023-08-08T14:55:00	4	E	16.282	38.012596	-122.002277
286670	21818243	2023-08-08T15:48:00	24	W	5.7	37.868105	-122.195924
286671	21818244	2023-08-08T15:47:00	4	W	22.348	38.018567	-121.895066
286672	21818245	2023-08-08T15:46:00	80	W	11.3	37.869523	-122.304749
286673	21818246	2023-08-08T15:45:00	80	W	11.3	37.869523	-122.304749
286793	21818421	2023-08-08T17:06:00	680	N	43.721	37.876406	-122.046355
286828	21818464	2023-08-08T17:24:00	680	N	44.087	37.880482	-122.049827
286840	21818480	2023-08-08T17:30:00	80	E	20.6	37.99184	-122.307909
286851	21818494	2023-08-08T17:31:00	4	E	13.721	38.00229	-122.047248
286901	21818553	2023-08-08T18:03:00	4	E	13.332	38.000576	-122.054088
286903	21818555	2023-08-08T17:59:00	580	E	72.3	37.935043	-122.444523
287060	21818794	2023-08-08T20:17:00	80	W	29.3	38.085969	-122.232797
287061	21818795	2023-08-08T20:16:00	80	W	29.3	38.085969	-122.232797
287105	21818872	2023-08-08T21:13:00	24	E	8.1	37.892634	-122.165653
287190	21819000	2023-08-08T23:09:00	24	E	11.7	37.8969	-122.101841
287193	21819003	2023-08-08T23:17:00	24	E	4.5	37.858422	-122.211892
287194	21819004	2023-08-08T23:15:00	242	N	3.3	38.003865	-122.042102
287198	21819011	2023-08-08T23:16:00	4	E	28.348	37.996773	-121.789698
287221	21819055	2023-08-09T00:05:00	680	N	58.506	38.057187	-122.129504
287222	21819056	2023-08-09T00:11:00	680	N	58.506	38.057187	-122.129504
287237	21819077	2023-08-09T00:44:00	24	W	8.9	37.891793	-122.151758
287271	21819123	2023-08-09T02:17:00	4	E	18.134	38.023689	-121.972104
287315	21819179	2023-08-09T04:18:00	24	E	4.5	37.858644	-122.212162
287323	21819188	2023-08-09T04:32:00	580	W	70.3	37.932778	-122.408847
287328	21819194	2023-08-09T04:46:00	4	W	18.391	38.023255	-121.966585
287336	21819204	2023-08-09T04:54:00	4	W	29.694	37.991686	-121.765042
287411	21819325	2023-08-09T06:29:00	4	W	24.061	38.011402	-121.864671
287711	21819760	2023-08-09T10:28:00	4	E	19.751	38.018741	-121.942884
287807	21819898	2023-08-09T12:07:00	80	E	16.5	37.94046	-122.324391
287850	21819956	2023-08-09T12:46:00	4	W	20.036	38.019101	-121.937152
287851	21819957	2023-08-09T12:43:00	4	W	20.036	38.019101	-121.937152
288186	21820419	2023-08-09T16:37:00	80	E	21.5	37.99478	-122.291239
288187	21820420	2023-08-09T16:36:00	80	E	21.5	37.99478	-122.291239
288280	21820541	2023-08-09T17:28:00	4	W	20.036	38.019101	-121.937152
288299	21820581	2023-08-09T20:24:00	24	E	2.9	37.848602	-122.235179
288301	21820584	2023-08-09T20:00:00	80	W	15.6	37.927978	-122.32287
288339	21820656	2023-08-09T20:30:00	242	N	2.8	37.993791	-122.039167
288341	21820660	2023-08-09T20:36:00	160	N	0.0	38.001617	-121.754408
288354	21820687	2023-08-09T20:50:00	4	E	19.751	38.018741	-121.942884
288376	21820725	2023-08-09T21:24:00	80	E	27.1	38.055517	-122.224689
288381	21820734	2023-08-09T21:30:00	680	N	55.442	38.021623	-122.102612
288393	21820753	2023-08-09T21:48:00	680	N	31.108	37.720114	-121.937379
288397	21820759	2023-08-09T21:58:00	680	S	29.137	37.694397	-121.920222
288406	21820774	2023-08-09T22:12:00	4	E	16.282	38.012596	-122.002277
288417	21820793	2023-08-09T22:27:00	4	E	28.348	37.996773	-121.789698
288675	21821231	2023-08-10T07:37:00	680	S	56.147	38.02585	-122.11332
288685	21821247	2023-08-10T07:41:00	4	E	23.664	38.012821	-121.872431
289024	21821722	2023-08-10T12:13:00	680	N	45.038	37.89113	-122.060912
289053	21821768	2023-08-10T12:39:00	680	S	29.37	37.701642	-121.911281
289068	21821797	2023-08-10T12:53:00	680	S	35.873	37.780831	-121.97722
289073	21821804	2023-08-10T13:01:00	242	S	2.0	37.983275	-122.041624
289074	21821805	2023-08-10T13:00:00	242	S	2.0	37.983275	-122.041624
289191	21821960	2023-08-10T14:39:00	24	W	5.1	37.86612	-122.206946
289192	21821961	2023-08-10T14:37:00	24	W	5.1	37.86612	-122.206946
289302	21822105	2023-08-10T15:42:00	4	E	11.91	37.991775	-122.077885
289304	21822107	2023-08-10T15:40:00	4	E	11.91	37.991775	-122.077885
289329	21822140	2023-08-10T15:58:00	4	E	12.358	37.994341	-122.070209
289370	21822190	2023-08-10T16:15:00	24	E	4.1	37.854646	-122.21709
289438	21822279	2023-08-10T16:55:00	680	S	56.147	38.02585	-122.11332
289459	21822307	2023-08-10T17:07:00	24	W	8.9	37.891793	-122.151758
289685	21822629	2023-08-10T19:32:00	580	W	68.4	37.927347	-122.376283
289704	21822662	2023-08-10T19:59:00	80	E	17.4	37.952867	-122.327994
289730	21822702	2023-08-10T20:28:00	580	W	63.9	37.89741	-122.311741
289732	21822704	2023-08-10T20:26:00	4	E	28.348	37.996773	-121.789698
289751	21822731	2023-08-10T20:39:00	580	E	64.0	37.897115	-122.311689
289772	21822770	2023-08-10T21:14:00	80	E	23.5	38.014349	-122.26689
289782	21822794	2023-08-10T21:27:00	4	E	29.671	37.992016	-121.766556
289895	21822988	2023-08-11T00:54:00	4	E	32.346	37.964821	-121.740553
290003	21823142	2023-08-11T06:01:00	4	W	16.962	38.017386	-121.990427
290033	21823200	2023-08-11T06:42:00	680	N	38.683	37.819472	-121.993079
290082	21823279	2023-08-11T07:29:00	4	E	14.725	38.008166	-122.030414
290089	21823290	2023-08-11T07:35:00	80	E	25.8	38.042706	-122.24148
290115	21823322	2023-08-11T07:57:00	4	E	33.593	37.947685	-121.743882
290121	21823330	2023-08-11T08:02:00	4	E	25.442	38.004791	-121.841338
290122	21823331	2023-08-11T08:01:00	4	E	25.442	38.004791	-121.841338
290178	21823414	2023-08-11T08:53:00	680	S	36.165	37.784586	-121.979279
290203	21823450	2023-08-11T09:12:00	4	W	10.836	37.990762	-122.096283
290204	21823451	2023-08-11T09:10:00	4	W	10.836	37.990762	-122.096283
290220	21823471	2023-08-11T09:20:00	80	W	17.4	37.952263	-122.327903
290241	21823497	2023-08-11T09:41:00	4	W	22.348	38.018567	-121.895066
290271	21823544	2023-08-11T10:06:00	4	W	9.11	37.992411	-122.125089
290373	21823695	2023-08-11T11:40:00	4	E	22.429	38.017951	-121.894061
290375	21823697	2023-08-11T11:35:00	680	S	30.013	37.706333	-121.926113
290496	21823873	2023-08-11T13:20:00	242	S	2.7	37.992591	-122.039625
290550	21823950	2023-08-11T14:00:00	680	S	48.324	37.932715	-122.060323
290551	21823956	2023-08-11T14:08:00	80	W	23.7	38.018484	-122.266235
290557	21823964	2023-08-11T14:12:00	80	W	22.8	38.008424	-122.275602
290567	21823977	2023-08-11T14:17:00	4	E	22.078	38.019538	-121.90068
290841	21824372	2023-08-11T16:57:00	680	N	51.842	37.980369	-122.065426
290883	21824429	2023-08-11T17:15:00	4	E	18.812	38.021811	-121.960767
290885	21824431	2023-08-11T17:13:00	4	E	18.812	38.021811	-121.960767
290922	21824478	2023-08-11T17:30:00	680	S	34.564	37.763758	-121.967986
290932	21824494	2023-08-11T17:38:00	580	W	74.1	37.942605	-122.477717
290933	21824495	2023-08-11T17:37:00	680	S	50.362	37.960855	-122.053254
290934	21824496	2023-08-11T17:36:00	24	E	8.5	37.892591	-122.159524
291013	21824599	2023-08-11T18:14:00	4	E	14.23	38.004458	-122.038839
291109	21824744	2023-08-11T19:31:00	80	W	18.9	37.970799	-122.320338
291162	21824833	2023-08-11T20:21:00	24	E	8.5	37.892591	-122.159524
291316	21825095	2023-08-11T23:36:00	4	W	28.31	37.997154	-121.790106
291333	21825136	2023-08-12T00:14:00	4	W	13.715	38.002816	-122.046293
291370	21825194	2023-08-12T01:20:00	24	W	12.4	37.898073	-122.09004
291389	21825227	2023-08-12T01:50:00	4	E	22.429	38.017951	-121.894061
291405	21825256	2023-08-12T02:24:00	4	W	18.744	38.022038	-121.960192
291539	21825462	2023-08-12T07:21:00	24	E	4.5	37.858649	-122.212279
291541	21825465	2023-08-12T07:27:00	80	E	23.1	38.011875	-122.272168
291550	21825477	2023-08-12T07:34:00	580	W	70.0	37.932486	-122.403542
291561	21825491	2023-08-12T07:45:00	4	E	30.995	37.982313	-121.746896
291609	21825563	2023-08-12T08:44:00	80	W	22.2	38.00178	-122.281783
291610	21825564	2023-08-12T08:43:00	80	W	14.1	37.907481	-122.315399
291626	21825586	2023-08-12T09:04:00	580	W	68.2	37.927221	-122.37295
291630	21825592	2023-08-12T09:12:00	80	E	18.4	37.96469	-122.324915
291652	21825632	2023-08-12T09:38:00	4	E	28.348	37.996773	-121.789698
291825	21825884	2023-08-12T12:35:00	680	S	29.137	37.694397	-121.920222
291866	21825939	2023-08-12T12:59:00	4	W	24.061	38.011402	-121.864671
291915	21826007	2023-08-12T13:40:00	80	E	21.2	37.993899	-122.297627
291916	21826008	2023-08-12T13:42:00	80	E	21.2	37.993899	-122.297627
291970	21826083	2023-08-12T14:27:00	4	W	5.636	38.013022	-122.17456
291974	21826088	2023-08-12T14:28:00	4	E	32.346	37.964821	-121.740553
292078	21826242	2023-08-12T15:55:00	80	E	24.3	38.025458	-122.259564
292096	21826268	2023-08-12T16:14:00	680	S	57.439	38.041414	-122.123738
292115	21826300	2023-08-12T16:28:00	680	N	28.436	37.685932	-121.916638
292144	21826340	2023-08-12T16:50:00	4	E	13.969	38.003358	-122.042918
292155	21826362	2023-08-12T17:03:00	4	E	33.593	37.947685	-121.743882
292163	21826371	2023-08-12T17:07:00	680	N	52.856	37.994782	-122.069526
292175	21826385	2023-08-12T17:10:00	24	E	4.5	37.858422	-122.211892
292182	21826395	2023-08-12T17:18:00	4	E	22.429	38.017951	-121.894061
292190	21826406	2023-08-12T17:21:00	80	E	29.2	38.085088	-122.232855
292216	21826440	2023-08-12T17:37:00	4	E	19.751	38.018741	-121.942884
292275	21826522	2023-08-12T18:17:00	680	N	51.202	37.972058	-122.060864
292278	21826528	2023-08-12T18:21:00	80	W	16.5	37.940155	-122.324756
292280	21826530	2023-08-12T18:22:00	80	W	16.5	37.940155	-122.324756
292315	21826584	2023-08-12T18:53:00	580	E	69.0	37.928635	-122.385096
292330	21826610	2023-08-12T19:07:00	24	E	7.5	37.888907	-122.175662
292362	21826658	2023-08-12T19:31:00	580	W	74.1	37.942578	-122.477579
292366	21826665	2023-08-12T19:33:00	24	E	11.7	37.8969	-122.101841
292379	21826686	2023-08-12T19:51:00	24	E	8.5	37.892591	-122.159524
292381	21826690	2023-08-12T19:54:00	80	E	10.9	37.863935	-122.302816
292457	21826836	2023-08-12T21:36:00	580	W	69.1	37.929643	-122.387723
292479	21826874	2023-08-12T21:53:00	680	N	53.878	38.005573	-122.082507
292490	21826894	2023-08-12T22:13:00	580	W	69.8	37.93209	-122.399839
292496	21826914	2023-08-12T22:26:00	4	W	29.694	37.991686	-121.765042
292529	21826979	2023-08-12T23:15:00	4	E	8.677	37.989925	-122.133315
292560	21827044	2023-08-13T00:20:00	680	S	50.362	37.960855	-122.053254
292567	21827056	2023-08-13T00:36:00	4	W	25.717	38.003464	-121.835484
292573	21827069	2023-08-13T00:52:00	4	W	24.061	38.011402	-121.864671
292574	21827071	2023-08-13T00:54:00	4	W	24.061	38.011402	-121.864671
292576	21827076	2023-08-13T00:55:00	4	W	0.0	38.016052	-122.272507
292644	21827190	2023-08-13T02:49:00	24	E	6.6	37.87735	-122.184078
292681	21827260	2023-08-13T04:41:00	4	E	2.405	38.01046	-122.230175
292698	21827284	2023-08-13T05:20:00	4	E	14.23	38.004458	-122.038839
292797	21827437	2023-08-13T08:19:00	4	E	33.804	37.943992	-121.742118
292856	21827525	2023-08-13T09:50:00	80	E	14.8	37.917301	-122.317317
292864	21827538	2023-08-13T10:03:00	680	N	35.319	37.773638	-121.973283
292868	21827545	2023-08-13T10:13:00	242	S	0.2	37.956956	-122.053305
292883	21827570	2023-08-13T10:31:00	24	E	8.5	37.892591	-122.159524
292993	21827749	2023-08-13T12:28:00	4	E	25.929	38.002351	-121.832686
293172	21828019	2023-08-13T15:11:00	680	N	41.473	37.847983	-122.027629
293199	21828072	2023-08-13T15:36:00	80	W	11.3	37.869523	-122.304749
293219	21828100	2023-08-13T15:44:00	680	S	49.236	37.945369	-122.058286
293222	21828106	2023-08-13T15:58:00	4	E	30.247	37.99523	-121.755948
293228	21828114	2023-08-13T16:00:00	24	W	11.8	37.897448	-122.100763
293234	21828124	2023-08-13T16:07:00	80	E	16.5	37.939611	-122.324825
293272	21828190	2023-08-13T16:45:00	680	S	51.885	37.980061	-122.065556
293280	21828201	2023-08-13T16:48:00	24	W	8.1	37.892846	-122.166865
293295	21828223	2023-08-13T17:08:00	242	N	3.2	38.000481	-122.037725
293296	21828224	2023-08-13T17:07:00	242	N	3.2	38.000481	-122.037725
293315	21828254	2023-08-13T17:16:00	4	W	12.337	37.994782	-122.069526
293336	21828283	2023-08-13T17:37:00	4	E	23.664	38.012821	-121.872431
293352	21828309	2023-08-13T17:54:00	24	W	2.1	37.846222	-122.247945
293353	21828310	2023-08-13T17:51:00	680	S	44.891	37.889558	-122.058503
293361	21828323	2023-08-13T18:01:00	80	W	24.3	38.025745	-122.259506
293362	21828324	2023-08-13T18:00:00	242	S	2.0	37.983275	-122.041624
293366	21828333	2023-08-13T18:05:00	80	W	17.9	37.959772	-122.330645
293390	21828370	2023-08-13T18:26:00	242	S	2.2	37.985937	-122.041056
293626	21828771	2023-08-13T23:17:00	4	E	12.562	37.995586	-122.066559
293792	21829051	2023-08-14T06:05:00	242	N	2.8	37.993791	-122.039167
293932	21829261	2023-08-14T07:55:00	4	W	32.215	37.966301	-121.739069
294156	21829580	2023-08-14T10:53:00	4	E	22.429	38.017951	-121.894061
294177	21829617	2023-08-14T11:14:00	24	W	1.7	37.843503	-122.254967
294191	21829636	2023-08-14T11:23:00	4	W	16.263	38.013095	-122.001843
294211	21829663	2023-08-14T11:43:00	80	W	26.3	38.046954	-122.235761
294231	21829698	2023-08-14T12:03:00	80	W	13.8	37.903864	-122.312909
294270	21829755	2023-08-14T12:31:00	4	E	1.242	38.014589	-122.249975
294275	21829762	2023-08-14T12:36:00	4	E	2.635	38.009266	-122.22697
294365	21829898	2023-08-14T13:44:00	4	W	27.661	37.998404	-121.801574
294571	21830193	2023-08-14T15:56:00	580	W	73.2	37.938584	-122.461079
294670	21830332	2023-08-14T16:49:00	4	E	19.751	38.018741	-121.942884
294700	21830371	2023-08-14T17:06:00	680	S	51.885	37.980061	-122.065556
294708	21830380	2023-08-14T17:11:00	580	W	67.1	37.921855	-122.354109
294710	21830382	2023-08-14T17:09:00	580	W	67.1	37.921855	-122.354109
294727	21830401	2023-08-14T17:23:00	680	N	58.663	38.059332	-122.130402
294733	21830409	2023-08-14T17:22:00	680	N	57.433	38.042686	-122.121687
294736	21830413	2023-08-14T17:26:00	680	N	57.433	38.042692	-122.121678
294745	21830425	2023-08-14T17:30:00	4	W	5.636	38.013022	-122.17456
294761	21830445	2023-08-14T17:37:00	4	E	13.332	38.000576	-122.054088
294768	21830454	2023-08-14T17:48:00	580	W	67.1	37.921855	-122.354109
294791	21830488	2023-08-14T18:01:00	242	N	2.0	37.982719	-122.041525
294812	21830514	2023-08-14T18:09:00	4	W	24.061	38.011402	-121.864671
294813	21830515	2023-08-14T18:07:00	4	E	12.146	37.993242	-122.073397
294825	21830530	2023-08-14T18:12:00	80	E	16.5	37.94046	-122.324391
294884	21830612	2023-08-14T18:59:00	80	E	20.4	37.990514	-122.310454
294887	21830623	2023-08-14T19:09:00	4	W	2.777	38.009209	-122.223901
294921	21830687	2023-08-14T19:46:00	580	W	70.0	37.932486	-122.403542
294935	21830704	2023-08-14T19:56:00	4	W	22.348	38.018567	-121.895066
295039	21830871	2023-08-14T22:21:00	80	W	17.9	37.959772	-122.330645
295044	21830876	2023-08-14T22:23:00	80	W	15.6	37.927978	-122.32287
295047	21830879	2023-08-14T22:33:00	4	E	13.969	38.003358	-122.042918
295224	21831167	2023-08-15T06:20:00	4	W	16.263	38.013095	-122.001843
295230	21831178	2023-08-15T06:25:00	4	W	16.263	38.013095	-122.001843
295237	21831193	2023-08-15T06:36:00	4	E	2.635	38.009266	-122.22697
295301	21831283	2023-08-15T07:30:00	580	E	74.2	37.942595	-122.47827
295321	21831310	2023-08-15T07:47:00	24	E	6.4	37.874851	-122.18658
295322	21831311	2023-08-15T07:46:00	24	E	6.4	37.874851	-122.18658
295341	21831345	2023-08-15T07:56:00	80	W	17.9	37.959772	-122.330645
295372	21831391	2023-08-15T08:21:00	680	S	41.829	37.852397	-122.029072
295379	21831402	2023-08-15T08:26:00	680	S	47.972	37.927223	-122.06066
295380	21831403	2023-08-15T08:25:00	680	S	47.972	37.927223	-122.06066
295385	21831411	2023-08-15T08:34:00	24	W	5.1	37.86612	-122.206946
295568	21831644	2023-08-15T11:13:00	24	E	6.4	37.874851	-122.18658
295589	21831673	2023-08-15T11:35:00	680	N	56.303	38.027878	-122.1155
295607	21831704	2023-08-15T12:00:00	4	W	5.636	38.013022	-122.17456
295640	21831748	2023-08-15T12:24:00	4	W	0.311	38.018239	-122.266264
295641	21831749	2023-08-15T12:23:00	4	W	0.311	38.018239	-122.266264
295660	21831776	2023-08-15T12:39:00	24	W	6.4	37.875588	-122.187732
295815	21832017	2023-08-15T14:44:00	580	W	67.1	37.921855	-122.354109
295872	21832093	2023-08-15T15:15:00	680	N	31.108	37.720114	-121.937379
295906	21832135	2023-08-15T15:38:00	680	N	46.866	37.912775	-122.06692
295907	21832136	2023-08-15T15:37:00	4	W	22.348	38.018567	-121.895066
296099	21832393	2023-08-15T17:28:00	24	E	12.8	37.897394	-122.081878
296158	21832462	2023-08-15T17:52:00	680	N	43.721	37.876406	-122.046355
296172	21832490	2023-08-15T18:04:00	80	E	19.0	37.971598	-122.319869
296173	21832491	2023-08-15T18:03:00	80	E	19.0	37.971598	-122.319869
296200	21832524	2023-08-15T18:17:00	80	E	17.4	37.952867	-122.327994
296201	21832525	2023-08-15T18:15:00	80	E	17.4	37.952867	-122.327994
296208	21832536	2023-08-15T18:22:00	4	W	23.37	38.013977	-121.876289
296212	21832543	2023-08-15T18:24:00	4	W	23.37	38.013977	-121.876289
296224	21832557	2023-08-15T18:31:00	680	N	28.923	37.692391	-121.91918
296225	21832558	2023-08-15T18:28:00	680	N	28.436	37.685932	-121.916638
296242	21832583	2023-08-15T18:45:00	680	N	57.433	38.042939	-122.121808
296270	21832626	2023-08-15T19:15:00	24	E	6.7	37.878599	-122.183245
296399	21832829	2023-08-15T21:25:00	80	W	17.9	37.959772	-122.330645
296407	21832844	2023-08-15T21:35:00	24	W	4.5	37.858736	-122.212489
296421	21832865	2023-08-15T21:51:00	4	E	16.604	38.013625	-121.996839
296697	21833315	2023-08-16T07:10:00	680	N	57.877	38.048506	-122.12613
296698	21833317	2023-08-16T07:14:00	680	N	57.877	38.048506	-122.12613
296713	21833341	2023-08-16T07:20:00	680	S	35.873	37.780831	-121.97722
296756	21833412	2023-08-16T07:49:00	4	W	2.777	38.009209	-122.223901
297002	21833774	2023-08-16T11:06:00	680	N	51.842	37.980369	-122.065426
297003	21833775	2023-08-16T11:03:00	680	N	50.46	37.962458	-122.053879
297032	21833810	2023-08-16T11:24:00	680	S	57.439	38.041414	-122.123738
297046	21833829	2023-08-16T11:39:00	24	E	6.4	37.874851	-122.18658
297091	21833906	2023-08-16T12:32:00	4	W	16.263	38.013095	-122.001843
297101	21833918	2023-08-16T12:35:00	680	N	46.316	37.905243	-122.069406
297122	21833944	2023-08-16T12:52:00	80	W	21.4	37.994565	-122.293846
297182	21834027	2023-08-16T13:38:00	4	W	10.836	37.990762	-122.096283
297339	21834258	2023-08-16T15:15:00	80	E	30.0	38.095102	-122.229737
297351	21834274	2023-08-16T15:21:00	80	W	13.1	37.895221	-122.308233
297366	21834292	2023-08-16T15:32:00	242	N	0.8	37.96661	-122.048744
297368	21834294	2023-08-16T15:29:00	80	E	19.8	37.98325	-122.315941
297398	21834333	2023-08-16T15:44:00	4	E	23.108	38.015064	-121.882403
297403	21834341	2023-08-16T15:53:00	680	N	45.856	37.898794	-122.070698
297413	21834358	2023-08-16T16:04:00	80	W	21.3	37.994255	-122.296122
297426	21834373	2023-08-16T16:06:00	680	S	35.487	37.775434	-121.974498
297457	21834422	2023-08-16T16:22:00	4	E	27.171	37.998126	-121.811133
297468	21834436	2023-08-16T16:34:00	4	W	18.744	38.022038	-121.960192
297502	21834482	2023-08-16T16:52:00	680	S	37.987	37.80853	-121.991808
297504	21834484	2023-08-16T16:48:00	80	E	20.6	37.99184	-122.307909
297549	21834551	2023-08-16T17:17:00	680	S	41.955	37.854064	-122.02935
297560	21834565	2023-08-16T17:23:00	680	N	50.975	37.969452	-122.058735
297561	21834566	2023-08-16T17:21:00	680	N	50.975	37.969452	-122.058735
297582	21834601	2023-08-16T17:36:00	4	E	13.721	38.00229	-122.047248
297706	21834771	2023-08-16T18:51:00	80	E	21.5	37.99478	-122.291239
297722	21834793	2023-08-16T18:54:00	80	E	21.5	37.99478	-122.291239
297749	21834838	2023-08-16T19:34:00	680	S	29.137	37.694397	-121.920222
297754	21834846	2023-08-16T19:37:00	24	E	5.1	37.865846	-122.207047
297873	21835061	2023-08-16T22:09:00	4	E	13.332	38.000576	-122.054088
297902	21835111	2023-08-16T23:16:00	580	W	66.2	37.921561	-122.337956
297922	21835144	2023-08-16T23:48:00	4	E	19.751	38.018741	-121.942884
298041	21835322	2023-08-17T04:55:00	4	W	25.717	38.003464	-121.835484
298110	21835452	2023-08-17T06:36:00	242	S	0.2	37.956956	-122.053305
298199	21835586	2023-08-17T07:46:00	80	E	28.1	38.06908	-122.226588
298240	21835642	2023-08-17T08:10:00	680	S	52.452	37.988532	-122.067273
298275	21835701	2023-08-17T08:43:00	4	E	20.104	38.018752	-121.937094
298286	21835713	2023-08-17T08:40:00	680	S	49.822	37.953265	-122.05476
298334	21835778	2023-08-17T09:13:00	24	E	4.1	37.854646	-122.21709
298337	21835783	2023-08-17T09:18:00	80	W	14.6	37.914584	-122.317505
298346	21835796	2023-08-17T09:25:00	80	W	22.2	38.00178	-122.281783
298357	21835812	2023-08-17T09:37:00	24	E	8.1	37.892634	-122.165653
298494	21836029	2023-08-17T11:39:00	4	E	19.751	38.018741	-121.942884
298498	21836033	2023-08-17T11:40:00	4	E	20.104	38.018752	-121.937094
298504	21836041	2023-08-17T11:47:00	4	E	26.414	38.000165	-121.824832
298505	21836042	2023-08-17T11:46:00	4	E	26.414	38.000165	-121.824832
298516	21836057	2023-08-17T11:49:00	4	E	27.715	37.998106	-121.801068
298635	21836227	2023-08-17T13:28:00	24	W	8.9	37.891793	-122.151758
298672	21836282	2023-08-17T13:59:00	24	W	4.5	37.859017	-122.212786
298720	21836348	2023-08-17T14:33:00	24	E	6.4	37.874851	-122.18658
298749	21836391	2023-08-17T14:58:00	680	S	45.272	37.892761	-122.064902
298750	21836392	2023-08-17T14:57:00	80	E	14.1	37.907164	-122.314949
298810	21836464	2023-08-17T15:28:00	4	W	28.794	37.995591	-121.780403
298812	21836466	2023-08-17T15:25:00	680	N	42.444	37.861176	-122.032978
298821	21836478	2023-08-17T15:29:00	4	W	22.348	38.018567	-121.895066
298862	21836542	2023-08-17T15:52:00	24	E	8.5	37.892591	-122.159524
298935	21836636	2023-08-17T16:40:00	80	E	20.6	37.99184	-122.307909
298936	21836638	2023-08-17T16:36:00	80	E	20.6	37.99184	-122.307909
298997	21836724	2023-08-17T17:16:00	4	W	18.744	38.022038	-121.960192
298998	21836725	2023-08-17T17:15:00	4	W	18.744	38.022038	-121.960192
299040	21836786	2023-08-17T17:35:00	4	E	16.282	38.012596	-122.002277
299070	21836832	2023-08-17T17:57:00	4	W	18.744	38.022038	-121.960192
299071	21836833	2023-08-17T17:56:00	4	E	11.91	37.991775	-122.077885
299083	21836851	2023-08-17T17:59:00	4	E	11.91	37.991775	-122.077885
299084	21836852	2023-08-17T17:58:00	80	W	20.7	37.992603	-122.306302
299093	21836863	2023-08-17T18:03:00	4	E	12.399	37.991409	-122.068191
299305	21837227	2023-08-17T21:38:00	24	W	2.1	37.846222	-122.247945
299326	21837263	2023-08-17T22:07:00	80	E	25.8	38.042706	-122.24148
299346	21837293	2023-08-17T22:28:00	4	E	16.282	38.012596	-122.002277
299353	21837308	2023-08-17T22:40:00	4	W	16.263	38.013095	-122.001843
299370	21837331	2023-08-17T23:02:00	4	E	18.134	38.023689	-121.972104
299499	21837518	2023-08-18T04:26:00	80	E	18.9	37.969909	-122.320442
299509	21837532	2023-08-18T04:39:00	580	E	70.1	37.932083	-122.40375
299530	21837568	2023-08-18T05:19:00	4	W	20.036	38.019101	-121.937152
299608	21837720	2023-08-18T07:02:00	80	W	29.8	38.093473	-122.23029
299617	21837732	2023-08-18T07:04:00	80	W	29.8	38.093473	-122.23029
299627	21837748	2023-08-18T07:17:00	24	E	6.4	37.874851	-122.18658
299629	21837750	2023-08-18T07:15:00	24	E	6.4	37.874851	-122.18658
299668	21837810	2023-08-18T07:54:00	80	E	28.3	38.07247	-122.228965
299697	21837865	2023-08-18T08:22:00	24	E	9.0	37.891181	-122.150167
299737	21837925	2023-08-18T08:53:00	580	E	65.5	37.915427	-122.326949
299761	21837960	2023-08-18T09:12:00	242	S	2.7	37.992591	-122.039625
299762	21837961	2023-08-18T09:11:00	242	S	2.7	37.992591	-122.039625
299774	21837984	2023-08-18T09:27:00	680	N	37.79	37.806862	-121.990775
299832	21838065	2023-08-18T10:02:00	80	W	25.9	38.043044	-122.241306
299837	21838071	2023-08-18T10:12:00	80	W	25.9	38.043044	-122.241306
299853	21838094	2023-08-18T10:20:00	4	E	20.104	38.018752	-121.937094
299948	21838221	2023-08-18T11:31:00	680	N	44.388	37.884064	-122.05333
299972	21838260	2023-08-18T11:50:00	24	E	8.5	37.892591	-122.159524
299974	21838262	2023-08-18T11:46:00	24	E	8.5	37.892591	-122.159524
300011	21838323	2023-08-18T12:20:00	80	W	12.1	37.881911	-122.308246
300019	21838333	2023-08-18T12:29:00	4	E	26.804	37.998353	-121.81803
300020	21838334	2023-08-18T12:26:00	4	E	26.804	37.998353	-121.81803
300041	21838361	2023-08-18T12:41:00	680	S	49.236	37.945369	-122.058286
300046	21838370	2023-08-18T12:49:00	680	N	49.937	37.95548	-122.053382
300051	21838380	2023-08-18T12:53:00	4	W	25.717	38.003464	-121.835484
300053	21838382	2023-08-18T12:51:00	4	W	25.717	38.003464	-121.835484
300256	21838667	2023-08-18T14:53:00	680	N	29.709	37.703039	-121.923399
300283	21838705	2023-08-18T15:09:00	680	N	31.669	37.726728	-121.942548
300301	21838729	2023-08-18T15:23:00	242	N	2.8	37.993791	-122.039167
300302	21838730	2023-08-18T15:22:00	80	E	28.1	38.06908	-122.226588
300312	21838744	2023-08-18T15:25:00	680	N	39.258	37.827317	-121.997036
300313	21838745	2023-08-18T15:24:00	680	N	39.258	37.827317	-121.997036
300718	21839285	2023-08-18T19:08:00	80	E	23.7	38.018239	-122.266264
300737	21839312	2023-08-18T19:22:00	680	N	31.108	37.720114	-121.937379
300748	21839330	2023-08-18T19:28:00	24	W	5.7	37.868105	-122.195924
300824	21839466	2023-08-18T20:48:00	160	N	0.7	38.015558	-121.751468
300860	21839533	2023-08-18T21:29:00	4	E	16.282	38.012596	-122.002277
301041	21839849	2023-08-19T02:40:00	4	W	4.968	38.016331	-122.186186
301145	21840037	2023-08-19T06:42:00	4	W	13.31	38.000983	-122.053668
301146	21840038	2023-08-19T06:41:00	4	E	10.42	37.993192	-122.104465
301363	21840376	2023-08-19T10:50:00	24	W	5.7	37.868105	-122.195924
301624	21840780	2023-08-19T14:39:00	80	E	22.1	38.00026	-122.282937
301653	21840827	2023-08-19T15:11:00	4	E	18.134	38.023689	-121.972104
301654	21840828	2023-08-19T15:10:00	580	W	64.8	37.908665	-122.320973
301678	21840861	2023-08-19T15:24:00	24	W	1.7	37.843503	-122.254967
301690	21840877	2023-08-19T15:29:00	4	E	16.999	38.016763	-121.990745
301761	21841008	2023-08-19T16:40:00	680	S	39.773	37.8317	-122.004258
301766	21841015	2023-08-19T16:48:00	680	S	44.891	37.889558	-122.058503
301816	21841103	2023-08-19T17:37:00	580	W	68.2	37.927221	-122.37295
301817	21841104	2023-08-19T17:36:00	4	E	16.999	38.016763	-121.990745
301855	21841161	2023-08-19T18:12:00	680	N	45.789	37.897483	-122.081196
301864	21841185	2023-08-19T18:19:00	80	E	24.3	38.025458	-122.259564
301872	21841207	2023-08-19T18:34:00	680	N	50.46	37.962458	-122.053879
301895	21841239	2023-08-19T18:47:00	242	N	3.2	38.000481	-122.037725
301905	21841255	2023-08-19T19:01:00	580	W	65.8	37.919271	-122.331368
301925	21841292	2023-08-19T19:28:00	4	E	25.442	38.004791	-121.841338
301928	21841298	2023-08-19T19:31:00	24	E	4.5	37.858644	-122.212162
301933	21841305	2023-08-19T19:36:00	80	E	28.1	38.069722	-122.226905
301937	21841313	2023-08-19T19:42:00	24	E	3.7	37.851469	-122.222575
301950	21841333	2023-08-19T19:58:00	24	E	4.1	37.854646	-122.21709
301966	21841366	2023-08-19T20:23:00	24	W	5.1	37.86612	-122.206946
301981	21841396	2023-08-19T20:42:00	580	E	65.9	37.919273	-122.331718
301984	21841403	2023-08-19T20:46:00	80	E	23.1	38.011875	-122.272168
301993	21841416	2023-08-19T20:49:00	580	W	63.9	37.89741	-122.311741
302035	21841500	2023-08-19T21:38:00	4	E	8.677	37.989925	-122.133315
302043	21841512	2023-08-19T21:57:00	4	E	19.751	38.018741	-121.942884
302054	21841526	2023-08-19T22:13:00	4	E	27.171	37.998126	-121.811133
302223	21841840	2023-08-20T02:38:00	24	W	12.9	37.897483	-122.081196
302231	21841855	2023-08-20T02:54:00	4	E	23.664	38.012821	-121.872431
302234	21841859	2023-08-20T03:01:00	4	W	20.036	38.019101	-121.937152
302253	21841885	2023-08-20T03:33:00	80	W	21.3	37.994255	-122.296122
302259	21841895	2023-08-20T03:41:00	4	E	2.405	38.01046	-122.230175
302565	21842301	2023-08-20T09:00:00	160	N	0.0	37.99523	-121.755948
302597	21842342	2023-08-20T09:27:00	242	N	1.9	37.98069	-122.042276
302702	21842482	2023-08-20T10:35:00	4	E	18.134	38.023689	-121.972104
303039	21842937	2023-08-20T13:44:00	680	S	50.362	37.960855	-122.053254
303121	21843037	2023-08-20T14:27:00	4	W	10.836	37.990762	-122.096283
303266	21843219	2023-08-20T15:35:00	24	E	1.5	37.842309	-122.257679
303277	21843231	2023-08-20T15:43:00	80	E	15.7	37.930097	-122.324016
303358	21843330	2023-08-20T16:22:00	4	E	4.414	38.012909	-122.195991
303540	21843566	2023-08-20T17:46:00	80	E	17.4	37.952867	-122.327994
303553	21843580	2023-08-20T17:53:00	80	E	19.8	37.98325	-122.315941
303613	21843659	2023-08-20T18:21:00	80	E	19.0	37.971598	-122.319869
303631	21843685	2023-08-20T18:33:00	4	E	5.671	38.012858	-122.174702
303633	21843688	2023-08-20T18:29:00	4	E	9.058	37.991473	-122.12634
303694	21843773	2023-08-20T19:06:00	4	E	3.537	38.007701	-122.21057
303743	21843845	2023-08-20T19:42:00	4	W	33.01	37.95542	-121.74441
303751	21843855	2023-08-20T19:47:00	4	W	27.661	37.998404	-121.801574
303776	21843895	2023-08-20T19:59:00	80	W	22.8	38.008424	-122.275602
303793	21843924	2023-08-20T20:16:00	680	N	29.709	37.703039	-121.923399
303817	21843962	2023-08-20T20:25:00	4	W	12.337	37.994782	-122.069526
303830	21843981	2023-08-20T20:36:00	80	W	23.7	38.018484	-122.266235
303867	21844039	2023-08-20T21:11:00	680	N	55.442	38.021623	-122.102612
303868	21844041	2023-08-20T21:12:00	680	S	46.565	37.908558	-122.068713
303869	21844042	2023-08-20T21:10:00	80	E	12.1	37.881746	-122.307966
303893	21844076	2023-08-20T21:23:00	242	S	1.7	37.978593	-122.04363
303996	21844253	2023-08-20T23:17:00	4	W	22.348	38.018567	-121.895066
304000	21844259	2023-08-20T23:21:00	4	W	18.744	38.022038	-121.960192
304263	21844678	2023-08-21T06:08:00	680	N	47.56	37.922044	-122.061426
304297	21844736	2023-08-21T06:43:00	4	E	26.414	38.000165	-121.824832
304388	21844883	2023-08-21T07:52:00	4	E	18.812	38.021811	-121.960767
304581	21845177	2023-08-21T10:27:00	80	E	15.7	37.930097	-122.324016
304582	21845178	2023-08-21T10:26:00	80	E	15.7	37.930097	-122.324016
304589	21845194	2023-08-21T10:38:00	242	S	0.2	37.956956	-122.053305
304591	21845196	2023-08-21T10:36:00	80	E	20.4	37.990514	-122.310454
304665	21845300	2023-08-21T11:43:00	580	E	69.5	37.932063	-122.393621
304709	21845375	2023-08-21T12:23:00	24	W	8.9	37.891793	-122.151758
304715	21845382	2023-08-21T12:28:00	4	W	1.147	38.014414	-122.25234
305142	21846006	2023-08-21T17:46:00	80	W	28.8	38.078904	-122.233045
305143	21846007	2023-08-21T17:48:00	80	W	28.8	38.078904	-122.233045
305170	21846042	2023-08-21T18:03:00	4	E	14.23	38.004458	-122.038839
305438	21846460	2023-08-21T23:49:00	4	E	30.995	37.982313	-121.746896
305456	21846495	2023-08-22T00:59:00	4	E	16.282	38.012596	-122.002277
305854	21847070	2023-08-22T09:42:00	24	W	5.1	37.86612	-122.206946
305855	21847071	2023-08-22T09:40:00	24	W	5.1	37.86612	-122.206946
305856	21847072	2023-08-22T09:39:00	242	S	2.9	37.994816	-122.039153
305914	21847154	2023-08-22T10:23:00	580	W	70.3	37.932773	-122.409349
305960	21847233	2023-08-22T11:15:00	4	E	4.864	38.01589	-122.188886
306197	21847574	2023-08-22T14:26:00	680	S	39.773	37.8317	-122.004258
306219	21847605	2023-08-22T14:39:00	580	W	68.2	37.927221	-122.37295
306257	21847661	2023-08-22T15:07:00	4	E	28.348	37.996773	-121.789698
306258	21847662	2023-08-22T15:06:00	4	E	28.348	37.996773	-121.789698
306259	21847663	2023-08-22T15:05:00	4	E	24.198	38.01073	-121.863155
306260	21847664	2023-08-22T15:03:00	4	E	24.198	38.01073	-121.863155
306261	21847665	2023-08-22T15:02:00	4	E	25.929	38.002351	-121.832686
306279	21847697	2023-08-22T15:18:00	4	E	24.198	38.01073	-121.863155
306375	21847841	2023-08-22T16:24:00	24	E	8.5	37.892591	-122.159524
306376	21847842	2023-08-22T16:22:00	4	W	28.31	37.997154	-121.790106
306377	21847843	2023-08-22T16:21:00	24	E	8.5	37.892591	-122.159524
306388	21847858	2023-08-22T16:29:00	80	E	29.7	38.091861	-122.230205
306406	21847883	2023-08-22T16:36:00	80	W	26.7	38.051564	-122.229486
306426	21847913	2023-08-22T16:52:00	4	E	16.282	38.012596	-122.002277
306512	21848024	2023-08-22T17:37:00	4	W	22.348	38.018567	-121.895066
306513	21848025	2023-08-22T17:34:00	80	E	17.4	37.952867	-122.327994
306542	21848062	2023-08-22T17:53:00	4	E	9.058	37.991473	-122.12634
306545	21848065	2023-08-22T17:50:00	80	W	15.6	37.927978	-122.32287
306562	21848089	2023-08-22T18:03:00	580	E	72.3	37.935043	-122.444523
306587	21848123	2023-08-22T18:14:00	80	E	21.5	37.99478	-122.291239
306588	21848124	2023-08-22T18:04:00	580	W	67.4	37.923037	-122.358813
306608	21848148	2023-08-22T18:28:00	680	S	59.612	38.070844	-122.125788
306625	21848170	2023-08-22T18:41:00	4	W	19.521	38.019089	-121.946589
306637	21848188	2023-08-22T18:50:00	80	W	15.6	37.927978	-122.32287
306660	21848222	2023-08-22T19:08:00	4	W	34.755	37.931858	-121.735855
306771	21848396	2023-08-22T21:11:00	24	W	4.2	37.856175	-122.215656
306785	21848415	2023-08-22T21:32:00	80	W	11.3	37.869523	-122.304749
306796	21848431	2023-08-22T21:41:00	4	E	33.593	37.947685	-121.743882
306829	21848481	2023-08-22T21:14:00	580	W	65.8	37.919271	-122.331368
307272	21849178	2023-08-23T09:20:00	4	E	16.282	38.012596	-122.002277
307278	21849186	2023-08-23T09:22:00	4	E	16.282	38.012596	-122.002277
307311	21849238	2023-08-23T09:58:00	4	W	33.01	37.95542	-121.74441
307312	21849239	2023-08-23T09:55:00	4	W	31.03	37.982452	-121.746491
307313	21849240	2023-08-23T09:52:00	24	W	6.4	37.875588	-122.187732
307318	21849250	2023-08-23T09:59:00	580	W	67.1	37.921855	-122.354109
307345	21849285	2023-08-23T10:18:00	80	E	28.7	38.076638	-122.231967
307346	21849287	2023-08-23T10:20:00	80	E	28.7	38.077469	-122.233727
307404	21849367	2023-08-23T11:00:00	4	W	26.728	37.998674	-121.817967
307409	21849375	2023-08-23T11:03:00	80	W	11.3	37.869523	-122.304749
307580	21849609	2023-08-23T13:21:00	4	E	19.751	38.018741	-121.942884
307625	21849676	2023-08-23T13:55:00	580	W	65.8	37.919271	-122.331368
307642	21849700	2023-08-23T14:13:00	80	E	29.6	38.089686	-122.230886
307680	21849749	2023-08-23T14:36:00	680	N	45.856	37.898794	-122.070698
307700	21849778	2023-08-23T14:53:00	24	E	6.4	37.874851	-122.18658
307711	21849791	2023-08-23T14:57:00	680	N	53.878	38.005573	-122.082507
307758	21849848	2023-08-23T15:21:00	242	S	2.7	37.992591	-122.039625
308370	21850706	2023-08-23T23:38:00	4	E	27.715	37.998106	-121.801068
308503	21850960	2023-08-24T06:57:00	4	W	33.01	37.95542	-121.74441
308505	21850962	2023-08-24T06:53:00	680	S	28.804	37.69002	-121.918519
308555	21851040	2023-08-24T07:24:00	4	W	34.105	37.940655	-121.739953
308708	21851265	2023-08-24T09:17:00	680	S	50.995	37.969068	-122.058604
308710	21851267	2023-08-24T09:10:00	680	S	50.995	37.969068	-122.058604
308726	21851296	2023-08-24T09:38:00	24	W	8.9	37.891793	-122.151758
308782	21851379	2023-08-24T10:33:00	680	N	35.319	37.773638	-121.973283
308787	21851391	2023-08-24T10:40:00	680	N	35.319	37.773638	-121.973283
308789	21851396	2023-08-24T10:48:00	4	W	13.968	38.003865	-122.042102
308790	21851397	2023-08-24T10:47:00	4	W	13.968	38.003865	-122.042102
308820	21851438	2023-08-24T11:13:00	680	N	51.202	37.972058	-122.060864
308828	21851447	2023-08-24T11:17:00	580	W	74.2	37.942881	-122.478942
308829	21851448	2023-08-24T11:16:00	580	W	72.2	37.935097	-122.444517
308858	21851484	2023-08-24T11:42:00	80	W	15.6	37.927978	-122.32287
308876	21851511	2023-08-24T11:54:00	4	E	10.42	37.993192	-122.104465
309286	21852094	2023-08-24T16:40:00	80	E	18.4	37.96469	-122.324915
309287	21852095	2023-08-24T16:39:00	80	W	11.3	37.869523	-122.304749
309334	21852159	2023-08-24T17:06:00	4	W	22.348	38.018567	-121.895066
309342	21852169	2023-08-24T17:12:00	4	E	13.332	38.000576	-122.054088
309361	21852194	2023-08-24T17:26:00	580	W	74.2	37.942881	-122.478942
309393	21852236	2023-08-24T17:40:00	4	W	19.521	38.019089	-121.946589
309402	21852249	2023-08-24T17:47:00	160	N	0.7	38.015558	-121.751468
309414	21852262	2023-08-24T17:52:00	680	N	43.721	37.876406	-122.046355
309417	21852265	2023-08-24T17:48:00	680	N	43.721	37.876406	-122.046355
309432	21852282	2023-08-24T18:03:00	24	E	3.6	37.850088	-122.223172
309437	21852290	2023-08-24T18:07:00	4	W	22.348	38.018567	-121.895066
309472	21852339	2023-08-24T18:31:00	580	W	70.3	37.932778	-122.408847
309495	21852373	2023-08-24T18:46:00	80	W	14.1	37.907481	-122.315399
309544	21852452	2023-08-24T19:26:00	4	W	20.036	38.019101	-121.937152
309710	21852736	2023-08-24T23:21:00	580	W	63.4	37.891765	-122.308607
309725	21852762	2023-08-25T00:09:00	4	W	18.391	38.023255	-121.966585
309769	21852835	2023-08-25T02:52:00	4	W	24.061	38.011402	-121.864671
309903	21853062	2023-08-25T07:16:00	680	S	28.6	37.687307	-121.91744
309954	21853136	2023-08-25T08:01:00	680	N	41.473	37.847983	-122.027629
309966	21853156	2023-08-25T08:13:00	4	E	12.146	37.993242	-122.073397
309967	21853157	2023-08-25T08:10:00	4	E	28.348	37.996773	-121.789698
309968	21853158	2023-08-25T08:08:00	4	E	12.146	37.993242	-122.073397
309983	21853184	2023-08-25T08:26:00	4	W	16.263	38.013095	-122.001843
309984	21853186	2023-08-25T08:22:00	4	W	16.263	38.013095	-122.001843
310030	21853239	2023-08-25T08:51:00	4	W	23.665	38.012996	-121.871769
310031	21853240	2023-08-25T08:48:00	4	W	18.122	38.023975	-121.971031
310037	21853247	2023-08-25T08:57:00	680	N	52.036	37.98317	-122.065995
310101	21853323	2023-08-25T09:43:00	680	S	45.272	37.892761	-122.064902
310102	21853324	2023-08-25T09:42:00	680	S	45.272	37.892761	-122.064902
310103	21853325	2023-08-25T09:39:00	242	N	2.1	37.98392	-122.041279
310108	21853331	2023-08-25T09:48:00	680	S	49.822	37.953265	-122.05476
310122	21853349	2023-08-25T09:56:00	4	E	27.171	37.998126	-121.811133
310123	21853350	2023-08-25T09:55:00	4	E	27.171	37.998126	-121.811133
310194	21853451	2023-08-25T10:55:00	80	E	12.3	37.884747	-122.308659
310199	21853457	2023-08-25T11:00:00	80	E	28.3	38.07247	-122.228965
310205	21853466	2023-08-25T11:05:00	80	E	28.3	38.07247	-122.228965
310222	21853492	2023-08-25T11:18:00	4	W	32.215	37.966301	-121.739069
310252	21853531	2023-08-25T11:43:00	4	E	25.929	38.002351	-121.832686
310292	21853586	2023-08-25T12:23:00	242	S	2.2	37.985937	-122.041056
310293	21853587	2023-08-25T12:16:00	242	S	2.2	37.985937	-122.041056
310336	21853654	2023-08-25T13:01:00	4	E	23.664	38.012821	-121.872431
310340	21853662	2023-08-25T13:06:00	680	S	28.6	37.687307	-121.91744
310352	21853678	2023-08-25T13:15:00	4	W	33.01	37.95542	-121.74441
310365	21853695	2023-08-25T13:26:00	4	E	20.104	38.018752	-121.937094
310374	21853706	2023-08-25T13:32:00	4	W	1.147	38.014414	-122.25234
310395	21853733	2023-08-25T13:47:00	4	W	23.37	38.013977	-121.876289
310425	21853775	2023-08-25T14:13:00	680	S	35.873	37.780831	-121.97722
310427	21853777	2023-08-25T14:11:00	80	E	24.0	38.022089	-122.262691
310456	21853817	2023-08-25T14:31:00	4	E	19.485	38.018836	-121.948032
310457	21853818	2023-08-25T14:30:00	580	W	68.2	37.927221	-122.37295
310504	21853879	2023-08-25T15:02:00	580	E	64.3	37.901366	-122.315167
310505	21853880	2023-08-25T15:01:00	580	E	65.1	37.9114	-122.323427
310506	21853881	2023-08-25T15:00:00	80	E	23.1	38.011875	-122.272168
310518	21853895	2023-08-25T15:05:00	80	W	22.2	38.00178	-122.281783
310537	21853917	2023-08-25T15:18:00	680	S	40.301	37.836427	-122.011894
310543	21853929	2023-08-25T15:22:00	80	E	17.4	37.952867	-122.327994
310545	21853931	2023-08-25T15:20:00	80	E	17.4	37.952867	-122.327994
310555	21853943	2023-08-25T15:28:00	4	W	31.46	37.976136	-121.741915
310558	21853946	2023-08-25T15:25:00	4	W	31.46	37.976136	-121.741915
310573	21853972	2023-08-25T15:36:00	4	E	32.916	37.957212	-121.744885
310594	21854004	2023-08-25T15:52:00	4	E	11.91	37.991775	-122.077885
310595	21854005	2023-08-25T15:51:00	4	E	11.91	37.991775	-122.077885
310632	21854068	2023-08-25T16:16:00	680	S	46.913	37.913136	-122.067073
310662	21854112	2023-08-25T16:35:00	4	W	20.036	38.019101	-121.937152
310680	21854139	2023-08-25T16:44:00	80	E	14.5	37.913842	-122.317314
310689	21854150	2023-08-25T16:51:00	680	S	43.021	37.866847	-122.039129
310700	21854165	2023-08-25T16:57:00	80	W	20.3	37.989215	-122.312635
310708	21854177	2023-08-25T17:04:00	4	E	0.04	38.01571	-122.271746
310709	21854178	2023-08-25T17:02:00	4	E	0.04	38.01571	-122.271746
310755	21854235	2023-08-25T17:25:00	680	N	57.877	38.048506	-122.12613
310756	21854237	2023-08-25T17:28:00	680	N	57.877	38.048506	-122.12613
310766	21854248	2023-08-25T17:29:00	580	E	64.3	37.901366	-122.315167
310786	21854281	2023-08-25T17:38:00	680	S	46.913	37.913136	-122.067073
310794	21854292	2023-08-25T17:47:00	80	W	11.3	37.869523	-122.304749
310795	21854293	2023-08-25T17:46:00	680	N	37.79	37.806862	-121.990775
310807	21854306	2023-08-25T17:49:00	80	W	11.3	37.869523	-122.304749
310816	21854320	2023-08-25T17:57:00	680	S	29.242	37.696595	-121.921082
310817	21854321	2023-08-25T17:56:00	680	S	29.242	37.696595	-121.921082
310856	21854378	2023-08-25T18:23:00	4	W	15.413	38.010708	-122.017546
310862	21854386	2023-08-25T18:25:00	580	E	70.1	37.932083	-122.40375
310863	21854388	2023-08-25T18:22:00	4	W	26.728	37.998674	-121.817967
310890	21854424	2023-08-25T18:40:00	680	N	57.877	38.048745	-122.126295
310892	21854426	2023-08-25T18:42:00	680	N	57.877	38.048745	-122.126295
310904	21854444	2023-08-25T18:47:00	80	E	19.0	37.971598	-122.319869
310942	21854513	2023-08-25T19:26:00	680	N	29.207	37.69603	-121.920605
310953	21854532	2023-08-25T19:37:00	4	E	24.198	38.01073	-121.863155
310960	21854540	2023-08-25T19:45:00	4	E	33.593	37.947685	-121.743882
311124	21854861	2023-08-25T23:21:00	4	E	28.348	37.996773	-121.789698
311144	21854892	2023-08-25T23:48:00	4	E	25.442	38.004791	-121.841338
311271	21855095	2023-08-26T04:00:00	242	S	0.2	37.956956	-122.053305
311308	21855154	2023-08-26T05:31:00	242	N	0.8	37.96661	-122.048744
311432	21855341	2023-08-26T08:42:00	80	E	16.5	37.939611	-122.324825
311445	21855360	2023-08-26T08:53:00	4	E	29.671	37.992016	-121.766556
311457	21855387	2023-08-26T09:17:00	24	W	8.9	37.891793	-122.151758
311484	21855428	2023-08-26T09:44:00	4	W	25.717	38.003464	-121.835484
311528	21855493	2023-08-26T10:28:00	680	N	53.878	38.005573	-122.082507
311560	21855544	2023-08-26T11:06:00	580	W	74.2	37.942881	-122.478942
311561	21855545	2023-08-26T11:03:00	680	S	43.021	37.866847	-122.039129
311570	21855564	2023-08-26T11:17:00	4	W	20.036	38.019101	-121.937152
311576	21855571	2023-08-26T11:20:00	4	W	16.962	38.017386	-121.990427
311767	21855867	2023-08-26T14:01:00	4	E	30.995	37.982313	-121.746896
311801	21855925	2023-08-26T14:22:00	80	E	13.8	37.903411	-122.312372
311837	21855972	2023-08-26T14:55:00	680	N	47.56	37.922044	-122.061426
311850	21855990	2023-08-26T15:06:00	4	E	4.414	38.012909	-122.195991
311897	21856052	2023-08-26T15:36:00	80	E	12.1	37.881746	-122.307966
311898	21856053	2023-08-26T15:33:00	80	E	12.1	37.881746	-122.307966
311903	21856060	2023-08-26T15:39:00	80	W	11.3	37.869523	-122.304749
311922	21856083	2023-08-26T15:50:00	4	W	22.348	38.018567	-121.895066
311928	21856090	2023-08-26T15:56:00	580	E	63.4	37.8916	-122.308817
311947	21856114	2023-08-26T16:13:00	4	E	18.812	38.021811	-121.960767
311959	21856127	2023-08-26T16:14:00	80	W	14.8	37.917316	-122.317513
311999	21856178	2023-08-26T16:40:00	680	S	29.648	37.700288	-121.926466
312006	21856186	2023-08-26T16:32:00	4	E	28.348	37.996773	-121.789698
312030	21856215	2023-08-26T17:00:00	4	E	4.864	38.01589	-122.188886
312049	21856245	2023-08-26T17:16:00	4	E	33.593	37.947685	-121.743882
312065	21856270	2023-08-26T17:34:00	4	W	20.036	38.019101	-121.937152
312068	21856276	2023-08-26T17:35:00	4	E	18.134	38.023689	-121.972104
312095	21856312	2023-08-26T17:58:00	24	W	2.9	37.848986	-122.235713
312113	21856348	2023-08-26T18:15:00	580	E	66.3	37.921417	-122.338695
312119	21856357	2023-08-26T18:22:00	680	S	44.891	37.889558	-122.058503
312136	21856384	2023-08-26T18:32:00	680	N	38.683	37.819472	-121.993079
312141	21856391	2023-08-26T18:35:00	4	E	16.604	38.013625	-121.996839
312325	21856737	2023-08-26T22:39:00	4	W	13.31	38.000983	-122.053668
312330	21856746	2023-08-26T22:49:00	80	E	20.6	37.99184	-122.307909
312346	21856775	2023-08-26T23:16:00	4	W	20.036	38.019101	-121.937152
312384	21856840	2023-08-27T00:11:00	80	E	20.6	37.99184	-122.307909
312400	21856873	2023-08-27T00:43:00	680	N	46.866	37.912775	-122.06692
312402	21856876	2023-08-27T00:50:00	4	W	18.744	38.022038	-121.960192
312404	21856881	2023-08-27T00:52:00	4	W	18.391	38.023255	-121.966585
312511	21857052	2023-08-27T04:25:00	80	E	23.1	38.011875	-122.272168
312515	21857056	2023-08-27T04:31:00	24	E	6.7	37.878599	-122.183245
312600	21857188	2023-08-27T07:22:00	4	E	4.414	38.012909	-122.195991
312657	21857284	2023-08-27T09:04:00	242	S	0.2	37.956956	-122.053305
312753	21857422	2023-08-27T11:03:00	80	W	18.9	37.970799	-122.320338
312760	21857432	2023-08-27T11:08:00	80	E	18.9	37.969909	-122.320442
312762	21857434	2023-08-27T11:10:00	4	E	13.332	38.000576	-122.054088
312763	21857435	2023-08-27T11:09:00	80	W	15.6	37.927978	-122.32287
312766	21857439	2023-08-27T11:13:00	80	W	16.5	37.940155	-122.324756
312891	21857642	2023-08-27T13:27:00	680	N	58.506	38.057187	-122.129504
312941	21857713	2023-08-27T14:12:00	4	W	18.391	38.023255	-121.966585
312947	21857719	2023-08-27T14:17:00	680	S	48.324	37.932715	-122.060323
312961	21857737	2023-08-27T14:26:00	580	E	74.3	37.942764	-122.478971
312984	21857765	2023-08-27T14:42:00	680	S	46.565	37.908558	-122.068713
312992	21857773	2023-08-27T14:48:00	580	W	68.2	37.927221	-122.37295
313010	21857802	2023-08-27T15:08:00	4	W	28.794	37.995591	-121.780403
313042	21857837	2023-08-27T15:24:00	80	E	28.3	38.07247	-122.228965
313055	21857855	2023-08-27T15:29:00	580	W	64.3	37.902354	-122.315759
313085	21857904	2023-08-27T15:57:00	4	E	28.348	37.996773	-121.789698
313149	21858011	2023-08-27T17:02:00	680	S	50.756	37.965836	-122.056037
313205	21858091	2023-08-27T17:38:00	4	E	30.572	37.98771	-121.750948
313373	21858364	2023-08-27T20:37:00	580	E	73.1	37.937575	-122.458134
313380	21858373	2023-08-27T20:39:00	680	N	31.108	37.720114	-121.937379
313389	21858386	2023-08-27T20:51:00	680	N	29.709	37.703039	-121.923399
313411	21858430	2023-08-27T21:21:00	4	E	12.358	37.994341	-122.070209
313586	21858732	2023-08-28T04:05:00	4	E	34.878	37.930248	-121.735606
313606	21858770	2023-08-28T05:05:00	580	W	70.0	37.932486	-122.403542
313621	21858799	2023-08-28T05:37:00	242	S	2.0	37.983275	-122.041624
313624	21858804	2023-08-28T05:41:00	242	S	2.0	37.983275	-122.041624
313730	21858984	2023-08-28T07:21:00	4	E	30.572	37.98771	-121.750948
313806	21859092	2023-08-28T08:08:00	24	W	5.1	37.86612	-122.206946
313807	21859093	2023-08-28T08:06:00	24	W	5.1	37.86612	-122.206946
313828	21859118	2023-08-28T08:13:00	4	E	25.684	38.003696	-121.837444
313991	21859363	2023-08-28T10:23:00	80	W	22.8	38.008424	-122.275602
313992	21859364	2023-08-28T10:21:00	80	W	22.2	38.00178	-122.281783
313993	21859365	2023-08-28T10:20:00	80	W	22.2	38.00178	-122.281783
314014	21859397	2023-08-28T10:43:00	680	S	38.395	37.81494	-121.993459
314017	21859406	2023-08-28T10:40:00	80	W	26.7	38.051564	-122.229486
314041	21859447	2023-08-28T11:21:00	242	N	1.9	37.98069	-122.042276
314042	21859448	2023-08-28T11:19:00	4	W	0.591	38.013521	-122.262193
314046	21859457	2023-08-28T11:25:00	680	N	50.46	37.962458	-122.053879
314082	21859500	2023-08-28T11:58:00	24	E	10.4	37.892862	-122.125001
314084	21859502	2023-08-28T11:56:00	24	E	10.4	37.892862	-122.125001
314113	21859542	2023-08-28T12:19:00	242	N	0.8	37.96661	-122.048744
314178	21859635	2023-08-28T13:15:00	80	W	28.3	38.072115	-122.229026
314179	21859636	2023-08-28T13:18:00	80	W	28.3	38.072115	-122.229026
314231	21859706	2023-08-28T13:51:00	4	W	9.626	37.996431	-122.116998
314267	21859759	2023-08-28T14:10:00	4	W	13.968	38.003865	-122.042102
314304	21859802	2023-08-28T14:31:00	242	S	2.2	37.985937	-122.041056
314337	21859852	2023-08-28T14:49:00	680	N	31.108	37.720114	-121.937379
314370	21859901	2023-08-28T15:12:00	24	W	12.4	37.898073	-122.09004
314371	21859902	2023-08-28T15:10:00	80	W	15.9	37.93162	-122.325372
314379	21859910	2023-08-28T15:17:00	4	E	28.348	37.996773	-121.789698
314686	21860328	2023-08-28T18:11:00	680	N	35.657	37.778337	-121.975649
314687	21860329	2023-08-28T18:10:00	80	W	25.9	38.043044	-122.241306
314695	21860343	2023-08-28T18:18:00	580	E	72.3	37.935043	-122.444523
314747	21860422	2023-08-28T18:56:00	4	W	20.036	38.019101	-121.937152
314831	21860574	2023-08-28T20:50:00	680	N	56.193	38.026944	-122.114167
314851	21860612	2023-08-28T21:23:00	4	W	20.036	38.019101	-121.937152
314916	21860726	2023-08-28T22:58:00	80	W	22.8	38.008424	-122.275602
314927	21860742	2023-08-28T23:18:00	680	N	49.937	37.95548	-122.053382
314930	21860749	2023-08-28T23:34:00	4	E	0.305	38.014349	-122.26689
314939	21860768	2023-08-29T00:13:00	4	E	19.751	38.018741	-121.942884
314946	21860780	2023-08-29T00:37:00	4	E	3.089	38.007576	-122.218584
314964	21860804	2023-08-29T01:14:00	4	W	18.744	38.022038	-121.960192
315023	21860895	2023-08-29T05:15:00	242	S	2.7	37.992591	-122.039625
315168	21861122	2023-08-29T07:33:00	80	E	25.8	38.042706	-122.24148
315257	21861251	2023-08-29T08:16:00	4	W	18.744	38.022038	-121.960192
315268	21861263	2023-08-29T08:28:00	80	E	26.7	38.051224	-122.229366
315284	21861281	2023-08-29T08:31:00	4	E	19.751	38.018741	-121.942884
315353	21861366	2023-08-29T09:13:00	80	W	15.9	37.93162	-122.325372
315354	21861367	2023-08-29T09:12:00	80	W	15.9	37.93162	-122.325372
315406	21861438	2023-08-29T09:53:00	160	S	0.0	38.001534	-121.754708
315407	21861439	2023-08-29T09:52:00	580	W	66.5	37.921761	-122.343181
315424	21861461	2023-08-29T10:01:00	580	E	72.3	37.935043	-122.444523
315432	21861472	2023-08-29T10:07:00	4	W	23.37	38.013977	-121.876289
315433	21861473	2023-08-29T10:06:00	4	W	23.37	38.013977	-121.876289
315435	21861477	2023-08-29T10:10:00	680	N	49.937	37.95548	-122.053382
315733	21861896	2023-08-29T14:08:00	4	E	4.414	38.012909	-122.195991
315778	21861959	2023-08-29T14:36:00	4	W	10.836	37.990762	-122.096283
315779	21861960	2023-08-29T14:35:00	4	W	10.836	37.990762	-122.096283
316015	21862274	2023-08-29T16:57:00	80	E	11.7	37.874502	-122.306023
316060	21862331	2023-08-29T17:16:00	580	E	63.4	37.8916	-122.308817
316071	21862346	2023-08-29T17:20:00	580	E	63.4	37.8916	-122.308817
316108	21862398	2023-08-29T17:42:00	80	E	25.8	38.042706	-122.24148
316109	21862399	2023-08-29T17:41:00	80	E	25.8	38.042706	-122.24148
316136	21862434	2023-08-29T17:54:00	4	W	16.962	38.017386	-121.990427
316155	21862459	2023-08-29T18:03:00	4	W	26.728	37.998674	-121.817967
316171	21862483	2023-08-29T18:17:00	242	S	0.8	37.966634	-122.048958
316181	21862493	2023-08-29T18:19:00	242	S	0.8	37.966634	-122.048958
316310	21862674	2023-08-29T19:49:00	4	E	20.104	38.018752	-121.937094
316581	21863151	2023-08-30T06:27:00	680	N	57.877	38.048506	-122.12613
316639	21863231	2023-08-30T07:00:00	4	E	0.04	38.01571	-122.271746
316809	21863478	2023-08-30T08:58:00	80	W	28.8	38.078904	-122.233045
316816	21863492	2023-08-30T09:03:00	80	W	28.8	38.078904	-122.233045
316819	21863495	2023-08-30T08:57:00	4	W	14.179	38.004968	-122.038364
316835	21863516	2023-08-30T09:13:00	4	W	20.036	38.019101	-121.937152
316836	21863517	2023-08-30T09:12:00	80	E	11.7	37.874502	-122.306023
316844	21863526	2023-08-30T09:10:00	24	W	11.8	37.897448	-122.100763
316923	21863627	2023-08-30T10:10:00	4	E	14.23	38.004458	-122.038839
316936	21863653	2023-08-30T10:28:00	680	S	48.324	37.932715	-122.060323
316957	21863681	2023-08-30T10:40:00	4	W	12.337	37.994782	-122.069526
317091	21863857	2023-08-30T12:16:00	80	E	15.7	37.930097	-122.324016
317122	21863914	2023-08-30T12:46:00	80	E	28.7	38.076638	-122.231967
317123	21863915	2023-08-30T12:45:00	80	E	28.3	38.07247	-122.228965
317131	21863923	2023-08-30T12:49:00	80	E	27.1	38.055517	-122.224689
317143	21863940	2023-08-30T13:01:00	4	W	29.694	37.991686	-121.765042
317156	21863961	2023-08-30T13:07:00	4	W	16.962	38.017386	-121.990427
317170	21863977	2023-08-30T13:24:00	4	E	16.282	38.012596	-122.002277
317171	21863978	2023-08-30T13:22:00	4	E	16.282	38.012596	-122.002277
317215	21864048	2023-08-30T14:00:00	680	S	39.223	37.826477	-121.996334
317251	21864096	2023-08-30T14:24:00	680	N	55.442	38.021623	-122.102612
317252	21864097	2023-08-30T14:22:00	680	N	55.442	38.021623	-122.102612
317282	21864142	2023-08-30T14:41:00	4	E	13.721	38.00229	-122.047248
317426	21864351	2023-08-30T16:13:00	80	W	12.1	37.881911	-122.308246
317427	21864352	2023-08-30T16:12:00	80	W	12.1	37.881911	-122.308246
317439	21864369	2023-08-30T16:23:00	4	E	13.332	38.000576	-122.054088
317440	21864370	2023-08-30T16:20:00	4	E	13.332	38.000576	-122.054088
317465	21864406	2023-08-30T16:38:00	680	S	47.508	37.920636	-122.062281
317466	21864407	2023-08-30T16:37:00	680	S	47.508	37.920636	-122.062281
317497	21864450	2023-08-30T16:48:00	4	W	18.391	38.023255	-121.966585
317537	21864512	2023-08-30T17:18:00	680	S	47.694	37.923282	-122.061272
317544	21864524	2023-08-30T17:19:00	680	S	47.694	37.923282	-122.061272
317551	21864538	2023-08-30T17:29:00	4	E	19.751	38.018741	-121.942884
317552	21864539	2023-08-30T17:28:00	4	E	19.751	38.018741	-121.942884
317837	21864990	2023-08-30T21:27:00	4	E	13.721	38.00229	-122.047248
317957	21865181	2023-08-31T01:27:00	24	W	8.9	37.891793	-122.151758
317964	21865195	2023-08-31T01:55:00	4	E	18.812	38.021811	-121.960767
318049	21865345	2023-08-31T06:09:00	680	S	48.324	37.932715	-122.060323
318050	21865346	2023-08-31T06:07:00	680	S	48.324	37.932715	-122.060323
318051	21865347	2023-08-31T06:03:00	80	W	12.1	37.881911	-122.308246
318081	21865407	2023-08-31T06:43:00	4	E	19.751	38.018741	-121.942884
318088	21865414	2023-08-31T06:45:00	4	E	19.751	38.018741	-121.942884
318102	21865433	2023-08-31T06:56:00	680	S	47.508	37.920636	-122.062281
318103	21865434	2023-08-31T06:55:00	680	S	47.508	37.920636	-122.062281
318111	21865444	2023-08-31T07:00:00	80	W	15.6	37.927978	-122.32287
318112	21865445	2023-08-31T06:58:00	80	W	15.6	37.927978	-122.32287
318122	21865457	2023-08-31T07:06:00	80	W	13.8	37.903864	-122.312909
318143	21865486	2023-08-31T07:21:00	4	W	20.036	38.019101	-121.937152
318144	21865487	2023-08-31T07:17:00	4	W	20.036	38.019101	-121.937152
318149	21865494	2023-08-31T07:26:00	580	W	70.0	37.932486	-122.403542
318192	21865553	2023-08-31T07:52:00	4	W	27.661	37.998404	-121.801574
318196	21865559	2023-08-31T07:56:00	4	W	22.348	38.018567	-121.895066
318197	21865560	2023-08-31T07:55:00	4	W	27.661	37.998404	-121.801574
318212	21865578	2023-08-31T08:06:00	4	W	24.061	38.011402	-121.864671
318213	21865579	2023-08-31T08:05:00	4	W	24.061	38.011402	-121.864671
318231	21865606	2023-08-31T08:15:00	80	E	18.4	37.96469	-122.324915
318232	21865607	2023-08-31T08:14:00	80	E	18.4	37.96469	-122.324915
318243	21865622	2023-08-31T08:21:00	680	N	41.473	37.847983	-122.027629
318282	21865676	2023-08-31T08:47:00	4	W	0.743	38.013479	-122.259298
318313	21865718	2023-08-31T09:05:00	80	W	28.0	38.068887	-122.227311
318332	21865746	2023-08-31T09:27:00	4	W	4.968	38.016331	-122.186186
318600	21866119	2023-08-31T13:01:00	24	E	4.1	37.854646	-122.21709
318608	21866133	2023-08-31T13:00:00	680	S	50.362	37.960855	-122.053254
318653	21866190	2023-08-31T13:42:00	4	E	19.751	38.018741	-121.942884
318690	21866243	2023-08-31T14:06:00	4	W	20.036	38.019101	-121.937152
318718	21866279	2023-08-31T14:20:00	4	W	30.427	37.988982	-121.752267
318829	21866443	2023-08-31T15:36:00	4	W	24.061	38.011402	-121.864671
318852	21866479	2023-08-31T15:53:00	24	E	7.5	37.888907	-122.175662
318853	21866480	2023-08-31T15:51:00	24	E	7.5	37.888907	-122.175662
318864	21866494	2023-08-31T15:55:00	680	S	44.891	37.889558	-122.058503
318889	21866539	2023-08-31T16:17:00	24	W	3.7	37.851328	-122.222873
318890	21866540	2023-08-31T16:16:00	680	N	53.878	38.005573	-122.082507
318957	21866636	2023-08-31T16:52:00	680	S	43.021	37.866847	-122.039129
318984	21866679	2023-08-31T17:14:00	4	E	22.429	38.017951	-121.894061
319004	21866704	2023-08-31T17:20:00	680	S	46.565	37.908558	-122.068713
319018	21866727	2023-08-31T17:34:00	80	W	30.4	38.101745	-122.22981
319057	21866781	2023-08-31T18:03:00	680	N	42.444	37.861176	-122.032978
319091	21866820	2023-08-31T18:19:00	4	W	16.263	38.013095	-122.001843
319159	21866933	2023-08-31T19:20:00	80	W	27.2	38.056434	-122.225999
319215	21867022	2023-08-31T20:11:00	4	W	9.11	37.992411	-122.125089
319231	21867056	2023-08-31T20:32:00	4	E	27.171	37.998126	-121.811133
