station_id	Fwy Name	Direction	Type	County	Abs PM	Lat	Lng
404356	SR4-E	E	Mainline	Contra Costa	5.199	38.015867	-122.182664
402518	SR4-E	E	Mainline	Contra Costa	5.399	38.015347	-122.179054
402516	SR4-E	E	Mainline	Contra Costa	6.299	38.006871	-122.166606
402214	SR4-E	E	Mainline	Contra Costa	7.299	38.001498	-122.150137
402212	SR4-E	E	Mainline	Contra Costa	7.799	37.995777	-122.144977
402210	SR4-E	E	Mainline	Contra Costa	8.309	37.989935	-122.139741
402835	SR4-E	E	Mainline	Contra Costa	8.799	37.99036	-122.131008
414293	SR4-E	E	On Ramp	Contra Costa	8.959	37.991	-122.12817
414294	SR4-E	E	Mainline	Contra Costa	8.969	37.991042	-122.127995
414026	SR4-E	E	Off Ramp	Contra Costa	9.339	37.993745	-122.12221
414295	SR4-E	E	Mainline	Contra Costa	9.359	37.993914	-122.121913
402513	SR4-E	E	Mainline	Contra Costa	9.549	37.995545	-122.119103
414027	SR4-E	E	On Ramp	Contra Costa	9.649	37.996141	-122.117435
414025	SR4-E	E	Mainline	Contra Costa	9.649	37.996141	-122.117435
402512	SR4-E	E	Mainline	Contra Costa	9.869	37.996353	-122.113433
402510	SR4-E	E	Mainline	Contra Costa	10.249	37.99419	-122.10704
414030	SR4-E	E	Off Ramp	Contra Costa	10.559	37.992193	-122.101939
414029	SR4-E	E	On Ramp	Contra Costa	10.769	37.990892	-122.098451
414028	SR4-E	E	Mainline	Contra Costa	10.769	37.990892	-122.098451
416736	SR4-E	E	Mainline	Contra Costa	10.799	37.990758	-122.097928
414031	SR4-E	E	Mainline	Contra Costa	11.079	37.990569	-122.092837
402837	SR4-E	E	Mainline	Contra Costa	11.419	37.991002	-122.086497
401952	SR4-E	E	Mainline	Contra Costa	11.979	37.992177	-122.076479
414034	SR4-E	E	Off Ramp	Contra Costa	12.018	37.992415	-122.075829
414032	SR4-E	E	Mainline	Contra Costa	12.048	37.992589	-122.07532
414033	SR4-E	E	On Ramp	Contra Costa	12.058	37.992648	-122.075147
406623	SR4-E	E	Mainline	Contra Costa	12.288	37.993989	-122.071289
427563	SR4-E	E	On Ramp	Contra Costa	12.298	37.994044	-122.071119
405046	SR4-E	E	Mainline	Contra Costa	12.488	37.995123	-122.067914
405047	SR4-E	E	On Ramp	Contra Costa	12.488	37.995123	-122.067914
414039	SR4-E	E	Mainline	Contra Costa	12.954	37.998268	-122.060378
410717	SR4-E	E	On Ramp	Contra Costa	13.514	38.001389	-122.050932
405270	SR4-E	E	Mainline	Contra Costa	13.514	38.001389	-122.050932
402207	SR4-E	E	Mainline	Contra Costa	13.694	38.002161	-122.047775
405580	SR4-E	E	Mainline	Contra Costa	14.634	38.007657	-122.0321
421508	SR4-E	E	Off Ramp	Contra Costa	15.024	38.009106	-122.025176
414480	SR4-E	E	Mainline	Contra Costa	15.034	38.00914	-122.024998
427931	SR4-E	E	On Ramp	Contra Costa	15.034	38.00914	-122.024998
414479	SR4-E	E	Off Ramp	Contra Costa	15.044	38.009174	-122.024819
419158	SR4-E	E	On Ramp	Contra Costa	15.074	38.009275	-122.024282
414478	SR4-E	E	On Ramp	Contra Costa	15.084	38.009294	-122.0241
419159	SR4-E	E	Off Ramp	Contra Costa	15.244	38.009627	-122.021201
400615	SR4-E	E	Mainline	Contra Costa	15.454	38.010295	-122.017437
402205	SR4-E	E	Mainline	Contra Costa	15.834	38.011347	-122.010573
401568	SR4-E	E	Mainline	Contra Costa	16.504	38.013247	-121.998502
400049	SR4-E	E	Mainline	Contra Costa	16.744	38.014622	-121.994448
418869	SR4-E	E	On Ramp	Contra Costa	16.744	38.014622	-121.994448
418870	SR4-E	E	Off Ramp	Contra Costa	16.894	38.015863	-121.992192
406056	SR4-E	E	Mainline	Contra Costa	17.224	38.018609	-121.98725
407233	SR4-E	E	Mainline	Contra Costa	17.584	38.021173	-121.981491
406057	SR4-E	E	Mainline	Contra Costa	18.004	38.023532	-121.97444
405269	SR4-E	E	Mainline	Contra Costa	18.294	38.023366	-121.968953
406635	SR4-E	E	Off Ramp	Contra Costa	18.294	38.023366	-121.968953
400764	SR4-E	E	Mainline	Contra Costa	18.424	38.022988	-121.966809
406636	SR4-E	E	On Ramp	Contra Costa	18.434	38.022944	-121.966592
400270	SR4-E	E	Mainline	Contra Costa	18.674	38.022118	-121.962342
405271	SR4-E	E	On Ramp	Contra Costa	18.694	38.022046	-121.96199
404350	SR4-E	E	Mainline	Contra Costa	19.124	38.020561	-121.954311
401485	SR4-E	E	Mainline	Contra Costa	19.434	38.019047	-121.94895
400324	SR4-E	E	Mainline	Contra Costa	19.794	38.018708	-121.941653
404354	SR4-E	E	On Ramp	Contra Costa	19.794	38.018708	-121.941653
404355	SR4-E	E	Off Ramp	Contra Costa	19.794	38.018708	-121.941653
404873	SR4-E	E	Mainline	Contra Costa	19.994	38.018714	-121.938703
414035	SR4-E	E	Mainline	Contra Costa	20.761	38.019405	-121.924664
402503	SR4-E	E	Mainline	Contra Costa	21.181	38.019991	-121.917022
402203	SR4-E	E	Mainline	Contra Costa	21.781	38.019932	-121.905976
401826	SR4-E	E	Mainline	Contra Costa	22.011	38.01981	-121.90176
401828	SR4-E	E	Mainline	Contra Costa	22.551	38.01749	-121.892302
421972	SR4-E	E	Off Ramp	Contra Costa	22.551	38.01749	-121.892302
401829	SR4-E	E	Mainline	Contra Costa	22.861	38.016161	-121.886863
404353	SR4-E	E	On Ramp	Contra Costa	22.861	38.016161	-121.886863
402502	SR4-E	E	Mainline	Contra Costa	23.271	38.014413	-121.879651
414041	SR4-E	E	Mainline	Contra Costa	23.391	38.01402	-121.877505
408149	SR4-E	E	Off Ramp	Contra Costa	23.881	38.012181	-121.868816
401954	SR4-E	E	Mainline	Contra Costa	24.101	38.011247	-121.864952
406628	SR4-E	E	On Ramp	Contra Costa	24.101	38.011247	-121.864952
402069	SR4-E	E	Mainline	Contra Costa	24.701	38.008461	-121.854505
408154	SR4-E	E	Mainline	Contra Costa	24.831	38.007839	-121.852239
408602	SR4-E	E	Mainline	Contra Costa	25.771	38.00335	-121.835925
408601	SR4-E	E	On Ramp	Contra Costa	25.771	38.00335	-121.835925
408603	SR4-E	E	Off Ramp	Contra Costa	25.771	38.00335	-121.835925
408604	SR4-E	E	Mainline	Contra Costa	26.021	38.002147	-121.831598
409956	SR4-E	E	Mainline	Contra Costa	26.501	37.99985	-121.82326
409957	SR4-E	E	Off Ramp	Contra Costa	26.531	37.999707	-121.822749
409958	SR4-E	E	Mainline	Contra Costa	26.701	37.99892	-121.819777
409959	SR4-E	E	On Ramp	Contra Costa	26.721	37.998821	-121.819434
409960	SR4-E	E	Mainline	Contra Costa	26.931	37.998069	-121.815712
416929	SR4-E	E	Mainline	Contra Costa	27.301	37.998046	-121.808922
416932	SR4-E	E	Off Ramp	Contra Costa	27.371	37.998042	-121.807636
402491	SR4-E	E	Mainline	Contra Costa	27.491	37.998041	-121.805433
416931	SR4-E	E	On Ramp	Contra Costa	27.621	37.998036	-121.803031
416930	SR4-E	E	Mainline	Contra Costa	27.621	37.998036	-121.803031
416449	SR4-E	E	Mainline	Contra Costa	27.971	37.997951	-121.796612
414708	SR4-E	E	Off Ramp	Contra Costa	28.441	37.996574	-121.788144
414707	SR4-E	E	Mainline	Contra Costa	28.461	37.996513	-121.787786
402489	SR4-E	E	Mainline	Contra Costa	28.651	37.995933	-121.784378
414706	SR4-E	E	On Ramp	Contra Costa	28.691	37.995809	-121.783656
414831	SR4-E	E	Mainline	Contra Costa	28.691	37.995809	-121.783656
414830	SR4-E	E	Mainline	Contra Costa	29.021	37.994803	-121.777732
414829	SR4-E	E	Mainline	Contra Costa	29.401	37.993566	-121.770914
421970	SR4-E	E	Mainline	Contra Costa	29.852	37.990996	-121.763325
405742	SR4-E	E	Mainline	Contra Costa	30.112	37.990366	-121.758604
402482	SR4-E	E	Mainline	Contra Costa	30.172	37.990233	-121.757519
402086	SR4-E	E	Mainline	Contra Costa	30.252	37.990042	-121.756062
420007	SR4-E	E	On Ramp	Contra Costa	30.452	37.988937	-121.752704
423158	SR4-E	E	Mainline	Contra Costa	30.472	37.988767	-121.752402
402088	SR4-E	E	Mainline	Contra Costa	31.142	37.980677	-121.745776
416927	SR4-E	E	Off Ramp	Contra Costa	31.162	37.980423	-121.745599
402090	SR4-E	E	Mainline	Contra Costa	31.192	37.980043	-121.745333
416928	SR4-E	E	On Ramp	Contra Costa	31.202	37.979916	-121.745244
402091	SR4-E	E	Mainline	Contra Costa	31.212	37.979789	-121.745155
421971	SR4-E	E	On Ramp	Contra Costa	31.212	37.979789	-121.745155
402094	SR4-E	E	Mainline	Contra Costa	32.332	37.964854	-121.740054
408157	SR4-E	E	Off Ramp	Contra Costa	32.363	37.964456	-121.740326
402096	SR4-E	E	Mainline	Contra Costa	32.363	37.964456	-121.740326
408152	SR4-E	E	Mainline	Contra Costa	32.712	37.960149	-121.74361
408153	SR4-E	E	On Ramp	Contra Costa	32.712	37.960149	-121.74361
408151	SR4-E	E	Mainline	Contra Costa	33.242	37.952549	-121.744429
408608	SR4-E	E	Mainline	Contra Costa	34.193	37.939448	-121.739453
408606	SR4-E	E	Mainline	Contra Costa	34.293	37.938103	-121.738773
408605	SR4-E	E	On Ramp	Contra Costa	34.293	37.938103	-121.738773
408607	SR4-E	E	Off Ramp	Contra Costa	34.293	37.938103	-121.738773
424094	SR4-E	E	Mainline	Contra Costa	34.553	37.934579	-121.737108
424095	SR4-E	E	Mainline	Contra Costa	34.978	37.928804	-121.734381
424096	SR4-E	E	Mainline	Contra Costa	35.128	37.92675	-121.73349
424097	SR4-E	E	On Ramp	Contra Costa	35.158	37.926337	-121.733308
424092	SR4-E	E	Mainline	Contra Costa	35.298	37.924366	-121.732716
424093	SR4-E	E	On Ramp	Contra Costa	35.328	37.923942	-121.732611
424091	SR4-E	E	Mainline	Contra Costa	35.408	37.922805	-121.732331
424098	SR4-E	E	Mainline	Contra Costa	35.798	37.917173	-121.732127
1010610	SR4-E	E	Conventional Highway	San Joaquin	50.541	37.890606	-121.487952
1073810	SR4-E	E	Conventional Highway	San Joaquin	52.052	37.902519	-121.466194
1073610	SR4-E	E	Conventional Highway	San Joaquin	52.052	37.902519	-121.466194
10103210	SR4-E	E	Mainline	San Joaquin	56.462	37.926885	-121.396561
10103010	SR4-E	E	Mainline	San Joaquin	56.462	37.926885	-121.396561
10103410	SR4-E	E	Mainline	San Joaquin	57.628	37.92689	-121.37515
10103610	SR4-E	E	Mainline	San Joaquin	59.465	37.926968	-121.341408
1009810	SR4-E	E	Conventional Highway	San Joaquin	60.249	37.92884	-121.327286
10126810	SR4-E	E	Mainline	San Joaquin	60.62	37.930558	-121.320903
1005510	SR4-E	E	Conventional Highway	San Joaquin	63.248	37.946628	-121.306079
1083510	SR4-E	E	Off Ramp	San Joaquin	63.531	37.948042	-121.301364
1083410	SR4-E	E	Off Ramp	San Joaquin	63.559	37.948116	-121.30085
10130810	SR4-E	E	On Ramp	San Joaquin	64.034	37.949579	-121.292329
10130710	SR4-E	E	Mainline	San Joaquin	64.034	37.949579	-121.292329
1005810	SR4-E	E	Mainline	San Joaquin	64.982	37.952458	-121.275308
10126210	SR4-E	E	Mainline	San Joaquin	65.465	37.954464	-121.266851
10126410	SR4-E	E	Mainline	San Joaquin	65.924	37.957998	-121.259825
10126610	SR4-E	E	Mainline	San Joaquin	66.428	37.960222	-121.25101
1053210	SR4-E	E	Conventional Highway	San Joaquin	73.378	37.942069	-121.147959
1053410	SR4-E	E	Conventional Highway	San Joaquin	73.434	37.942079	-121.14694
1053710	SR4-E	E	Conventional Highway	San Joaquin	81.553	37.930038	-121.000307
1053910	SR4-E	E	Conventional Highway	San Joaquin	81.625	37.930052	-120.99897
402522	SR4-W	W	Mainline	Contra Costa	2.955	38.008562	-122.220678
403267	SR4-W	W	Mainline	Contra Costa	3.625	38.00858	-122.208422
402521	SR4-W	W	Mainline	Contra Costa	4.035	38.010999	-122.201565
406065	SR4-W	W	Mainline	Contra Costa	5.152	38.016016	-122.182669
402517	SR4-W	W	Mainline	Contra Costa	5.352	38.015575	-122.179034
402505	SR4-W	W	Mainline	Contra Costa	5.832	38.011266	-122.172198
402515	SR4-W	W	Mainline	Contra Costa	6.252	38.007109	-122.166569
402213	SR4-W	W	Mainline	Contra Costa	7.252	38.001707	-122.150084
402211	SR4-W	W	Mainline	Contra Costa	7.752	37.99605	-122.144786
402209	SR4-W	W	Mainline	Contra Costa	8.262	37.990092	-122.139719
414046	SR4-W	W	Mainline	Contra Costa	8.662	37.990239	-122.132554
414045	SR4-W	W	On Ramp	Contra Costa	8.672	37.990274	-122.132376
402834	SR4-W	W	Mainline	Contra Costa	8.752	37.990552	-122.130959
414023	SR4-W	W	Off Ramp	Contra Costa	8.762	37.990587	-122.130781
414305	SR4-W	W	Off Ramp	Contra Costa	8.922	37.991152	-122.127926
402514	SR4-W	W	Mainline	Contra Costa	9.282	37.993945	-122.122364
414308	SR4-W	W	On Ramp	Contra Costa	9.302	37.994109	-122.122061
414306	SR4-W	W	Mainline	Contra Costa	9.312	37.994194	-122.121907
414307	SR4-W	W	Off Ramp	Contra Costa	9.322	37.994279	-122.121754
402511	SR4-W	W	Mainline	Contra Costa	9.822	37.996593	-122.11338
402509	SR4-W	W	Mainline	Contra Costa	10.202	37.994441	-122.106976
414051	SR4-W	W	On Ramp	Contra Costa	10.492	37.992583	-122.102198
414050	SR4-W	W	Mainline	Contra Costa	10.512	37.992454	-122.10187
414052	SR4-W	W	Off Ramp	Contra Costa	10.672	37.991412	-122.099241
402507	SR4-W	W	Mainline	Contra Costa	10.912	37.990725	-122.094956
414056	SR4-W	W	Mainline	Contra Costa	11.032	37.990878	-122.092761
402836	SR4-W	W	Mainline	Contra Costa	11.372	37.991269	-122.086531
402208	SR4-W	W	Mainline	Contra Costa	11.832	37.991988	-122.078142
401951	SR4-W	W	Mainline	Contra Costa	11.932	37.992454	-122.076392
414053	SR4-W	W	Mainline	Contra Costa	11.969	37.992687	-122.075672
414055	SR4-W	W	On Ramp	Contra Costa	11.979	37.992709	-122.075604
414054	SR4-W	W	Off Ramp	Contra Costa	12.019	37.99293	-122.074923
405583	SR4-W	W	Mainline	Contra Costa	12.189	37.993908	-122.07206
405444	SR4-W	W	On Ramp	Contra Costa	12.189	37.993908	-122.07206
427568	SR4-W	W	On Ramp	Contra Costa	12.389	37.995065	-122.068683
401756	SR4-W	W	Mainline	Contra Costa	12.399	37.995123	-122.068515
414060	SR4-W	W	Mainline	Contra Costa	12.848	37.998134	-122.061239
414311	SR4-W	W	Mainline	Contra Costa	13.438	38.001561	-122.051391
414310	SR4-W	W	On Ramp	Contra Costa	13.448	38.001603	-122.051217
414309	SR4-W	W	Off Ramp	Contra Costa	13.578	38.00217	-122.048927
402206	SR4-W	W	Mainline	Contra Costa	13.668	38.002575	-122.047364
405585	SR4-W	W	Mainline	Contra Costa	14.568	38.00796	-122.032413
405050	SR4-W	W	On Ramp	Contra Costa	14.568	38.00796	-122.032413
414042	SR4-W	W	On Ramp	Contra Costa	14.598	38.008139	-122.031914
414058	SR4-W	W	Mainline	Contra Costa	14.718	38.008721	-122.029848
400516	SR4-W	W	Mainline	Contra Costa	15.078	38.009807	-122.023367
427938	SR4-W	W	Fwy-Fwy	Contra Costa	15.078	38.009807	-122.023367
421513	SR4-W	W	Off Ramp	Contra Costa	15.278	38.010362	-122.019767
402204	SR4-W	W	Mainline	Contra Costa	15.848	38.01195	-122.009481
401476	SR4-W	W	Mainline	Contra Costa	16.438	38.013608	-121.99884
414488	SR4-W	W	On Ramp	Contra Costa	16.438	38.013608	-121.99884
400993	SR4-W	W	Mainline	Contra Costa	16.828	38.016167	-121.992426
406063	SR4-W	W	Mainline	Contra Costa	17.158	38.018935	-121.987574
407238	SR4-W	W	Mainline	Contra Costa	17.518	38.021449	-121.981785
406064	SR4-W	W	Mainline	Contra Costa	17.938	38.023842	-121.974729
405274	SR4-W	W	Mainline	Contra Costa	18.228	38.023805	-121.969427
406642	SR4-W	W	On Ramp	Contra Costa	18.228	38.023805	-121.969427
405276	SR4-W	W	Mainline	Contra Costa	18.448	38.023048	-121.965504
406643	SR4-W	W	On Ramp	Contra Costa	18.458	38.023014	-121.965323
405275	SR4-W	W	Mainline	Contra Costa	18.608	38.022488	-121.962645
406644	SR4-W	W	Off Ramp	Contra Costa	18.618	38.022452	-121.962465
402504	SR4-W	W	Mainline	Contra Costa	18.768	38.021948	-121.959789
404358	SR4-W	W	Mainline	Contra Costa	19.058	38.020929	-121.954613
401526	SR4-W	W	Mainline	Contra Costa	19.368	38.019378	-121.949271
404360	SR4-W	W	Mainline	Contra Costa	19.728	38.019098	-121.942678
404361	SR4-W	W	Off Ramp	Contra Costa	19.728	38.019098	-121.942678
414044	SR4-W	W	Off Ramp	Contra Costa	19.878	38.019105	-121.939924
414043	SR4-W	W	Mainline	Contra Costa	19.908	38.019105	-121.939375
407981	SR4-W	W	On Ramp	Contra Costa	19.928	38.019108	-121.939005
407980	SR4-W	W	Off Ramp	Contra Costa	19.928	38.019108	-121.939005
404877	SR4-W	W	Mainline	Contra Costa	19.928	38.019108	-121.939005
414057	SR4-W	W	Mainline	Contra Costa	20.704	38.019567	-121.924775
401825	SR4-W	W	Mainline	Contra Costa	21.964	38.019902	-121.901355
421983	SR4-W	W	On Ramp	Contra Costa	22.504	38.017781	-121.892161
401827	SR4-W	W	Mainline	Contra Costa	22.504	38.017781	-121.892161
402501	SR4-W	W	Mainline	Contra Costa	23.084	38.015328	-121.88184
408161	SR4-W	W	Off Ramp	Contra Costa	23.144	38.015096	-121.880891
401830	SR4-W	W	Mainline	Contra Costa	23.454	38.013862	-121.875409
408163	SR4-W	W	On Ramp	Contra Costa	23.774	38.012505	-121.869759
408164	SR4-W	W	Mainline	Contra Costa	23.804	38.012389	-121.86926
408162	SR4-W	W	Off Ramp	Contra Costa	23.834	38.012269	-121.868734
402068	SR4-W	W	Mainline	Contra Costa	24.654	38.008612	-121.854384
408165	SR4-W	W	Mainline	Contra Costa	24.784	38.007951	-121.851962
408614	SR4-W	W	On Ramp	Contra Costa	25.554	38.004306	-121.838771
408616	SR4-W	W	Off Ramp	Contra Costa	25.554	38.004306	-121.838771
408615	SR4-W	W	Mainline	Contra Costa	25.554	38.004306	-121.838771
411075	SR4-W	W	Mainline	Contra Costa	25.974	38.002294	-121.831484
409966	SR4-W	W	Mainline	Contra Costa	26.454	38.000002	-121.823153
409967	SR4-W	W	On Ramp	Contra Costa	26.484	37.99986	-121.82263
410385	SR4-W	W	Off Ramp	Contra Costa	26.684	37.998916	-121.819153
409968	SR4-W	W	Mainline	Contra Costa	26.884	37.998186	-121.81561
416940	SR4-W	W	Mainline	Contra Costa	27.24	37.998257	-121.809077
402490	SR4-W	W	Mainline	Contra Costa	27.28	37.998257	-121.808341
416942	SR4-W	W	On Ramp	Contra Costa	27.31	37.998256	-121.807789
416943	SR4-W	W	Mainline	Contra Costa	27.57	37.998257	-121.80301
416941	SR4-W	W	Off Ramp	Contra Costa	27.57	37.998257	-121.80301
416459	SR4-W	W	Mainline	Contra Costa	27.92	37.998174	-121.796584
414719	SR4-W	W	Mainline	Contra Costa	28.43	37.996667	-121.787405
414720	SR4-W	W	On Ramp	Contra Costa	28.43	37.996667	-121.787405
402488	SR4-W	W	Mainline	Contra Costa	28.6	37.996143	-121.784344
414716	SR4-W	W	On Ramp	Contra Costa	28.63	37.996052	-121.783807
414839	SR4-W	W	Mainline	Contra Costa	28.63	37.996052	-121.783807
414840	SR4-W	W	Mainline	Contra Costa	28.75	37.995682	-121.781646
414718	SR4-W	W	Off Ramp	Contra Costa	28.75	37.995682	-121.781646
414838	SR4-W	W	Mainline	Contra Costa	28.97	37.995014	-121.777705
414837	SR4-W	W	Mainline	Contra Costa	29.35	37.993777	-121.770891
421977	SR4-W	W	Mainline	Contra Costa	29.782	37.991289	-121.763626
405581	SR4-W	W	On Ramp	Contra Costa	29.842	37.991095	-121.762546
402483	SR4-W	W	Mainline	Contra Costa	29.992	37.990747	-121.759823
405746	SR4-W	W	Mainline	Contra Costa	30.062	37.990594	-121.758554
402085	SR4-W	W	Mainline	Contra Costa	30.202	37.990264	-121.75602
415527	SR4-W	W	Fwy-Fwy	Contra Costa	30.242	37.99013	-121.755302
402089	SR4-W	W	Mainline	Contra Costa	30.882	37.983658	-121.747439
421982	SR4-W	W	On Ramp	Contra Costa	30.882	37.983658	-121.747439
402087	SR4-W	W	Mainline	Contra Costa	31.092	37.981027	-121.745487
421981	SR4-W	W	Off Ramp	Contra Costa	31.142	37.9804	-121.74503
402092	SR4-W	W	Mainline	Contra Costa	31.822	37.97175	-121.739085
408172	SR4-W	W	On Ramp	Contra Costa	32.279	37.965316	-121.739602
402093	SR4-W	W	Mainline	Contra Costa	32.282	37.965277	-121.739626
402095	SR4-W	W	Mainline	Contra Costa	32.283	37.965265	-121.739634
408166	SR4-W	W	Mainline	Contra Costa	33.192	37.953027	-121.744424
408167	SR4-W	W	Off Ramp	Contra Costa	33.232	37.952476	-121.744429
402098	SR4-W	W	Mainline	Contra Costa	33.232	37.952476	-121.744429
408168	SR4-W	W	On Ramp	Contra Costa	33.232	37.952476	-121.744429
408618	SR4-W	W	On Ramp	Contra Costa	33.792	37.944701	-121.741896
408620	SR4-W	W	Off Ramp	Contra Costa	33.792	37.944701	-121.741896
408619	SR4-W	W	Mainline	Contra Costa	33.792	37.944701	-121.741896
408621	SR4-W	W	Mainline	Contra Costa	34.179	37.939452	-121.739387
424105	SR4-W	W	Mainline	Contra Costa	34.539	37.934566	-121.737101
424108	SR4-W	W	On Ramp	Contra Costa	34.969	37.928737	-121.734302
424106	SR4-W	W	Mainline	Contra Costa	34.969	37.928737	-121.734302
424104	SR4-W	W	Mainline	Contra Costa	35.287	37.924364	-121.732557
424112	SR4-W	W	Off Ramp	Contra Costa	35.337	37.923646	-121.732388
424103	SR4-W	W	Off Ramp	Contra Costa	35.397	37.9228	-121.732189
424111	SR4-W	W	Mainline	Contra Costa	35.397	37.9228	-121.732189
424110	SR4-W	W	Mainline	Contra Costa	35.787	37.917144	-121.732127
1010710	SR4-W	W	Conventional Highway	San Joaquin	50.521	37.890593	-121.487958
1073910	SR4-W	W	Conventional Highway	San Joaquin	52.032	37.902524	-121.466185
1073710	SR4-W	W	Conventional Highway	San Joaquin	52.032	37.902524	-121.466185
10102910	SR4-W	W	Mainline	San Joaquin	56.441	37.926885	-121.396571
10103110	SR4-W	W	Mainline	San Joaquin	56.441	37.926885	-121.396571
10103310	SR4-W	W	Mainline	San Joaquin	57.607	37.92689	-121.375153
10103510	SR4-W	W	Mainline	San Joaquin	59.445	37.926968	-121.341409
1009910	SR4-W	W	Conventional Highway	San Joaquin	60.228	37.928839	-121.327288
10126710	SR4-W	W	Mainline	San Joaquin	60.599	37.930554	-121.32092
1005410	SR4-W	W	Conventional Highway	San Joaquin	63.254	37.946873	-121.30617
1083310	SR4-W	W	Off Ramp	San Joaquin	63.684	37.948765	-121.298707
10130910	SR4-W	W	Mainline	San Joaquin	64.043	37.949847	-121.292256
10131010	SR4-W	W	On Ramp	San Joaquin	64.043	37.949847	-121.292256
1005910	SR4-W	W	Mainline	San Joaquin	65.359	37.954011	-121.268665
10126310	SR4-W	W	Mainline	San Joaquin	65.84	37.95779	-121.261312
10126510	SR4-W	W	Mainline	San Joaquin	65.93	37.958208	-121.25974
1053310	SR4-W	W	Conventional Highway	San Joaquin	73.474	37.942117	-121.147977
1053510	SR4-W	W	Conventional Highway	San Joaquin	73.53	37.942128	-121.14694
1053610	SR4-W	W	Conventional Highway	San Joaquin	81.649	37.930038	-121.000307
1053810	SR4-W	W	Conventional Highway	San Joaquin	81.721	37.930051	-120.998985
403280	SR24-E	E	Mainline	Alameda	0.253	37.827864	-122.267
403279	SR24-E	E	Off Ramp	Alameda	0.253	37.827864	-122.267
400655	SR24-E	E	Mainline	Alameda	0.373	37.829582	-122.266637
401381	SR24-E	E	Mainline	Alameda	0.773	37.835333	-122.265611
400103	SR24-E	E	Mainline	Alameda	1.043	37.839085	-122.26443
402202	SR24-E	E	Mainline	Alameda	1.653	37.843252	-122.254814
407991	SR24-E	E	On Ramp	Alameda	3.383	37.848686	-122.225718
407990	SR24-E	E	Mainline	Alameda	3.383	37.848686	-122.225718
404381	SR24-E	E	Mainline	Alameda	3.623	37.851048	-122.222784
407993	SR24-E	E	Off Ramp	Alameda	3.733	37.852532	-122.22209
407994	SR24-E	E	On Ramp	Alameda	3.783	37.85316	-122.221654
407992	SR24-E	E	Mainline	Alameda	3.783	37.85316	-122.221654
407987	SR24-E	E	Mainline	Contra Costa	4.824	37.861705	-122.209368
407988	SR24-E	E	On Ramp	Contra Costa	4.824	37.861705	-122.209368
407989	SR24-E	E	Off Ramp	Contra Costa	4.824	37.861705	-122.209368
400048	SR24-E	E	Mainline	Contra Costa	5.498	37.86726	-122.199105
401687	SR24-E	E	Mainline	Contra Costa	5.758	37.868707	-122.194653
400736	SR24-E	E	Mainline	Contra Costa	6.158	37.872735	-122.18927
400438	SR24-E	E	Mainline	Contra Costa	6.598	37.87761	-122.184005
400345	SR24-E	E	Mainline	Contra Costa	7.008	37.882713	-122.1802
400389	SR24-E	E	Mainline	Contra Costa	7.348	37.887084	-122.177406
401681	SR24-E	E	Mainline	Contra Costa	7.648	37.890212	-122.17369
401746	SR24-E	E	Mainline	Contra Costa	8.048	37.892433	-122.167031
400323	SR24-E	E	Mainline	Contra Costa	8.398	37.892701	-122.16068
400171	SR24-E	E	Mainline	Contra Costa	8.878	37.891457	-122.152067
400579	SR24-E	E	Mainline	Contra Costa	9.068	37.890953	-122.148661
400532	SR24-E	E	Mainline	Contra Costa	9.688	37.890463	-122.137515
402476	SR24-E	E	Mainline	Contra Costa	10.098	37.891579	-122.13026
400251	SR24-E	E	Mainline	Contra Costa	10.468	37.893156	-122.123812
400197	SR24-E	E	Mainline	Contra Costa	11.078	37.895088	-122.112962
400494	SR24-E	E	Mainline	Contra Costa	11.328	37.895807	-122.108492
401684	SR24-E	E	Mainline	Contra Costa	11.858	37.897341	-122.099019
403984	SR24-E	E	Off Ramp	Contra Costa	12.108	37.897587	-122.094474
403985	SR24-E	E	On Ramp	Contra Costa	12.128	37.8976	-122.09411
401002	SR24-E	E	Mainline	Contra Costa	12.258	37.897666	-122.09174
400946	SR24-E	E	Mainline	Contra Costa	12.528	37.89776	-122.086814
400748	SR24-E	E	Mainline	Contra Costa	12.828	37.89729	-122.081421
401121	SR24-E	E	Fwy-Fwy	Contra Costa	13.338	37.896362	-122.073007
403154	SR24-E	E	Off Ramp	Contra Costa	13.448	37.897214	-122.071815
401390	SR24-W	W	Mainline	Alameda	0.213	37.827408	-122.267734
416480	SR24-W	W	On Ramp	Alameda	0.213	37.827408	-122.267734
400406	SR24-W	W	Mainline	Alameda	0.473	37.83111	-122.266925
400224	SR24-W	W	Mainline	Alameda	0.783	37.835531	-122.266013
404668	SR24-W	W	Mainline	Alameda	0.853	37.836532	-122.265822
400083	SR24-W	W	Mainline	Alameda	1.043	37.839128	-122.264826
402480	SR24-W	W	Mainline	Alameda	1.503	37.842559	-122.25791
402201	SR24-W	W	Mainline	Alameda	2.153	37.846642	-122.247226
402481	SR24-W	W	Mainline	Alameda	2.753	37.849812	-122.237592
402200	SR24-W	W	Mainline	Alameda	3.113	37.849093	-122.231287
407996	SR24-W	W	Off Ramp	Alameda	3.373	37.84877	-122.226571
407995	SR24-W	W	Mainline	Alameda	3.373	37.84877	-122.226571
404385	SR24-W	W	Mainline	Alameda	3.623	37.85081	-122.223193
408000	SR24-W	W	Mainline	Alameda	3.733	37.852296	-122.222499
408002	SR24-W	W	On Ramp	Alameda	3.733	37.852296	-122.222499
408001	SR24-W	W	Off Ramp	Alameda	3.783	37.852955	-122.222136
407999	SR24-W	W	Off Ramp	Contra Costa	4.844	37.862139	-122.209838
407997	SR24-W	W	Mainline	Contra Costa	4.844	37.862139	-122.209838
407998	SR24-W	W	On Ramp	Contra Costa	4.844	37.862139	-122.209838
400989	SR24-W	W	Mainline	Contra Costa	5.458	37.867462	-122.200125
400101	SR24-W	W	Mainline	Contra Costa	6.158	37.872945	-122.189548
400617	SR24-W	W	Mainline	Contra Costa	6.628	37.878808	-122.185235
400413	SR24-W	W	Mainline	Contra Costa	6.918	37.881791	-122.181562
401689	SR24-W	W	Mainline	Contra Costa	7.418	37.888027	-122.177148
400747	SR24-W	W	Mainline	Contra Costa	7.738	37.891089	-122.172893
400354	SR24-W	W	Mainline	Contra Costa	8.108	37.892849	-122.166614
401683	SR24-W	W	Mainline	Contra Costa	8.648	37.892591	-122.156901
400800	SR24-W	W	Mainline	Contra Costa	8.788	37.892206	-122.154409
400600	SR24-W	W	Mainline	Contra Costa	9.038	37.891528	-122.149959
400616	SR24-W	W	Mainline	Contra Costa	9.448	37.891578	-122.142555
400619	SR24-W	W	Mainline	Contra Costa	10.018	37.891509	-122.132425
401423	SR24-W	W	Mainline	Contra Costa	10.398	37.893061	-122.12582
417712	SR24-W	W	On Ramp	Contra Costa	10.798	37.89455	-122.118824
400550	SR24-W	W	Mainline	Contra Costa	10.798	37.89455	-122.118824
417711	SR24-W	W	Off Ramp	Contra Costa	10.868	37.89476	-122.117583
400878	SR24-W	W	Mainline	Contra Costa	11.188	37.895657	-122.111891
400289	SR24-W	W	Mainline	Contra Costa	11.408	37.896274	-122.107979
401692	SR24-W	W	Mainline	Contra Costa	11.838	37.897512	-122.10034
400604	SR24-W	W	Mainline	Contra Costa	12.298	37.89803	-122.09204
400580	SR24-W	W	Mainline	Contra Costa	12.548	37.89816	-122.087509
401482	SR24-W	W	Mainline	Contra Costa	12.828	37.897809	-122.082484
401106	SR24-W	W	Fwy-Fwy	Contra Costa	13.288	37.896362	-122.074417
403986	SR24-W	W	On Ramp	Contra Costa	13.298	37.896385	-122.074227
403987	SR24-W	W	Fwy-Fwy	Contra Costa	13.298	37.896385	-122.074227
403155	SR24-W	W	On Ramp	Contra Costa	13.448	37.897833	-122.072031
402814	I80-E	E	Mainline	San Francisco	2.79	37.793423	-122.382858
402815	I80-E	E	Mainline	San Francisco	3.3	37.799144	-122.376772
402816	I80-E	E	Mainline	San Francisco	3.79	37.804603	-122.37087
402817	I80-E	E	Mainline	San Francisco	4.09	37.807966	-122.367285
420340	I80-E	E	Mainline	San Francisco	4.44	37.811826	-122.363109
420341	I80-E	E	On Ramp	San Francisco	4.46	37.812048	-122.362873
404896	I80-E	E	Mainline	San Francisco	4.56	37.813047	-122.36157
404921	I80-E	E	Mainline	San Francisco	4.7	37.814005	-122.359342
404886	I80-E	E	Mainline	San Francisco	4.78	37.814439	-122.357984
404923	I80-E	E	Mainline	San Francisco	4.89	37.815028	-122.356114
404885	I80-E	E	Mainline	San Francisco	5.09	37.816129	-122.352728
404906	I80-E	E	Mainline	San Francisco	5.19	37.816684	-122.351037
404891	I80-E	E	Mainline	San Francisco	5.29	37.817238	-122.349345
404908	I80-E	E	Mainline	Alameda	5.38	37.817739	-122.347825
404889	I80-E	E	Mainline	Alameda	5.48	37.818297	-122.346136
404910	I80-E	E	Mainline	Alameda	5.67	37.819207	-122.342869
404892	I80-E	E	Mainline	Alameda	5.77	37.819507	-122.34108
404912	I80-E	E	Mainline	Alameda	5.87	37.819788	-122.339284
404894	I80-E	E	Mainline	Alameda	5.97	37.820069	-122.337488
404914	I80-E	E	Mainline	Alameda	6.15	37.820574	-122.334255
404897	I80-E	E	Mainline	Alameda	6.22	37.820771	-122.332998
404898	I80-E	E	Mainline	Alameda	6.37	37.821192	-122.330304
404899	I80-E	E	Mainline	Alameda	6.46	37.821409	-122.32868
401546	I80-E	E	Mainline	Alameda	6.53	37.821573	-122.327415
404400	I80-E	E	Mainline	Alameda	6.74	37.822124	-122.323635
427224	I80-E	E	Off Ramp	Alameda	7.09	37.823176	-122.31737
427225	I80-E	E	Fwy-Fwy	Alameda	7.21	37.823552	-122.315225
427226	I80-E	E	Off Ramp	Alameda	7.21	37.823552	-122.315225
427227	I80-E	E	Mainline	Alameda	7.22	37.823581	-122.315046
401892	I80-E	E	Mainline	Alameda	7.63	37.824658	-122.307909
401893	I80-E	E	Fwy-Fwy	Alameda	7.63	37.824658	-122.307909
401435	I80-E	E	Fwy-Fwy	Alameda	7.93	37.825581	-122.302794
401657	I80-E	E	Mainline	Alameda	7.93	37.825581	-122.302794
401671	I80-E	E	Mainline	Alameda	8.48	37.828559	-122.294113
405450	I80-E	E	Mainline	Alameda	8.61	37.830413	-122.293447
403430	I80-E	E	Mainline	Alameda	8.99	37.835812	-122.295362
405590	I80-E	E	Fwy-Fwy	Alameda	8.99	37.835812	-122.295362
407259	I80-E	E	On Ramp	Alameda	9.2	37.838814	-122.296557
401513	I80-E	E	Mainline	Alameda	9.2	37.838814	-122.296557
403998	I80-E	E	Mainline	Alameda	9.697	37.846189	-122.298192
407857	I80-E	E	Off Ramp	Alameda	9.73	37.846672	-122.298302
408783	I80-E	E	On Ramp	Alameda	9.91	37.849265	-122.298899
405589	I80-E	E	Mainline	Alameda	9.91	37.849265	-122.298899
400679	I80-E	E	Mainline	Alameda	10.22	37.853676	-122.300011
407257	I80-E	E	Off Ramp	Alameda	11.01	37.864887	-122.30302
400432	I80-E	E	Mainline	Alameda	11.01	37.864887	-122.30302
400728	I80-E	E	Mainline	Alameda	11.13	37.866567	-122.303586
407265	I80-E	E	On Ramp	Alameda	11.16	37.866986	-122.303717
400612	I80-E	E	Mainline	Alameda	11.51	37.871861	-122.305215
408632	I80-E	E	Mainline	Alameda	11.91	37.87745	-122.307025
408633	I80-E	E	Off Ramp	Alameda	11.91	37.87745	-122.307025
408466	I80-E	E	On Ramp	Alameda	11.95	37.878155	-122.307214
401079	I80-E	E	Mainline	Alameda	11.95	37.878155	-122.307214
415253	I80-E	E	Mainline	Alameda	12.29	37.884807	-122.308622
401901	I80-E	E	Mainline	Alameda	12.293	37.884846	-122.30863
407244	I80-E	E	Off Ramp	Alameda	12.58	37.888622	-122.308678
407258	I80-E	E	Fwy-Fwy	Alameda	12.58	37.888622	-122.308678
408467	I80-E	E	On Ramp	Alameda	12.66	37.889597	-122.308245
402062	I80-E	E	Mainline	Contra Costa	13.393	37.89875	-122.309494
409569	I80-E	E	Off Ramp	Contra Costa	13.563	37.900874	-122.310725
407260	I80-E	E	On Ramp	Contra Costa	13.773	37.903574	-122.31244
400329	I80-E	E	Mainline	Contra Costa	13.773	37.903574	-122.31244
401509	I80-E	E	Mainline	Contra Costa	13.843	37.904465	-122.313054
401575	I80-E	E	Mainline	Contra Costa	14.243	37.909564	-122.31655
407245	I80-E	E	Off Ramp	Contra Costa	14.243	37.909564	-122.31655
407246	I80-E	E	On Ramp	Contra Costa	14.453	37.912502	-122.317364
400027	I80-E	E	Mainline	Contra Costa	14.573	37.914241	-122.317388
407271	I80-E	E	Off Ramp	Contra Costa	14.873	37.91859	-122.317348
401558	I80-E	E	Mainline	Contra Costa	14.873	37.91859	-122.317348
401045	I80-E	E	Mainline	Contra Costa	15.333	37.924801	-122.320238
407248	I80-E	E	On Ramp	Contra Costa	15.333	37.924801	-122.320238
400182	I80-E	E	Mainline	Contra Costa	15.383	37.925458	-122.320648
407862	I80-E	E	On Ramp	Contra Costa	15.453	37.926363	-122.321257
400445	I80-E	E	Mainline	Contra Costa	15.953	37.932712	-122.325878
407270	I80-E	E	Off Ramp	Contra Costa	15.953	37.932712	-122.325878
407247	I80-E	E	On Ramp	Contra Costa	16.303	37.937479	-122.325945
400443	I80-E	E	Mainline	Contra Costa	16.303	37.937479	-122.325945
407242	I80-E	E	Off Ramp	Contra Costa	16.743	37.943467	-122.323784
405754	I80-E	E	Mainline	Contra Costa	17.083	37.948086	-122.325699
408013	I80-E	E	Off Ramp	Contra Costa	17.473	37.953441	-122.328331
406652	I80-E	E	Mainline	Contra Costa	17.533	37.954251	-122.328788
407249	I80-E	E	Off Ramp	Contra Costa	17.533	37.954251	-122.328788
407251	I80-E	E	On Ramp	Contra Costa	17.633	37.955597	-122.329563
400770	I80-E	E	Mainline	Contra Costa	17.633	37.955597	-122.329563
401895	I80-E	E	Mainline	Contra Costa	17.88	37.959098	-122.33058
417277	I80-E	E	Mainline	Contra Costa	18.333	37.964182	-122.325908
416970	I80-E	E	Off Ramp	Contra Costa	18.503	37.965565	-122.323404
416790	I80-E	E	Mainline	Contra Costa	18.503	37.965565	-122.323404
407274	I80-E	E	On Ramp	Contra Costa	18.833	37.969552	-122.320607
401551	I80-E	E	Mainline	Contra Costa	19.023	37.972158	-122.319728
411102	I80-E	E	On Ramp	Contra Costa	19.253	37.975313	-122.318663
407275	I80-E	E	Off Ramp	Contra Costa	19.253	37.975313	-122.318663
404392	I80-E	E	On Ramp	Contra Costa	19.533	37.979209	-122.317341
400082	I80-E	E	Mainline	Contra Costa	19.603	37.980187	-122.317007
407252	I80-E	E	Off Ramp	Contra Costa	19.893	37.98424	-122.315628
407254	I80-E	E	On Ramp	Contra Costa	19.903	37.984379	-122.315577
407253	I80-E	E	Off Ramp	Contra Costa	19.903	37.984379	-122.315577
400976	I80-E	E	Mainline	Contra Costa	20.049	37.986348	-122.314626
407255	I80-E	E	On Ramp	Contra Costa	20.223	37.988496	-122.312983
400838	I80-E	E	Mainline	Contra Costa	20.263	37.988948	-122.312525
400430	I80-E	E	Mainline	Contra Costa	20.56	37.991671	-122.308362
407262	I80-E	E	On Ramp	Contra Costa	20.943	37.99336	-122.301718
400865	I80-E	E	Mainline	Contra Costa	20.943	37.99336	-122.301718
407263	I80-E	E	Off Ramp	Contra Costa	20.943	37.99336	-122.301718
420689	I80-E	E	On Ramp	Contra Costa	20.953	37.993386	-122.301536
400902	I80-E	E	Mainline	Contra Costa	21.033	37.993583	-122.300078
407261	I80-E	E	Off Ramp	Contra Costa	21.803	37.996735	-122.286591
400660	I80-E	E	Mainline	Contra Costa	21.923	37.99801	-122.285108
407268	I80-E	E	On Ramp	Contra Costa	21.923	37.99801	-122.285108
401070	I80-E	E	Mainline	Contra Costa	22.413	38.003715	-122.279792
401058	I80-E	E	Mainline	Contra Costa	22.743	38.007548	-122.276203
415255	I80-E	E	Mainline	Contra Costa	23.18	38.012634	-122.271459
401090	I80-E	E	Mainline	Contra Costa	23.243	38.013374	-122.270787
415254	I80-E	E	Mainline	Contra Costa	23.523	38.01664	-122.267759
400478	I80-E	E	Mainline	Contra Costa	23.528	38.016698	-122.267706
403273	I80-E	E	On Ramp	Contra Costa	23.533	38.016757	-122.267652
404403	I80-E	E	Off Ramp	Contra Costa	24.123	38.023633	-122.261248
404402	I80-E	E	On Ramp	Contra Costa	24.123	38.023633	-122.261248
403946	I80-E	E	Mainline	Contra Costa	24.139	38.023822	-122.261076
403276	I80-E	E	Mainline	Contra Costa	24.606	38.029324	-122.255991
403458	I80-E	E	Mainline	Contra Costa	25.002	38.033961	-122.251633
400124	I80-E	E	Mainline	Contra Costa	25.247	38.036872	-122.249008
403460	I80-E	E	Mainline	Contra Costa	25.763	38.042156	-122.242272
403305	I80-E	E	Off Ramp	Contra Costa	25.993	38.044364	-122.239069
408634	I80-E	E	Mainline	Contra Costa	26.001	38.044441	-122.238958
403278	I80-E	E	On Ramp	Contra Costa	26.093	38.045336	-122.23769
401793	I80-E	E	Mainline	Contra Costa	26.166	38.046061	-122.236703
407243	I80-E	E	Off Ramp	Contra Costa	26.813	38.052365	-122.2278
404401	I80-E	E	Mainline	Contra Costa	26.835	38.052579	-122.227498
423339	I80-E	E	Mainline	Solano	27.892	38.066814	-122.225754
407864	I80-E	E	Off Ramp	Solano	28.462	38.074144	-122.230324
407865	I80-E	E	Mainline	Solano	28.462	38.074144	-122.230324
400829	I80-E	E	Mainline	Solano	28.562	38.075421	-122.231255
419192	I80-E	E	Off Ramp	Solano	29.182	38.084289	-122.233042
400622	I80-E	E	Mainline	Solano	29.192	38.084435	-122.233021
419193	I80-E	E	On Ramp	Solano	29.202	38.08458	-122.232995
402174	I80-E	E	Mainline	Solano	29.562	38.089554	-122.23111
422401	I80-E	E	Off Ramp	Solano	29.632	38.090514	-122.230721
422402	I80-E	E	On Ramp	Solano	29.642	38.090652	-122.230667
408179	I80-E	E	Off Ramp	Solano	29.762	38.09233	-122.230162
408182	I80-E	E	On Ramp	Solano	29.782	38.092614	-122.2301
408180	I80-E	E	Off Ramp	Solano	29.792	38.092755	-122.230069
408181	I80-E	E	On Ramp	Solano	29.792	38.092755	-122.230069
408178	I80-E	E	Mainline	Solano	29.892	38.094187	-122.229869
408183	I80-E	E	On Ramp	Solano	29.932	38.09476	-122.22982
419479	I80-E	E	Off Ramp	Solano	30.392	38.10138	-122.229663
404388	I80-E	E	Mainline	Solano	30.422	38.101812	-122.229656
419480	I80-E	E	On Ramp	Solano	30.432	38.101956	-122.229654
409100	I80-E	E	Mainline	Solano	30.612	38.104549	-122.229604
409102	I80-E	E	Off Ramp	Solano	30.612	38.104549	-122.229604
409101	I80-E	E	On Ramp	Solano	30.632	38.104837	-122.229601
423344	I80-E	E	Off Ramp	Solano	30.922	38.109014	-122.229552
423345	I80-E	E	On Ramp	Solano	30.942	38.109303	-122.229549
423346	I80-E	E	Off Ramp	Solano	31.042	38.110744	-122.229574
423336	I80-E	E	Mainline	Solano	31.052	38.110888	-122.229582
423347	I80-E	E	On Ramp	Solano	31.062	38.111032	-122.22959
404390	I80-E	E	Mainline	Solano	31.452	38.116649	-122.230024
409226	I80-E	E	Off Ramp	Solano	31.822	38.121976	-122.230116
407868	I80-E	E	Off Ramp	Solano	32.002	38.124481	-122.229258
407869	I80-E	E	Mainline	Solano	32.032	38.124871	-122.229014
407870	I80-E	E	On Ramp	Solano	32.042	38.125001	-122.228933
402079	I80-E	E	Mainline	Solano	32.932	38.136531	-122.221583
404002	I80-E	E	Fwy-Fwy	Solano	32.932	38.136531	-122.221583
407866	I80-E	E	Mainline	Solano	33.202	38.140013	-122.219315
407867	I80-E	E	On Ramp	Solano	33.212	38.140142	-122.219232
410773	I80-E	E	On Ramp	Solano	33.542	38.144542	-122.216916
410772	I80-E	E	Mainline	Solano	33.552	38.144683	-122.216877
402239	I80-E	E	Mainline	Solano	33.972	38.150739	-122.216538
411793	I80-E	E	Mainline	Napa	34.482	38.157473	-122.212869
402235	I80-E	E	Mainline	Napa	34.972	38.16352	-122.208162
408190	I80-E	E	Off Ramp	Solano	35.482	38.168444	-122.201197
410778	I80-E	E	Mainline	Solano	35.512	38.168733	-122.200784
402002	I80-E	E	Mainline	Solano	35.642	38.169958	-122.198969
408177	I80-E	E	On Ramp	Solano	35.722	38.17071	-122.197851
410774	I80-E	E	Mainline	Solano	36.012	38.173528	-122.193907
410775	I80-E	E	Mainline	Solano	36.482	38.178901	-122.188653
410776	I80-E	E	Mainline	Solano	37.092	38.184915	-122.180511
413094	I80-E	E	Mainline	Solano	37.482	38.187162	-122.173965
410741	I80-E	E	Mainline	Solano	37.842	38.190415	-122.168903
413371	I80-E	E	Mainline	Solano	38.452	38.19744	-122.162148
401318	I80-E	E	Mainline	Solano	38.962	38.202928	-122.155877
417720	I80-E	E	On Ramp	Solano	38.962	38.202928	-122.155877
410756	I80-E	E	Mainline	Solano	39.332	38.20691	-122.151326
422791	I80-E	E	Mainline	Solano	39.622	38.209848	-122.147529
422793	I80-E	E	Off Ramp	Solano	39.662	38.210229	-122.146975
422792	I80-E	E	On Ramp	Solano	39.662	38.210229	-122.146975
417722	I80-E	E	On Ramp	Solano	40.443	38.217817	-122.135978
401781	I80-E	E	Mainline	Solano	40.463	38.218004	-122.135704
408004	I80-E	E	Off Ramp	Solano	40.923	38.222342	-122.129446
401784	I80-E	E	Mainline	Solano	41.053	38.223534	-122.127613
408005	I80-E	E	On Ramp	Solano	41.073	38.223717	-122.127327
401787	I80-E	E	Mainline	Solano	41.473	38.227089	-122.121342
401789	I80-E	E	Mainline	Solano	41.993	38.23082	-122.113024
413372	I80-E	E	Mainline	Solano	42.263	38.232673	-122.108645
401791	I80-E	E	Mainline	Solano	42.453	38.233999	-122.105578
410747	I80-E	E	Off Ramp	Solano	43.593	38.242	-122.087274
410746	I80-E	E	On Ramp	Solano	43.743	38.243059	-122.084857
410745	I80-E	E	Mainline	Solano	43.743	38.243059	-122.084857
417721	I80-E	E	On Ramp	Solano	44.383	38.247249	-122.074294
404391	I80-E	E	Mainline	Solano	44.383	38.247249	-122.074294
401151	I80-E	E	Mainline	Solano	44.863	38.251746	-122.067825
402004	I80-E	E	Mainline	Solano	44.973	38.253081	-122.066699
417723	I80-E	E	On Ramp	Solano	44.993	38.253323	-122.066493
408006	I80-E	E	Off Ramp	Solano	45.373	38.257915	-122.062561
408007	I80-E	E	Off Ramp	Solano	45.383	38.258036	-122.062459
408008	I80-E	E	Off Ramp	Solano	45.493	38.259379	-122.061367
408009	I80-E	E	On Ramp	Solano	45.513	38.259621	-122.061166
401879	I80-E	E	Mainline	Solano	45.513	38.259621	-122.061166
412683	I80-E	E	Mainline	Solano	45.983	38.26529	-122.056389
410744	I80-E	E	Off Ramp	Solano	46.543	38.27202	-122.050649
410743	I80-E	E	On Ramp	Solano	46.733	38.274301	-122.0487
410742	I80-E	E	Mainline	Solano	46.733	38.274301	-122.0487
411792	I80-E	E	Mainline	Solano	47.193	38.279834	-122.043995
413373	I80-E	E	Mainline	Solano	47.973	38.289236	-122.036051
403455	I80-E	E	Mainline	Solano	48.493	38.296379	-122.033862
403454	I80-E	E	On Ramp	Solano	48.493	38.296379	-122.033862
403453	I80-E	E	Off Ramp	Solano	48.583	38.297681	-122.033827
413374	I80-E	E	Mainline	Solano	48.863	38.301733	-122.033731
413375	I80-E	E	Mainline	Solano	49.123	38.305495	-122.033692
412684	I80-E	E	Mainline	Solano	49.573	38.311972	-122.032899
411113	I80-E	E	Mainline	Solano	49.983	38.317414	-122.030171
410766	I80-E	E	Off Ramp	Solano	50.503	38.323635	-122.024793
410764	I80-E	E	Mainline	Solano	50.683	38.325962	-122.023306
410765	I80-E	E	On Ramp	Solano	50.703	38.326221	-122.023139
413380	I80-E	E	Mainline	Solano	51.031	38.330465	-122.020435
413378	I80-E	E	Off Ramp	Solano	51.241	38.333178	-122.01869
413377	I80-E	E	Mainline	Solano	51.341	38.33447	-122.017861
413379	I80-E	E	On Ramp	Solano	51.351	38.334599	-122.017779
401878	I80-E	E	Mainline	Solano	51.441	38.335762	-122.017033
413376	I80-E	E	Mainline	Solano	52.031	38.341821	-122.009747
410002	I80-E	E	Off Ramp	Solano	52.601	38.345062	-122.000101
410001	I80-E	E	Off Ramp	Solano	52.701	38.345696	-121.998445
410000	I80-E	E	Off Ramp	Solano	52.711	38.34576	-121.99828
411118	I80-E	E	Mainline	Solano	52.841	38.346594	-121.996132
409998	I80-E	E	Mainline	Solano	52.851	38.346659	-121.995968
409999	I80-E	E	On Ramp	Solano	52.851	38.346659	-121.995968
410763	I80-E	E	Off Ramp	Solano	53.331	38.349785	-121.988068
410762	I80-E	E	On Ramp	Solano	53.331	38.349785	-121.988068
410761	I80-E	E	Mainline	Solano	53.331	38.349785	-121.988068
413093	I80-E	E	Off Ramp	Solano	53.731	38.352363	-121.981471
413092	I80-E	E	On Ramp	Solano	53.821	38.353076	-121.980092
413091	I80-E	E	Mainline	Solano	53.831	38.353171	-121.979953
408464	I80-E	E	Mainline	Solano	54.241	38.357573	-121.974911
408465	I80-E	E	Off Ramp	Solano	54.391	38.359113	-121.97297
410769	I80-E	E	Off Ramp	Solano	54.591	38.360904	-121.970075
410768	I80-E	E	On Ramp	Solano	54.591	38.360904	-121.970075
410752	I80-E	E	Mainline	Solano	54.801	38.362792	-121.967042
410753	I80-E	E	On Ramp	Solano	54.801	38.362792	-121.967042
410767	I80-E	E	Mainline	Solano	54.821	38.362968	-121.96675
408784	I80-E	E	Mainline	Solano	55.471	38.369338	-121.957953
408781	I80-E	E	Off Ramp	Solano	55.471	38.369338	-121.957953
408782	I80-E	E	Off Ramp	Solano	55.611	38.370769	-121.956127
410751	I80-E	E	On Ramp	Solano	55.731	38.372017	-121.954589
410750	I80-E	E	Mainline	Solano	55.731	38.372017	-121.954589
410749	I80-E	E	On Ramp	Solano	55.891	38.373669	-121.952524
410755	I80-E	E	Mainline	Solano	55.891	38.373669	-121.952524
411116	I80-E	E	Mainline	Solano	56.181	38.376656	-121.948714
402241	I80-E	E	Mainline	Solano	58.697	38.402199	-121.915666
402243	I80-E	E	Mainline	Solano	59.467	38.409972	-121.905441
402245	I80-E	E	Mainline	Solano	60.087	38.416238	-121.897211
402246	I80-E	E	Mainline	Solano	60.467	38.42011	-121.892123
403425	I80-E	E	Mainline	Solano	60.927	38.42476	-121.886025
402248	I80-E	E	Mainline	Solano	61.467	38.430209	-121.878856
402250	I80-E	E	Mainline	Solano	62.467	38.440289	-121.865617
402251	I80-E	E	Mainline	Solano	62.867	38.444361	-121.860391
402255	I80-E	E	Mainline	Solano	63.967	38.455556	-121.846011
402257	I80-E	E	Mainline	Solano	64.497	38.460952	-121.839086
402259	I80-E	E	Mainline	Solano	64.967	38.465727	-121.83293
402261	I80-E	E	Mainline	Solano	65.667	38.47285	-121.823777
402263	I80-E	E	Mainline	Solano	66.467	38.481036	-121.813375
402264	I80-E	E	Mainline	Solano	67.067	38.487178	-121.805573
402266	I80-E	E	Mainline	Solano	67.467	38.491377	-121.800506
402268	I80-E	E	Mainline	Solano	67.967	38.49691	-121.79457
425044	I80-E	E	Off Ramp	Solano	68.617	38.504088	-121.786829
402270	I80-E	E	Mainline	Solano	68.867	38.506841	-121.783839
425049	I80-E	E	Mainline	Solano	68.947	38.507725	-121.782888
425043	I80-E	E	On Ramp	Solano	68.977	38.508057	-121.782531
421492	I80-E	E	Mainline	Solano	69.477	38.513592	-121.776595
318115	I80-E	E	On Ramp	Yolo	72.505	38.540996	-121.734311
318114	I80-E	E	Off Ramp	Yolo	72.505	38.540996	-121.734311
318113	I80-E	E	Mainline	Yolo	72.505	38.540996	-121.734311
316773	I80-E	E	Mainline	Yolo	73.437	38.547128	-121.71973
318017	I80-E	E	Mainline	Yolo	74.228	38.550315	-121.705701
314015	I80-E	E	Off Ramp	Yolo	74.792	38.552253	-121.695597
314014	I80-E	E	On Ramp	Yolo	74.792	38.552253	-121.695597
314013	I80-E	E	Mainline	Yolo	74.792	38.552253	-121.695597
314025	I80-E	E	Mainline	Yolo	74.901	38.55267	-121.693658
314026	I80-E	E	On Ramp	Yolo	74.99	38.553139	-121.692126
316783	I80-E	E	Mainline	Yolo	75.695	38.556235	-121.679725
318067	I80-E	E	Mainline	Yolo	76.172	38.558083	-121.671229
318076	I80-E	E	Mainline	Yolo	76.173	38.558087	-121.671212
3052093	I80-E	E	Off Ramp	Yolo	77.637	38.562236	-121.644685
3052091	I80-E	E	Mainline	Yolo	77.73	38.562517	-121.643004
318055	I80-E	E	On Ramp	Yolo	77.778	38.562666	-121.642137
314548	I80-E	E	Mainline	Yolo	81.316	38.574032	-121.578333
314549	I80-E	E	On Ramp	Yolo	81.352	38.57412	-121.5777
318135	I80-E	E	Mainline	Yolo	81.704	38.574941	-121.57213
318736	I80-E	E	Fwy-Fwy	Yolo	81.704	38.574941	-121.57213
316817	I80-E	E	Mainline	Yolo	82.455	38.579627	-121.560264
3044022	I80-E	E	Off Ramp	Yolo	83.232	38.589566	-121.553569
317884	I80-E	E	Mainline	Yolo	83.31	38.590565	-121.5529
3044021	I80-E	E	Mainline	Yolo	83.383	38.591499	-121.552274
3044023	I80-E	E	On Ramp	Yolo	83.387	38.591551	-121.55224
314509	I80-E	E	Mainline	Sacramento	84.066	38.60021	-121.546334
315804	I80-E	E	Mainline	Sacramento	84.276	38.602902	-121.54454
320441	I80-E	E	Off Ramp	Sacramento	85.139	38.613823	-121.536876
320442	I80-E	E	Mainline	Sacramento	85.193	38.61442	-121.536234
320440	I80-E	E	On Ramp	Sacramento	85.21	38.614594	-121.536015
3005052	I80-E	E	HOV	Sacramento	85.226	38.61475	-121.535797
320457	I80-E	E	Mainline	Sacramento	85.36	38.61598	-121.533893
320458	I80-E	E	On Ramp	Sacramento	85.391	38.616244	-121.533429
320629	I80-E	E	HOV	Sacramento	85.576	38.617732	-121.53059
320628	I80-E	E	Mainline	Sacramento	85.576	38.617732	-121.53059
320630	I80-E	E	Mainline	Sacramento	85.576	38.617732	-121.53059
316143	I80-E	E	Mainline	Sacramento	86.823	38.62782	-121.511496
316140	I80-E	E	Mainline	Sacramento	86.826	38.627843	-121.511449
320612	I80-E	E	HOV	Sacramento	86.845	38.627991	-121.511153
312345	I80-E	E	Off Ramp	Sacramento	87.37	38.632213	-121.503092
312343	I80-E	E	Mainline	Sacramento	87.474	38.633055	-121.501501
320501	I80-E	E	HOV	Sacramento	87.478	38.633087	-121.501439
312344	I80-E	E	On Ramp	Sacramento	87.487	38.63316	-121.501301
312439	I80-E	E	Mainline	Sacramento	87.685	38.634771	-121.498277
312440	I80-E	E	On Ramp	Sacramento	87.692	38.634827	-121.49817
320492	I80-E	E	HOV	Sacramento	87.693	38.634835	-121.498154
316166	I80-E	E	Mainline	Sacramento	88.285	38.639095	-121.48872
320562	I80-E	E	HOV	Sacramento	88.335	38.639284	-121.48783
313113	I80-E	E	Off Ramp	Sacramento	88.791	38.64035	-121.479518
313111	I80-E	E	Mainline	Sacramento	88.802	38.640373	-121.479317
313112	I80-E	E	On Ramp	Sacramento	88.819	38.640413	-121.479007
320506	I80-E	E	HOV	Sacramento	88.829	38.640436	-121.478824
313115	I80-E	E	On Ramp	Sacramento	88.974	38.64075	-121.476175
313114	I80-E	E	Mainline	Sacramento	88.979	38.640759	-121.476084
320504	I80-E	E	HOV	Sacramento	88.994	38.640789	-121.475809
317853	I80-E	E	Mainline	Sacramento	89.596	38.641523	-121.464762
320603	I80-E	E	HOV	Sacramento	89.596	38.641523	-121.464762
320515	I80-E	E	Off Ramp	Sacramento	89.955	38.641322	-121.458132
313132	I80-E	E	Mainline	Sacramento	90.194	38.641164	-121.45372
313133	I80-E	E	On Ramp	Sacramento	90.196	38.641163	-121.453683
320656	I80-E	E	HOV	Sacramento	90.254	38.64113	-121.452612
316084	I80-E	E	Mainline	Sacramento	90.796	38.641962	-121.442702
320596	I80-E	E	HOV	Sacramento	90.796	38.641962	-121.442702
315995	I80-E	E	Off Ramp	Sacramento	91.478	38.642916	-121.430277
320658	I80-E	E	HOV	Sacramento	91.482	38.642906	-121.430204
315993	I80-E	E	Mainline	Sacramento	91.487	38.642893	-121.430113
315994	I80-E	E	On Ramp	Sacramento	91.493	38.642878	-121.430004
316009	I80-E	E	Mainline	Sacramento	91.673	38.642058	-121.426855
320660	I80-E	E	HOV	Sacramento	91.679	38.642026	-121.426752
316010	I80-E	E	On Ramp	Sacramento	91.694	38.641945	-121.426495
316018	I80-E	E	Mainline	Sacramento	92.134	38.638645	-121.41951
316019	I80-E	E	Mainline	Sacramento	92.134	38.638645	-121.41951
320592	I80-E	E	HOV	Sacramento	92.134	38.638645	-121.41951
316047	I80-E	E	Off Ramp	Sacramento	92.555	38.63724	-121.411982
316045	I80-E	E	Mainline	Sacramento	92.684	38.637245	-121.409584
316046	I80-E	E	On Ramp	Sacramento	92.686	38.637245	-121.409547
3036011	I80-E	E	HOV	Sacramento	92.716	38.637247	-121.408992
3051031	I80-E	E	Off Ramp	Sacramento	92.866	38.637243	-121.406214
316066	I80-E	E	Off Ramp	Sacramento	93.348	38.640053	-121.398475
316063	I80-E	E	Mainline	Sacramento	93.437	38.640913	-121.397243
316065	I80-E	E	On Ramp	Sacramento	93.448	38.641018	-121.397089
316064	I80-E	E	HOV	Sacramento	93.456	38.641095	-121.396978
315862	I80-E	E	HOV	Sacramento	94.205	38.644777	-121.384187
314514	I80-E	E	Mainline	Sacramento	94.205	38.644777	-121.384187
316330	I80-E	E	Off Ramp	Sacramento	95.777	38.658704	-121.362336
317168	I80-E	E	HOV	Sacramento	95.905	38.66012	-121.360792
316328	I80-E	E	Mainline	Sacramento	95.921	38.660297	-121.360602
316329	I80-E	E	On Ramp	Sacramento	95.942	38.66053	-121.360352
317171	I80-E	E	HOV	Sacramento	96.02	38.661389	-121.359417
316314	I80-E	E	Mainline	Sacramento	96.023	38.661421	-121.35938
316315	I80-E	E	On Ramp	Sacramento	96.162	38.662937	-121.357714
3010092	I80-E	E	HOV	Sacramento	96.554	38.667279	-121.353113
3010091	I80-E	E	Mainline	Sacramento	96.56	38.667345	-121.353041
313393	I80-E	E	Mainline	Sacramento	96.6	38.667783	-121.352565
315864	I80-E	E	HOV	Sacramento	96.6	38.667783	-121.352565
315865	I80-E	E	HOV	Sacramento	97.213	38.674501	-121.34526
313406	I80-E	E	Mainline	Sacramento	97.224	38.674623	-121.34513
314461	I80-E	E	On Ramp	Sacramento	97.912	38.682188	-121.336967
314460	I80-E	E	Mainline	Sacramento	97.912	38.682188	-121.336967
315866	I80-E	E	HOV	Sacramento	97.912	38.682188	-121.336967
314462	I80-E	E	Off Ramp	Sacramento	97.912	38.682188	-121.336967
314447	I80-E	E	On Ramp	Sacramento	98.074	38.683947	-121.335012
314446	I80-E	E	Mainline	Sacramento	98.074	38.683947	-121.335012
315867	I80-E	E	HOV	Sacramento	98.074	38.683947	-121.335012
315868	I80-E	E	HOV	Sacramento	98.425	38.687764	-121.330782
313420	I80-E	E	Mainline	Sacramento	98.461	38.68816	-121.330355
315869	I80-E	E	HOV	Sacramento	98.463	38.688182	-121.330331
313432	I80-E	E	Mainline	Sacramento	98.463	38.688182	-121.330331
3011031	I80-E	E	Mainline	Sacramento	98.467	38.688226	-121.330284
3011032	I80-E	E	HOV	Sacramento	98.516	38.688762	-121.329698
313567	I80-E	E	Mainline	Sacramento	99.421	38.698664	-121.318884
315870	I80-E	E	HOV	Sacramento	99.421	38.698664	-121.318884
313444	I80-E	E	Mainline	Sacramento	99.96	38.704565	-121.312447
315871	I80-E	E	HOV	Sacramento	99.96	38.704565	-121.312447
3052052	I80-E	E	HOV	Sacramento	100.142	38.706563	-121.310281
3052053	I80-E	E	Mainline	Sacramento	100.142	38.706563	-121.310281
3052051	I80-E	E	On Ramp	Sacramento	100.142	38.706563	-121.310281
315876	I80-E	E	HOV	Sacramento	100.19	38.707089	-121.309709
313456	I80-E	E	Mainline	Sacramento	100.19	38.707089	-121.309709
315877	I80-E	E	HOV	Sacramento	100.938	38.715263	-121.300752
313469	I80-E	E	Mainline	Sacramento	100.944	38.715328	-121.30068
313475	I80-E	E	Mainline	Sacramento	101.209	38.718232	-121.297519
315878	I80-E	E	HOV	Sacramento	101.213	38.718275	-121.297471
319344	I80-E	E	Off Ramp	Placer	101.749	38.724391	-121.290607
316416	I80-E	E	Off Ramp	Placer	101.749	38.724391	-121.290607
319350	I80-E	E	HOV	Placer	101.749	38.724391	-121.290607
319351	I80-E	E	Mainline	Placer	101.749	38.724391	-121.290607
319447	I80-E	E	Off Ramp	Placer	101.786	38.724833	-121.29013
316415	I80-E	E	On Ramp	Placer	101.805	38.725056	-121.289889
316414	I80-E	E	Mainline	Placer	101.875	38.725828	-121.289044
319355	I80-E	E	HOV	Placer	101.893	38.726027	-121.288826
318620	I80-E	E	Mainline	Placer	102.177	38.729156	-121.285391
318619	I80-E	E	HOV	Placer	102.177	38.729156	-121.285391
318658	I80-E	E	Off Ramp	Placer	103.376	38.742711	-121.27151
318649	I80-E	E	Mainline	Placer	103.639	38.746111	-121.269285
318651	I80-E	E	On Ramp	Placer	103.639	38.746111	-121.269285
318652	I80-E	E	On Ramp	Placer	103.639	38.746111	-121.269285
318650	I80-E	E	Mainline	Placer	103.639	38.746111	-121.269285
318941	I80-E	E	HOV	Placer	104.039	38.751289	-121.26592
318802	I80-E	E	On Ramp	Placer	104.506	38.757327	-121.261974
318803	I80-E	E	Off Ramp	Placer	104.506	38.757327	-121.261974
318801	I80-E	E	Mainline	Placer	104.506	38.757327	-121.261974
318800	I80-E	E	HOV	Placer	104.506	38.757327	-121.261974
318845	I80-E	E	On Ramp	Placer	104.705	38.759895	-121.260283
318832	I80-E	E	HOV	Placer	104.705	38.759895	-121.260283
318844	I80-E	E	Mainline	Placer	104.705	38.759895	-121.260283
318775	I80-E	E	HOV	Placer	104.858	38.761869	-121.25898
318764	I80-E	E	Mainline	Placer	104.892	38.762307	-121.258688
318790	I80-E	E	Off Ramp	Placer	105.137	38.765125	-121.256112
318755	I80-E	E	Fwy-Fwy	Placer	106.401	38.776517	-121.237943
319386	I80-E	E	Mainline	Placer	107.09	38.783347	-121.228627
317002	I80-E	E	Mainline	Placer	107.09	38.783347	-121.228627
317008	I80-E	E	Mainline	Placer	108.618	38.799608	-121.209307
317752	I80-E	E	Mainline	Placer	109.065	38.804365	-121.203661
317751	I80-E	E	On Ramp	Placer	109.079	38.804514	-121.203484
317018	I80-E	E	Mainline	Placer	109.386	38.807766	-121.199595
3412011	I80-E	E	Mainline	Placer	109.587	38.809903	-121.197059
316733	I80-E	E	Mainline	Placer	110.346	38.817964	-121.187472
318942	I80-E	E	Mainline	Placer	111.028	38.825204	-121.178851
316743	I80-E	E	Mainline	Placer	111.502	38.830232	-121.172854
316760	I80-E	E	Mainline	Placer	112.331	38.839011	-121.162344
316753	I80-E	E	Mainline	Placer	113.63	38.852692	-121.145771
3038083	I80-E	E	Off Ramp	Placer	115.148	38.87086	-121.131816
3038082	I80-E	E	On Ramp	Placer	115.259	38.872455	-121.131554
3038081	I80-E	E	Mainline	Placer	115.263	38.872513	-121.131545
3038094	I80-E	E	Mainline	Placer	115.921	38.878223	-121.123695
3038097	I80-E	E	On Ramp	Placer	115.951	38.878257	-121.123139
3412021	I80-E	E	Mainline	Placer	117.123	38.883555	-121.102728
316204	I80-E	E	Mainline	Placer	117.165	38.883923	-121.102106
3038105	I80-E	E	On Ramp	Placer	119.398		
3038101	I80-E	E	Mainline	Placer	119.401		
316214	I80-E	E	Mainline	Placer	121.024	38.924241	-121.056998
316213	I80-E	E	On Ramp	Placer	121.052	38.92464	-121.056853
3412041	I80-E	E	Mainline	Placer	123.028	38.949958	-121.041484
316248	I80-E	E	Off Ramp	Placer	127.613	39.003551	-120.993668
316247	I80-E	E	On Ramp	Placer	127.613	39.003551	-120.993668
316249	I80-E	E	Mainline	Placer	127.613	39.003551	-120.993668
316260	I80-E	E	Off Ramp	Placer	130.861	39.04539	-120.973725
316259	I80-E	E	On Ramp	Placer	130.861	39.04539	-120.973725
316261	I80-E	E	Mainline	Placer	130.861	39.04539	-120.973725
314000	I80-E	E	Mainline	Placer	135.932	39.114317	-120.94421
3047043	I80-E	E	Off Ramp	Placer	139.769	39.149371	-120.899165
3047042	I80-E	E	On Ramp	Placer	139.875	39.150165	-120.897475
3047131	I80-E	E	Mainline	Placer	139.882	39.150217	-120.897364
3047075	I80-E	E	Off Ramp	Placer	142.788	39.174352	-120.858853
3047072	I80-E	E	Mainline	Placer	142.832	39.174808	-120.858285
3047073	I80-E	E	On Ramp	Placer	142.885	39.175368	-120.857615
3412054	I80-E	E	Mainline	Placer	145.945	39.198001	-120.81479
3047101	I80-E	E	Mainline	Nevada	160.367	39.31705	-120.613395
3047108	I80-E	E	Off Ramp	Nevada	160.45	39.317758	-120.612013
3047105	I80-E	E	On Ramp	Nevada	160.45	39.317758	-120.612013
3047107	I80-E	E	On Ramp	Nevada	160.45	39.317758	-120.612013
3047113	I80-E	E	Off Ramp	Nevada	163.475	39.320507	-120.565722
3047111	I80-E	E	Mainline	Nevada	163.554	39.319786	-120.564504
3047112	I80-E	E	On Ramp	Nevada	163.584	39.319526	-120.564012
3412076	I80-E	E	Off Ramp	Placer	170.568		
3412071	I80-E	E	Mainline	Placer	170.57		
3412075	I80-E	E	On Ramp	Placer	170.616		
317795	I80-E	E	Off Ramp	Nevada	173.631	39.325447	-120.39169
317792	I80-E	E	On Ramp	Nevada	173.631	39.325447	-120.39169
317797	I80-E	E	Mainline	Nevada	173.631	39.325447	-120.39169
317788	I80-E	E	Off Ramp	Nevada	176.106	39.338021	-120.351096
317791	I80-E	E	Mainline	Nevada	176.123	39.338144	-120.350822
317786	I80-E	E	On Ramp	Nevada	176.311	39.33929	-120.347655
319416	I80-E	E	Off Ramp	Nevada	180.151	39.330931	-120.28906
319415	I80-E	E	Mainline	Nevada	180.151	39.330931	-120.28906
319414	I80-E	E	On Ramp	Nevada	180.151	39.330931	-120.28906
319680	I80-E	E	Off Ramp	Nevada	183.67	39.32443	-120.227793
319675	I80-E	E	On Ramp	Nevada	183.721	39.324312	-120.226851
319673	I80-E	E	Mainline	Nevada	183.808	39.324106	-120.225238
3411024	I80-E	E	Mainline	Nevada	184.491	39.323047	-120.212326
314254	I80-E	E	Mainline	Nevada	187.691	39.34303	-120.161314
3411034	I80-E	E	Mainline	Nevada	189.865	39.361911	-120.129539
314277	I80-E	E	Mainline	Nevada	200.071	39.422168	-120.034939
402827	I80-W	W	Mainline	San Francisco	3.3	37.799244	-122.376792
414759	I80-W	W	On Ramp	San Francisco	4.45	37.811991	-122.3631
414758	I80-W	W	Mainline	San Francisco	4.46	37.8121	-122.362981
404918	I80-W	W	Mainline	San Francisco	4.48	37.812318	-122.362743
404919	I80-W	W	Off Ramp	San Francisco	4.52	37.812723	-122.362231
404920	I80-W	W	Mainline	San Francisco	4.59	37.813382	-122.361274
404883	I80-W	W	Mainline	San Francisco	4.7	37.814051	-122.359471
404922	I80-W	W	Mainline	San Francisco	4.8	37.814597	-122.357787
404884	I80-W	W	Mainline	San Francisco	4.91	37.815201	-122.355938
404905	I80-W	W	Mainline	San Francisco	5.09	37.816189	-122.352909
404887	I80-W	W	Mainline	San Francisco	5.19	37.816738	-122.351227
404907	I80-W	W	Mainline	San Francisco	5.28	37.817231	-122.349713
404888	I80-W	W	Mainline	Alameda	5.38	37.817784	-122.34803
404909	I80-W	W	Mainline	Alameda	5.48	37.81834	-122.346347
404890	I80-W	W	Mainline	Alameda	5.67	37.819267	-122.343098
404911	I80-W	W	Mainline	Alameda	5.77	37.819575	-122.34132
404893	I80-W	W	Mainline	Alameda	5.87	37.819855	-122.33953
404913	I80-W	W	Mainline	Alameda	6.0	37.820219	-122.337204
404895	I80-W	W	Mainline	Alameda	6.15	37.820638	-122.334519
404915	I80-W	W	Mainline	Alameda	6.22	37.82083	-122.333266
404916	I80-W	W	Mainline	Alameda	6.37	37.821241	-122.330579
404917	I80-W	W	Mainline	Alameda	6.46	37.82149	-122.328967
404415	I80-W	W	Mainline	Alameda	6.53	37.821688	-122.327712
404416	I80-W	W	Mainline	Alameda	6.74	37.822342	-122.323875
426389	I80-W	W	Mainline	Alameda	6.949	37.823237	-122.320122
426382	I80-W	W	Mainline	Alameda	7.053	37.823847	-122.318323
426390	I80-W	W	Mainline	Alameda	7.057	37.823868	-122.318252
407748	I80-W	W	Fwy-Fwy	Alameda	7.71	37.825251	-122.30659
401503	I80-W	W	Mainline	Alameda	7.72	37.825278	-122.30642
407745	I80-W	W	Fwy-Fwy	Alameda	7.72	37.825278	-122.30642
407746	I80-W	W	Off Ramp	Alameda	7.73	37.825306	-122.306251
407747	I80-W	W	Fwy-Fwy	Alameda	7.73	37.825306	-122.306251
407750	I80-W	W	Mainline	Alameda	7.73	37.825306	-122.306251
401539	I80-W	W	Mainline	Alameda	7.97	37.826038	-122.302202
409575	I80-W	W	On Ramp	Alameda	7.97	37.826038	-122.302202
403429	I80-W	W	Fwy-Fwy	Alameda	8.99	37.836566	-122.296138
401698	I80-W	W	Mainline	Alameda	8.99	37.836566	-122.296138
401211	I80-W	W	Mainline	Alameda	9.21	37.839668	-122.297004
407290	I80-W	W	Off Ramp	Alameda	9.21	37.839668	-122.297004
406658	I80-W	W	On Ramp	Alameda	9.21	37.839668	-122.297004
405602	I80-W	W	Mainline	Alameda	9.7	37.846565	-122.298515
406657	I80-W	W	On Ramp	Alameda	9.74	37.847128	-122.298642
400691	I80-W	W	Mainline	Alameda	9.98	37.850502	-122.299413
407874	I80-W	W	Off Ramp	Alameda	10.22	37.853858	-122.300293
400126	I80-W	W	Mainline	Alameda	10.4	37.856366	-122.301014
401242	I80-W	W	Mainline	Alameda	10.56	37.858593	-122.301665
400009	I80-W	W	Mainline	Alameda	11.01	37.864883	-122.303345
406659	I80-W	W	On Ramp	Alameda	11.16	37.866963	-122.303994
407281	I80-W	W	Off Ramp	Alameda	11.16	37.866963	-122.303994
400176	I80-W	W	Mainline	Alameda	11.202	37.867545	-122.304183
400060	I80-W	W	Mainline	Alameda	11.51	37.87181	-122.305549
407291	I80-W	W	On Ramp	Alameda	11.91	37.877407	-122.307241
401524	I80-W	W	Mainline	Alameda	11.91	37.877407	-122.307241
401066	I80-W	W	Mainline	Alameda	11.95	37.878125	-122.307431
401900	I80-W	W	Mainline	Alameda	12.57	37.88833	-122.30909
408339	I80-W	W	On Ramp	Alameda	12.57	37.88833	-122.30909
401234	I80-W	W	Mainline	Alameda	13.05	37.89438	-122.307952
407278	I80-W	W	Off Ramp	Alameda	13.05	37.89438	-122.307952
401052	I80-W	W	Mainline	Contra Costa	13.393	37.898689	-122.309697
409582	I80-W	W	On Ramp	Contra Costa	13.563	37.900816	-122.310886
409584	I80-W	W	Mainline	Contra Costa	13.563	37.900816	-122.310886
407294	I80-W	W	Off Ramp	Contra Costa	13.773	37.903475	-122.312712
400628	I80-W	W	Mainline	Contra Costa	13.773	37.903475	-122.312712
400079	I80-W	W	Mainline	Contra Costa	13.843	37.904377	-122.313309
400755	I80-W	W	Mainline	Contra Costa	14.243	37.909536	-122.316706
407282	I80-W	W	On Ramp	Contra Costa	14.243	37.909536	-122.316706
407283	I80-W	W	Off Ramp	Contra Costa	14.453	37.91248	-122.317515
401229	I80-W	W	Mainline	Contra Costa	14.453	37.91248	-122.317515
400470	I80-W	W	Mainline	Contra Costa	14.573	37.914219	-122.317555
400819	I80-W	W	Mainline	Contra Costa	14.873	37.918568	-122.317539
407307	I80-W	W	On Ramp	Contra Costa	14.873	37.918568	-122.317539
401041	I80-W	W	Mainline	Contra Costa	15.333	37.92469	-122.320506
400378	I80-W	W	Mainline	Contra Costa	15.383	37.925318	-122.320965
407881	I80-W	W	Off Ramp	Contra Costa	15.483	37.92657	-122.321889
407306	I80-W	W	On Ramp	Contra Costa	15.953	37.932553	-122.326013
400113	I80-W	W	Mainline	Contra Costa	15.953	37.932553	-122.326013
400361	I80-W	W	Mainline	Contra Costa	16.303	37.937368	-122.326196
407284	I80-W	W	Off Ramp	Contra Costa	16.303	37.937368	-122.326196
407279	I80-W	W	On Ramp	Contra Costa	16.743	37.943406	-122.323941
401253	I80-W	W	Mainline	Contra Costa	16.743	37.943406	-122.323941
405763	I80-W	W	Mainline	Contra Costa	17.077	37.947988	-122.325817
408019	I80-W	W	Off Ramp	Contra Costa	17.173	37.949288	-122.326446
415263	I80-W	W	Mainline	Contra Costa	17.218	37.949897	-122.326742
401256	I80-W	W	Mainline	Contra Costa	17.393	37.952266	-122.327891
406660	I80-W	W	Mainline	Contra Costa	17.533	37.954132	-122.3289
407250	I80-W	W	On Ramp	Contra Costa	17.533	37.954132	-122.3289
407285	I80-W	W	Off Ramp	Contra Costa	17.633	37.955446	-122.329677
401894	I80-W	W	Mainline	Contra Costa	17.89	37.959017	-122.33077
417288	I80-W	W	Mainline	Contra Costa	18.333	37.964094	-122.326415
409785	I80-W	W	On Ramp	Contra Costa	18.503	37.965473	-122.323829
416774	I80-W	W	Mainline	Contra Costa	18.503	37.965473	-122.323829
401197	I80-W	W	Mainline	Contra Costa	18.833	37.969432	-122.320772
407308	I80-W	W	Off Ramp	Contra Costa	18.833	37.969432	-122.320772
401571	I80-W	W	Mainline	Contra Costa	19.023	37.972099	-122.319898
401215	I80-W	W	Mainline	Contra Costa	19.203	37.974619	-122.319044
407310	I80-W	W	On Ramp	Contra Costa	19.273	37.975598	-122.318706
411126	I80-W	W	On Ramp	Contra Costa	19.363	37.976861	-122.318257
411149	I80-W	W	Mainline	Contra Costa	19.383	37.977141	-122.318156
404405	I80-W	W	Off Ramp	Contra Costa	19.433	37.977848	-122.317922
400411	I80-W	W	Mainline	Contra Costa	19.603	37.980256	-122.317154
407286	I80-W	W	On Ramp	Contra Costa	19.893	37.984399	-122.316033
407288	I80-W	W	On Ramp	Contra Costa	19.943	37.985094	-122.315756
407287	I80-W	W	Off Ramp	Contra Costa	19.943	37.985094	-122.315756
400538	I80-W	W	Mainline	Contra Costa	20.093	37.987092	-122.31465
400465	I80-W	W	Mainline	Contra Costa	20.273	37.989153	-122.3126
400929	I80-W	W	Mainline	Contra Costa	20.573	37.991876	-122.308285
407298	I80-W	W	On Ramp	Contra Costa	20.933	37.99346	-122.301971
401480	I80-W	W	Mainline	Contra Costa	20.933	37.99346	-122.301971
400313	I80-W	W	Mainline	Contra Costa	20.953	37.993511	-122.301607
407296	I80-W	W	Off Ramp	Contra Costa	20.953	37.993511	-122.301607
401230	I80-W	W	Mainline	Contra Costa	21.736	37.996269	-122.287675
407295	I80-W	W	On Ramp	Contra Costa	21.803	37.996849	-122.286694
407305	I80-W	W	Off Ramp	Contra Costa	21.923	37.998129	-122.285223
400301	I80-W	W	Mainline	Contra Costa	22.025	37.999311	-122.28411
401084	I80-W	W	Mainline	Contra Costa	22.405	38.003734	-122.280004
401081	I80-W	W	Mainline	Contra Costa	22.741	38.007643	-122.276369
401083	I80-W	W	Mainline	Contra Costa	23.016	38.010814	-122.273346
407749	I80-W	W	On Ramp	Contra Costa	23.183	38.012764	-122.271549
401226	I80-W	W	Mainline	Contra Costa	23.303	38.014164	-122.270259
415264	I80-W	W	Mainline	Contra Costa	23.513	38.01661	-122.267992
400707	I80-W	W	Mainline	Contra Costa	23.522	38.016716	-122.267896
403272	I80-W	W	Off Ramp	Contra Costa	23.523	38.016727	-122.267886
401274	I80-W	W	Mainline	Contra Costa	23.941	38.0216	-122.263382
407293	I80-W	W	On Ramp	Contra Costa	23.943	38.021623	-122.26336
400235	I80-W	W	Mainline	Contra Costa	24.714	38.030602	-122.254968
403459	I80-W	W	Mainline	Contra Costa	24.999	38.033934	-122.251887
400501	I80-W	W	Mainline	Contra Costa	25.247	38.036851	-122.249232
403461	I80-W	W	Mainline	Contra Costa	25.77	38.042178	-122.242478
403306	I80-W	W	On Ramp	Contra Costa	25.993	38.044315	-122.239419
401673	I80-W	W	Mainline	Contra Costa	25.999	38.044372	-122.239337
403277	I80-W	W	Off Ramp	Contra Costa	26.093	38.045274	-122.238047
401395	I80-W	W	Mainline	Contra Costa	26.171	38.046031	-122.23699
407280	I80-W	W	On Ramp	Contra Costa	26.813	38.052228	-122.228257
404407	I80-W	W	Mainline	Contra Costa	26.86	38.052683	-122.227605
401646	I80-W	W	Mainline	Contra Costa	27.264	38.058015	-122.225635
401636	I80-W	W	Mainline	Solano	27.702	38.064357	-122.226272
401638	I80-W	W	Mainline	Solano	27.942	38.067752	-122.226796
400337	I80-W	W	Mainline	Solano	28.562	38.075741	-122.231688
419208	I80-W	W	On Ramp	Solano	29.212	38.084834	-122.233136
400128	I80-W	W	Mainline	Solano	29.212	38.084834	-122.233136
419207	I80-W	W	Off Ramp	Solano	29.222	38.084974	-122.233096
422408	I80-W	W	On Ramp	Solano	29.522	38.089092	-122.231526
422407	I80-W	W	Off Ramp	Solano	29.542	38.089363	-122.231409
404745	I80-W	W	Mainline	Solano	29.542	38.089363	-122.231409
422411	I80-W	W	On Ramp	Solano	29.622	38.090453	-122.230954
422410	I80-W	W	Off Ramp	Solano	29.642	38.090728	-122.230851
422409	I80-W	W	On Ramp	Solano	29.652	38.090866	-122.2308
408193	I80-W	W	On Ramp	Solano	29.782	38.092685	-122.230301
408194	I80-W	W	Off Ramp	Solano	29.802	38.092968	-122.230242
419490	I80-W	W	On Ramp	Solano	30.282	38.099842	-122.229874
404408	I80-W	W	Mainline	Solano	30.282	38.099842	-122.229874
419489	I80-W	W	Off Ramp	Solano	30.312	38.100272	-122.229869
409108	I80-W	W	On Ramp	Solano	30.612	38.104577	-122.229811
409107	I80-W	W	Mainline	Solano	30.632	38.104864	-122.229808
409109	I80-W	W	Off Ramp	Solano	30.642	38.105007	-122.229807
423362	I80-W	W	On Ramp	Solano	30.902	38.108738	-122.229761
400074	I80-W	W	Mainline	Solano	30.902	38.108738	-122.229761
423361	I80-W	W	Off Ramp	Solano	30.912	38.108882	-122.22976
423360	I80-W	W	On Ramp	Solano	31.012	38.110322	-122.229759
404409	I80-W	W	Mainline	Solano	31.452	38.116679	-122.230224
409231	I80-W	W	On Ramp	Solano	31.802	38.121733	-122.230378
404410	I80-W	W	Mainline	Solano	31.842	38.122301	-122.230238
407883	I80-W	W	Mainline	Solano	32.032	38.124914	-122.229194
402077	I80-W	W	Mainline	Solano	32.992	38.137369	-122.221311
413106	I80-W	W	On Ramp	Solano	33.052	38.138144	-122.22081
414093	I80-W	W	Mainline	Solano	33.222	38.140344	-122.219402
414103	I80-W	W	Off Ramp	Solano	33.222	38.140344	-122.219402
414102	I80-W	W	On Ramp	Solano	33.222	38.140344	-122.219402
422019	I80-W	W	Mainline	Solano	33.542	38.144611	-122.217158
422025	I80-W	W	Fwy-Fwy	Solano	33.542	38.144611	-122.217158
402238	I80-W	W	Mainline	Solano	33.972	38.150809	-122.216813
411804	I80-W	W	Mainline	Napa	34.482	38.157542	-122.213092
402234	I80-W	W	Mainline	Napa	34.972	38.163669	-122.208464
410828	I80-W	W	On Ramp	Solano	35.522	38.169003	-122.200897
410820	I80-W	W	Mainline	Solano	35.522	38.169003	-122.200897
408192	I80-W	W	Off Ramp	Solano	35.702	38.170741	-122.198431
410824	I80-W	W	Mainline	Solano	36.012	38.173742	-122.194192
410825	I80-W	W	Mainline	Solano	36.482	38.179234	-122.189127
410826	I80-W	W	Mainline	Solano	37.102	38.185384	-122.180879
410829	I80-W	W	Mainline	Solano	37.842	38.190692	-122.169275
413693	I80-W	W	On Ramp	Solano	38.712	38.200414	-122.15915
401219	I80-W	W	Mainline	Solano	38.792	38.201274	-122.158165
417730	I80-W	W	Off Ramp	Solano	38.982	38.203322	-122.155832
413692	I80-W	W	Off Ramp	Solano	39.012	38.203646	-122.155464
410790	I80-W	W	Mainline	Solano	39.372	38.207525	-122.151042
421744	I80-W	W	Mainline	Solano	39.542	38.209263	-122.148832
422797	I80-W	W	Off Ramp	Solano	39.602	38.209847	-122.148015
422796	I80-W	W	Mainline	Solano	39.622	38.210033	-122.147734
401216	I80-W	W	Mainline	Solano	39.642	38.21022	-122.147452
417744	I80-W	W	On Ramp	Solano	39.662	38.210407	-122.147171
421006	I80-W	W	Mainline	Solano	39.933	38.21298	-122.143408
421007	I80-W	W	Fwy-Fwy	Solano	39.933	38.21298	-122.143408
405954	I80-W	W	Fwy-Fwy	Solano	40.673	38.220082	-122.133174
401782	I80-W	W	Mainline	Solano	40.673	38.220082	-122.133174
408020	I80-W	W	Off Ramp	Solano	41.033	38.223481	-122.128122
401785	I80-W	W	Mainline	Solano	41.063	38.223755	-122.127691
401786	I80-W	W	Mainline	Solano	41.473	38.227238	-122.121552
401788	I80-W	W	Mainline	Solano	41.993	38.230959	-122.113197
413389	I80-W	W	Mainline	Solano	42.263	38.232855	-122.108831
401790	I80-W	W	Mainline	Solano	42.453	38.234207	-122.105771
410791	I80-W	W	Mainline	Solano	42.993	38.23801	-122.097046
410792	I80-W	W	On Ramp	Solano	42.993	38.23801	-122.097046
410783	I80-W	W	On Ramp	Solano	43.533	38.241832	-122.088354
410782	I80-W	W	Mainline	Solano	43.543	38.241901	-122.088193
410784	I80-W	W	Off Ramp	Solano	43.683	38.242891	-122.085946
404413	I80-W	W	Mainline	Solano	44.573	38.248687	-122.071376
417732	I80-W	W	On Ramp	Solano	44.573	38.248687	-122.071376
402003	I80-W	W	Mainline	Solano	44.973	38.253226	-122.066886
427606	I80-W	W	Off Ramp	Solano	45.043	38.254072	-122.066177
417733	I80-W	W	On Ramp	Solano	45.333	38.257563	-122.063217
401152	I80-W	W	Mainline	Solano	45.333	38.257563	-122.063217
417731	I80-W	W	On Ramp	Solano	45.413	38.258526	-122.062402
401155	I80-W	W	Mainline	Solano	45.463	38.259133	-122.061907
412696	I80-W	W	Mainline	Solano	45.883	38.26419	-122.057658
410780	I80-W	W	On Ramp	Solano	46.443	38.270914	-122.051959
410779	I80-W	W	Mainline	Solano	46.473	38.271273	-122.051651
410781	I80-W	W	Off Ramp	Solano	46.843	38.275724	-122.047899
411131	I80-W	W	Mainline	Solano	47.443	38.282917	-122.041772
411132	I80-W	W	Mainline	Solano	47.883	38.288196	-122.037282
410804	I80-W	W	On Ramp	Solano	48.533	38.296973	-122.03414
410803	I80-W	W	Mainline	Solano	48.533	38.296973	-122.03414
410802	I80-W	W	Off Ramp	Solano	48.653	38.298713	-122.034093
411134	I80-W	W	Mainline	Solano	48.883	38.302049	-122.034026
411137	I80-W	W	Mainline	Solano	49.483	38.31073	-122.033429
409232	I80-W	W	Mainline	Solano	49.943	38.316871	-122.031008
410817	I80-W	W	Mainline	Solano	50.553	38.324228	-122.024773
410818	I80-W	W	On Ramp	Solano	50.553	38.324228	-122.024773
410819	I80-W	W	Off Ramp	Solano	50.731	38.326709	-122.023139
410814	I80-W	W	Mainline	Solano	51.261	38.33359	-122.018792
410815	I80-W	W	On Ramp	Solano	51.261	38.33359	-122.018792
410816	I80-W	W	Off Ramp	Solano	51.371	38.335011	-122.017873
401877	I80-W	W	Mainline	Solano	51.441	38.335912	-122.017281
413390	I80-W	W	Mainline	Solano	52.031	38.341987	-122.010006
413391	I80-W	W	Off Ramp	Solano	52.041	38.342045	-122.009837
410812	I80-W	W	On Ramp	Solano	52.611	38.345308	-122.000218
410811	I80-W	W	Mainline	Solano	52.611	38.345308	-122.000218
410813	I80-W	W	Off Ramp	Solano	52.701	38.345889	-121.998735
408790	I80-W	W	Mainline	Solano	52.861	38.346893	-121.996082
410808	I80-W	W	Mainline	Solano	53.331	38.349933	-121.988342
411135	I80-W	W	On Ramp	Solano	53.331	38.349933	-121.988342
410810	I80-W	W	Off Ramp	Solano	53.381	38.350261	-121.987522
410805	I80-W	W	Mainline	Solano	53.801	38.353019	-121.980638
410806	I80-W	W	On Ramp	Solano	53.801	38.353019	-121.980638
410807	I80-W	W	Off Ramp	Solano	53.881	38.353767	-121.979516
408473	I80-W	W	Mainline	Solano	54.251	38.357776	-121.97501
411447	I80-W	W	On Ramp	Solano	54.811	38.362974	-121.96711
410788	I80-W	W	Mainline	Solano	54.811	38.362974	-121.96711
401923	I80-W	W	Mainline	Solano	55.031	38.364998	-121.963981
413684	I80-W	W	On Ramp	Solano	55.071	38.36539	-121.963437
413685	I80-W	W	Off Ramp	Solano	55.101	38.365684	-121.96303
413686	I80-W	W	Off Ramp	Solano	55.271	38.367403	-121.960786
410787	I80-W	W	On Ramp	Solano	55.671	38.371532	-121.955582
410786	I80-W	W	Mainline	Solano	55.671	38.371532	-121.955582
411141	I80-W	W	Mainline	Solano	56.081	38.375879	-121.950357
411140	I80-W	W	Mainline	Solano	56.967	38.384759	-121.938422
402240	I80-W	W	Mainline	Solano	58.697	38.402318	-121.915787
402242	I80-W	W	Mainline	Solano	59.467	38.410093	-121.905606
402244	I80-W	W	Mainline	Solano	60.087	38.416347	-121.897404
403426	I80-W	W	Mainline	Solano	60.927	38.424813	-121.886281
402247	I80-W	W	Mainline	Solano	61.467	38.430261	-121.879137
402249	I80-W	W	Mainline	Solano	62.467	38.44034	-121.865893
402252	I80-W	W	Mainline	Solano	63.037	38.446157	-121.858439
402253	I80-W	W	Mainline	Solano	63.467	38.450532	-121.852801
402254	I80-W	W	Mainline	Solano	63.967	38.455628	-121.846255
402256	I80-W	W	Mainline	Solano	64.467	38.460724	-121.83971
402258	I80-W	W	Mainline	Solano	64.967	38.465814	-121.833155
402260	I80-W	W	Mainline	Solano	65.707	38.473363	-121.823474
402262	I80-W	W	Mainline	Solano	66.467	38.481149	-121.813543
402265	I80-W	W	Mainline	Solano	67.247	38.489167	-121.803384
402267	I80-W	W	Mainline	Solano	67.967	38.49707	-121.79472
402269	I80-W	W	Mainline	Solano	68.927	38.507719	-121.78334
425058	I80-W	W	Mainline	Solano	68.947	38.507941	-121.783104
421503	I80-W	W	Mainline	Solano	69.477	38.513822	-121.776853
318102	I80-W	W	Mainline	Yolo	72.505	38.540991	-121.73467
318104	I80-W	W	On Ramp	Yolo	72.505	38.540991	-121.73467
318105	I80-W	W	Off Ramp	Yolo	72.505	38.540991	-121.73467
318103	I80-W	W	On Ramp	Yolo	72.505	38.540991	-121.73467
318106	I80-W	W	Off Ramp	Yolo	72.505	38.540991	-121.73467
318022	I80-W	W	Mainline	Yolo	73.437	38.547332	-121.719907
313979	I80-W	W	Mainline	Yolo	74.694	38.5522	-121.697581
313980	I80-W	W	On Ramp	Yolo	74.694	38.5522	-121.697581
313981	I80-W	W	Off Ramp	Yolo	74.694	38.5522	-121.697581
316788	I80-W	W	Mainline	Yolo	75.689	38.556393	-121.680063
318068	I80-W	W	Mainline	Yolo	76.172	38.558248	-121.671473
318077	I80-W	W	Mainline	Yolo	76.173	38.558252	-121.671455
318127	I80-W	W	On Ramp	Yolo	81.29	38.57419	-121.578829
318126	I80-W	W	Mainline	Yolo	81.297	38.574212	-121.578698
318142	I80-W	W	Mainline	Yolo	81.704	38.575302	-121.571572
316822	I80-W	W	Mainline	Yolo	82.443	38.579562	-121.560684
3044011	I80-W	W	On Ramp	Yolo	83.233	38.589697	-121.553883
3044012	I80-W	W	Mainline	Yolo	83.302	38.590599	-121.55327
317885	I80-W	W	Mainline	Yolo	83.31	38.590703	-121.553197
3044013	I80-W	W	Off Ramp	Yolo	83.342	38.591119	-121.552905
319142	I80-W	W	Mainline	Sacramento	84.276	38.603104	-121.544788
320449	I80-W	W	Mainline	Sacramento	85.098	38.613593	-121.537604
320450	I80-W	W	On Ramp	Sacramento	85.108	38.613707	-121.537491
3005031	I80-W	W	HOV	Sacramento	85.137	38.61403	-121.537148
320430	I80-W	W	On Ramp	Sacramento	85.288	38.615585	-121.535198
320429	I80-W	W	Mainline	Sacramento	85.31	38.615785	-121.534881
3005041	I80-W	W	HOV	Sacramento	85.333	38.615976	-121.534532
320431	I80-W	W	Off Ramp	Sacramento	85.353	38.616142	-121.534228
320631	I80-W	W	HOV	Sacramento	85.576	38.617987	-121.530837
320613	I80-W	W	HOV	Sacramento	86.768	38.627607	-121.512498
320616	I80-W	W	Mainline	Sacramento	86.79	38.627786	-121.51216
320615	I80-W	W	Mainline	Sacramento	86.792	38.627802	-121.512129
320614	I80-W	W	Mainline	Sacramento	86.792	38.627802	-121.512129
312327	I80-W	W	On Ramp	Sacramento	87.401	38.632724	-121.502762
312326	I80-W	W	Mainline	Sacramento	87.404	38.632748	-121.502715
320499	I80-W	W	HOV	Sacramento	87.418	38.632861	-121.5025
312347	I80-W	W	On Ramp	Sacramento	87.601	38.63434	-121.499686
312346	I80-W	W	Mainline	Sacramento	87.601	38.63434	-121.499686
315076	I80-W	W	Off Ramp	Sacramento	87.601	38.63434	-121.499686
320589	I80-W	W	HOV	Sacramento	87.601	38.63434	-121.499686
320563	I80-W	W	HOV	Sacramento	88.33	38.639501	-121.487995
320484	I80-W	W	On Ramp	Sacramento	88.755	38.640532	-121.480234
320483	I80-W	W	Mainline	Sacramento	88.802	38.640635	-121.479373
320482	I80-W	W	HOV	Sacramento	88.826	38.640686	-121.478934
320645	I80-W	W	HOV	Sacramento	88.922	38.640888	-121.477175
320647	I80-W	W	On Ramp	Sacramento	88.948	38.640941	-121.476699
320644	I80-W	W	Mainline	Sacramento	88.956	38.640957	-121.476553
320646	I80-W	W	Off Ramp	Sacramento	89.009	38.641066	-121.475582
320602	I80-W	W	HOV	Sacramento	89.596	38.641778	-121.4648
317852	I80-W	W	Mainline	Sacramento	89.596	38.641778	-121.4648
320513	I80-W	W	HOV	Sacramento	89.878	38.641632	-121.459589
320514	I80-W	W	On Ramp	Sacramento	89.91	38.641619	-121.458997
316174	I80-W	W	Mainline	Sacramento	89.914	38.641617	-121.458923
320653	I80-W	W	Off Ramp	Sacramento	90.198	38.641439	-121.453676
316085	I80-W	W	Mainline	Sacramento	90.796	38.64221	-121.442725
320597	I80-W	W	HOV	Sacramento	90.796	38.64221	-121.442725
320662	I80-W	W	HOV	Sacramento	91.391	38.64332	-121.431846
316002	I80-W	W	On Ramp	Sacramento	91.403	38.643306	-121.431624
316001	I80-W	W	Mainline	Sacramento	91.412	38.643286	-121.431459
320674	I80-W	W	HOV	Sacramento	91.578	38.642792	-121.42845
315983	I80-W	W	On Ramp	Sacramento	91.583	38.642773	-121.428361
315984	I80-W	W	Off Ramp	Sacramento	91.591	38.642742	-121.428218
315982	I80-W	W	Mainline	Sacramento	91.594	38.642731	-121.428164
320593	I80-W	W	HOV	Sacramento	92.134	38.638909	-121.419445
3036021	I80-W	W	HOV	Sacramento	92.429	38.637558	-121.414319
316033	I80-W	W	On Ramp	Sacramento	92.491	38.637496	-121.413172
316032	I80-W	W	Mainline	Sacramento	92.492	38.637495	-121.413153
316034	I80-W	W	Off Ramp	Sacramento	92.62	38.637484	-121.410782
314177	I80-W	W	On Ramp	Sacramento	93.202	38.639643	-121.400686
317064	I80-W	W	HOV	Sacramento	93.217	38.639775	-121.400469
313487	I80-W	W	Mainline	Sacramento	93.29	38.640414	-121.399411
3021011	I80-W	W	Off Ramp	Sacramento	93.324	38.64073	-121.398938
3036044	I80-W	W	Off Ramp	Sacramento	93.477	38.64217	-121.396825
3036043	I80-W	W	Off Ramp	Sacramento	93.478	38.642179	-121.396811
3036042	I80-W	W	Mainline	Sacramento	93.483	38.642226	-121.396741
3036041	I80-W	W	HOV	Sacramento	93.487	38.642263	-121.396685
3021121	I80-W	W	HOV	Sacramento	94.134	38.645287	-121.38569
3021122	I80-W	W	Mainline	Sacramento	94.197	38.645407	-121.384545
3021123	I80-W	W	On Ramp	Sacramento	94.206	38.645424	-121.384382
3021111	I80-W	W	On Ramp	Sacramento	94.327	38.645644	-121.382183
315880	I80-W	W	HOV	Sacramento	94.358	38.645697	-121.381619
314171	I80-W	W	On Ramp	Sacramento	94.358	38.645697	-121.381619
314165	I80-W	W	Mainline	Sacramento	94.358	38.645697	-121.381619
315881	I80-W	W	HOV	Sacramento	95.364	38.654384	-121.367632
314485	I80-W	W	Mainline	Sacramento	96.015	38.661506	-121.359735
314486	I80-W	W	On Ramp	Sacramento	96.015	38.661506	-121.359735
315883	I80-W	W	HOV	Sacramento	96.015	38.661506	-121.359735
315884	I80-W	W	HOV	Sacramento	96.548	38.667511	-121.353536
313386	I80-W	W	Mainline	Sacramento	96.567	38.667724	-121.353312
315885	I80-W	W	HOV	Sacramento	97.203	38.674742	-121.34569
313405	I80-W	W	Mainline	Sacramento	97.211	38.67483	-121.345593
315886	I80-W	W	HOV	Sacramento	97.843	38.681781	-121.33798
314434	I80-W	W	On Ramp	Sacramento	97.843	38.681781	-121.33798
314433	I80-W	W	Mainline	Sacramento	97.843	38.681781	-121.33798
314419	I80-W	W	Mainline	Sacramento	97.998	38.683477	-121.336101
315887	I80-W	W	HOV	Sacramento	97.998	38.683477	-121.336101
314421	I80-W	W	Off Ramp	Sacramento	97.998	38.683477	-121.336101
314420	I80-W	W	On Ramp	Sacramento	97.998	38.683477	-121.336101
3011042	I80-W	W	HOV	Sacramento	98.437	38.68831	-121.33082
3011041	I80-W	W	Mainline	Sacramento	98.459	38.688549	-121.33055
313426	I80-W	W	Mainline	Sacramento	98.463	38.688592	-121.330501
315889	I80-W	W	HOV	Sacramento	98.463	38.688592	-121.330501
313414	I80-W	W	Mainline	Sacramento	98.465	38.688614	-121.330476
315888	I80-W	W	HOV	Sacramento	98.53	38.689321	-121.329683
315890	I80-W	W	HOV	Sacramento	99.421	38.69913	-121.318965
313560	I80-W	W	Mainline	Sacramento	99.421	38.69913	-121.318965
313438	I80-W	W	Mainline	Sacramento	100.017	38.70566	-121.311747
315891	I80-W	W	HOV	Sacramento	100.017	38.70566	-121.311747
314182	I80-W	W	On Ramp	Sacramento	100.017	38.70566	-121.311747
314190	I80-W	W	On Ramp	Sacramento	100.212	38.707798	-121.309389
313450	I80-W	W	Mainline	Sacramento	100.212	38.707798	-121.309389
315892	I80-W	W	HOV	Sacramento	100.212	38.707798	-121.309389
313468	I80-W	W	Mainline	Sacramento	100.953	38.71594	-121.300485
315893	I80-W	W	HOV	Sacramento	100.957	38.715984	-121.300437
318437	I80-W	W	HOV	Sacramento	101.209	38.71873	-121.297375
313482	I80-W	W	Mainline	Sacramento	101.213	38.718773	-121.297325
313493	I80-W	W	Mainline	Placer	101.749	38.724578	-121.290759
319339	I80-W	W	HOV	Placer	101.749	38.724578	-121.290759
314201	I80-W	W	On Ramp	Placer	101.749	38.724578	-121.290759
313512	I80-W	W	Mainline	Placer	101.877	38.725984	-121.289214
319365	I80-W	W	HOV	Placer	101.877	38.725984	-121.289214
314204	I80-W	W	On Ramp	Placer	101.877	38.725984	-121.289214
318611	I80-W	W	HOV	Placer	102.177	38.729269	-121.285566
318612	I80-W	W	Mainline	Placer	102.177	38.729269	-121.285566
318656	I80-W	W	HOV	Placer	103.376	38.742789	-121.271665
316438	I80-W	W	Mainline	Placer	103.376	38.742789	-121.271665
316439	I80-W	W	On Ramp	Placer	103.376	38.742789	-121.271665
318636	I80-W	W	HOV	Placer	103.508	38.744493	-121.27055
316451	I80-W	W	Mainline	Placer	103.508	38.744493	-121.27055
316452	I80-W	W	On Ramp	Placer	103.508	38.744493	-121.27055
316453	I80-W	W	Off Ramp	Placer	103.508	38.744493	-121.27055
316454	I80-W	W	Off Ramp	Placer	103.508	38.744493	-121.27055
318949	I80-W	W	HOV	Placer	104.034	38.751298	-121.266146
318950	I80-W	W	Mainline	Placer	104.034	38.751298	-121.266146
318816	I80-W	W	Mainline	Placer	104.419	38.756266	-121.262886
318818	I80-W	W	Off Ramp	Placer	104.419	38.756266	-121.262886
318817	I80-W	W	On Ramp	Placer	104.419	38.756266	-121.262886
318815	I80-W	W	HOV	Placer	104.419	38.756266	-121.262886
318772	I80-W	W	HOV	Placer	104.875	38.762175	-121.259089
318773	I80-W	W	Mainline	Placer	104.891	38.762382	-121.258955
318789	I80-W	W	On Ramp	Placer	105.137	38.765222	-121.256321
318788	I80-W	W	Mainline	Placer	105.137	38.765222	-121.256321
318787	I80-W	W	HOV	Placer	105.137	38.765222	-121.256321
318756	I80-W	W	Fwy-Fwy	Placer	106.401	38.776642	-121.238063
317003	I80-W	W	Mainline	Placer	107.088	38.783456	-121.228782
319388	I80-W	W	Mainline	Placer	107.088	38.783456	-121.228782
317013	I80-W	W	Mainline	Placer	108.61	38.799647	-121.209562
317167	I80-W	W	On Ramp	Placer	109.008	38.803863	-121.204533
317166	I80-W	W	Mainline	Placer	109.008	38.803863	-121.204533
317023	I80-W	W	Mainline	Placer	109.384	38.807848	-121.199784
3412014	I80-W	W	Mainline	Placer	109.597	38.810111	-121.197102
316738	I80-W	W	Mainline	Placer	110.346	38.818056	-121.18765
316748	I80-W	W	Mainline	Placer	111.497	38.830268	-121.173122
316768	I80-W	W	Mainline	Placer	112.319	38.838956	-121.162695
316758	I80-W	W	Mainline	Placer	113.635	38.852795	-121.145902
3038084	I80-W	W	On Ramp	Placer	115.22	38.871937	-121.131841
3038092	I80-W	W	On Ramp	Placer	115.858	38.87833	-121.124814
3038091	I80-W	W	Mainline	Placer	115.918	38.878389	-121.123708
3412024	I80-W	W	Mainline	Placer	117.123	38.883692	-121.102808
316206	I80-W	W	Mainline	Placer	117.165	38.884054	-121.102186
3038107	I80-W	W	On Ramp	Placer	119.253		
3038104	I80-W	W	Mainline	Placer	119.382		
316221	I80-W	W	On Ramp	Placer	120.811	38.921421	-121.058689
316222	I80-W	W	Mainline	Placer	120.86	38.92206	-121.058299
3412044	I80-W	W	Mainline	Placer	123.025	38.949914	-121.041771
316250	I80-W	W	On Ramp	Placer	127.613	39.003607	-120.9938
316252	I80-W	W	Mainline	Placer	127.613	39.003607	-120.9938
316251	I80-W	W	Off Ramp	Placer	127.613	39.003607	-120.9938
316263	I80-W	W	Off Ramp	Placer	130.861	39.045425	-120.973859
316264	I80-W	W	Mainline	Placer	130.861	39.045425	-120.973859
316262	I80-W	W	On Ramp	Placer	130.861	39.045425	-120.973859
314001	I80-W	W	Mainline	Placer	135.932	39.114294	-120.944331
3047041	I80-W	W	Mainline	Placer	139.866	39.150274	-120.897598
3047044	I80-W	W	On Ramp	Placer	139.872	39.150319	-120.8975
3047074	I80-W	W	On Ramp	Placer	142.827	39.174855	-120.858466
3047071	I80-W	W	Mainline	Placer	142.836	39.174948	-120.858351
3047076	I80-W	W	Off Ramp	Placer	142.87	39.175301	-120.857916
3412051	I80-W	W	Mainline	Placer	145.941	39.197975	-120.815077
3047104	I80-W	W	Mainline	Nevada	160.515	39.318557	-120.611237
3047122	I80-W	W	On Ramp	Nevada	163.61	39.322606	-120.563679
3047121	I80-W	W	Mainline	Nevada	163.617	39.322527	-120.563598
3047123	I80-W	W	Off Ramp	Nevada	163.746	39.321173	-120.561971
3412077	I80-W	W	On Ramp	Placer	170.69		
3412081	I80-W	W	Mainline	Placer	170.709	39.314409	-120.446347
317798	I80-W	W	Mainline	Nevada	173.776	39.325264	-120.392997
317796	I80-W	W	Off Ramp	Nevada	173.776	39.325264	-120.392997
317794	I80-W	W	On Ramp	Nevada	173.776	39.325264	-120.392997
317787	I80-W	W	On Ramp	Nevada	176.363	39.338695	-120.351034
317789	I80-W	W	Mainline	Nevada	176.366	39.338722	-120.350991
318688	I80-W	W	Mainline	Nevada	180.459	39.331564	-120.287874
318689	I80-W	W	On Ramp	Nevada	180.459	39.331564	-120.287874
318690	I80-W	W	Off Ramp	Nevada	180.459	39.331564	-120.287874
319674	I80-W	W	Mainline	Nevada	183.982	39.324437	-120.226735
3054021	I80-W	W	On Ramp	Nevada	184.093	39.324197	-120.224688
319677	I80-W	W	Off Ramp	Nevada	184.174	39.324023	-120.223191
3411021	I80-W	W	Mainline	Nevada	184.746	39.323188	-120.212572
314255	I80-W	W	Mainline	Nevada	187.946	39.343101	-120.161488
3411031	I80-W	W	Mainline	Nevada	190.127	39.362187	-120.129112
317147	I80-W	W	Mainline	Nevada	200.327	39.422575	-120.035411
415728	SR160-N	N	Fwy-Fwy	Contra Costa	0.54	38.013379	-121.751673
415727	SR160-N	N	Fwy-Fwy	Contra Costa	0.55	38.013534	-121.751643
402071	SR160-N	N	Mainline	Contra Costa	0.86	38.018353	-121.75143
3413064	SR160-N	N	Mainline	Sacramento	12.216	38.156545	-121.675635
314575	SR160-N	N	On Ramp	Sacramento	48.588	38.600099	-121.451139
314576	SR160-N	N	Off Ramp	Sacramento	48.588	38.600099	-121.451139
314521	SR160-N	N	Mainline	Sacramento	48.588	38.600099	-121.451139
415729	SR160-S	S	Fwy-Fwy	Contra Costa	0.72	38.016167	-121.751557
415730	SR160-S	S	Fwy-Fwy	Contra Costa	0.73	38.016323	-121.751549
402070	SR160-S	S	Mainline	Contra Costa	0.86	38.018347	-121.751494
3413061	SR160-S	S	Mainline	Sacramento	12.218	38.156573	-121.675633
314580	SR160-S	S	Mainline	Sacramento	48.588	38.60025	-121.450708
316493	SR160-S	S	Off Ramp	Sacramento	48.588	38.60025	-121.450708
314159	SR160-S	S	Mainline	Sacramento	49.279	38.60135	-121.438056
318534	SR160-S	S	On Ramp	Sacramento	49.632		
414247	SR242-N	N	Mainline	Contra Costa	0.589	37.963535	-122.050151
401282	SR242-N	N	Mainline	Contra Costa	1.029	37.969613	-122.04788
414248	SR242-N	N	Mainline	Contra Costa	1.309	37.973425	-122.046244
417890	SR242-N	N	On Ramp	Contra Costa	1.719	37.978869	-122.043278
417123	SR242-N	N	On Ramp	Contra Costa	1.729	37.979004	-122.043205
401393	SR242-N	N	Mainline	Contra Costa	1.729	37.979004	-122.043205
401401	SR242-N	N	Mainline	Contra Costa	1.729	37.979004	-122.043205
409044	SR242-N	N	Off Ramp	Contra Costa	2.209	37.985831	-122.040861
400521	SR242-N	N	Mainline	Contra Costa	2.329	37.987589	-122.040509
418255	SR242-N	N	On Ramp	Contra Costa	2.369	37.988174	-122.04039
401537	SR242-N	N	Mainline	Contra Costa	2.369	37.988174	-122.04039
414249	SR242-N	N	Mainline	Contra Costa	2.699	37.992699	-122.039408
400112	SR242-N	N	Mainline	Contra Costa	3.069	37.998096	-122.038232
401617	SR242-N	N	Fwy-Fwy	Contra Costa	3.419	38.005814	-122.035169
414250	SR242-S	S	Mainline	Contra Costa	0.589	37.963553	-122.05039
417125	SR242-S	S	On Ramp	Contra Costa	0.959	37.968654	-122.048342
417124	SR242-S	S	Off Ramp	Contra Costa	0.969	37.968796	-122.048311
401289	SR242-S	S	Mainline	Contra Costa	1.029	37.969653	-122.048119
414251	SR242-S	S	Mainline	Contra Costa	1.309	37.973476	-122.046477
417126	SR242-S	S	On Ramp	Contra Costa	1.739	37.979212	-122.043366
401399	SR242-S	S	Mainline	Contra Costa	1.739	37.979212	-122.043366
400596	SR242-S	S	Mainline	Contra Costa	2.329	37.987627	-122.040728
409045	SR242-S	S	On Ramp	Contra Costa	2.329	37.987627	-122.040728
418256	SR242-S	S	Off Ramp	Contra Costa	2.529	37.990422	-122.040133
414252	SR242-S	S	Mainline	Contra Costa	2.699	37.992735	-122.039621
400307	SR242-S	S	Mainline	Contra Costa	3.069	37.997771	-122.03856
405421	SR242-S	S	On Ramp	Contra Costa	3.069	37.997771	-122.03856
405420	SR242-S	S	On Ramp	Contra Costa	3.079	37.997906	-122.038529
414254	SR242-S	S	On Ramp	Contra Costa	3.429	38.002643	-122.037536
414253	SR242-S	S	Mainline	Contra Costa	3.449	38.002914	-122.037482
1091510	I580-E	E	Mainline	San Joaquin	0.257	37.594123	-121.337995
10124210	I580-E	E	Mainline	San Joaquin	3.111	37.622757	-121.375398
10124010	I580-E	E	Mainline	San Joaquin	3.711	37.627837	-121.384268
1093310	I580-E	E	On Ramp	San Joaquin	4.487	37.634657	-121.395524
10123810	I580-E	E	Mainline	San Joaquin	6.196	37.649689	-121.420304
10123610	I580-E	E	Mainline	San Joaquin	6.996	37.656733	-121.4319
1094510	I580-E	E	Off Ramp	San Joaquin	8.728	37.671944	-121.457043
1094610	I580-E	E	On Ramp	San Joaquin	8.868	37.673146	-121.459101
10123410	I580-E	E	Mainline	San Joaquin	10.396	37.686624	-121.48123
403524	I580-E	E	Mainline	San Joaquin	12.306	37.703392	-121.508962
10123210	I580-E	E	Mainline	San Joaquin	13.796	37.7164	-121.5306
1094410	I580-E	E	On Ramp	San Joaquin	14.186	37.71999	-121.536022
1094310	I580-E	E	Off Ramp	San Joaquin	14.286	37.721047	-121.53725
10123010	I580-E	E	Mainline	San Joaquin	15.296	37.731934	-121.549359
427095	I580-E	E	On Ramp	Alameda	17.382	37.740759	-121.583066
427093	I580-E	E	Mainline	Alameda	17.382	37.740759	-121.583066
427094	I580-E	E	Off Ramp	Alameda	17.742	37.739555	-121.589458
427092	I580-E	E	On Ramp	Alameda	21.762	37.720288	-121.656739
427091	I580-E	E	Mainline	Alameda	21.782	37.720182	-121.657079
10128110	I580-E	E	Off Ramp	Alameda	21.95	37.719346	-121.659959
10128210	I580-E	E	On Ramp	Alameda	21.95	37.719346	-121.659959
1031110	I580-E	E	Mainline	Alameda	21.95	37.719346	-121.659959
402420	I580-E	E	Mainline	Alameda	22.483	37.718211	-121.669346
402424	I580-E	E	Mainline	Alameda	23.553	37.720431	-121.687475
402410	I580-E	E	Mainline	Alameda	24.073	37.718518	-121.696655
402032	I580-E	E	Mainline	Alameda	24.553	37.716692	-121.705048
402408	I580-E	E	Mainline	Alameda	25.063	37.713351	-121.713265
418343	I580-E	E	On Ramp	Alameda	25.553	37.710034	-121.7211
402031	I580-E	E	Mainline	Alameda	25.553	37.710034	-121.7211
418342	I580-E	E	Off Ramp	Alameda	25.623	37.709558	-121.722218
402406	I580-E	E	Mainline	Alameda	26.422	37.704105	-121.735155
402030	I580-E	E	Mainline	Alameda	26.612	37.702925	-121.738302
415492	I580-E	E	On Ramp	Alameda	26.612	37.702925	-121.738302
415491	I580-E	E	Off Ramp	Alameda	26.782	37.702335	-121.74132
402430	I580-E	E	Mainline	Alameda	27.062	37.702324	-121.746413
402404	I580-E	E	Mainline	Alameda	27.122	37.70238	-121.747506
402026	I580-E	E	Mainline	Alameda	27.562	37.702703	-121.755526
402402	I580-E	E	Mainline	Alameda	28.062	37.702234	-121.764593
422259	I580-E	E	Off Ramp	Alameda	28.502	37.700968	-121.772462
422260	I580-E	E	On Ramp	Alameda	28.502	37.700968	-121.772462
405706	I580-E	E	Mainline	Alameda	28.522	37.700905	-121.772818
402400	I580-E	E	Mainline	Alameda	28.922	37.699984	-121.780016
402434	I580-E	E	Mainline	Alameda	29.132	37.69966	-121.783826
402435	I580-E	E	Mainline	Alameda	29.572	37.700063	-121.791737
412930	I580-E	E	Mainline	Alameda	29.882	37.70065	-121.797311
403398	I580-E	E	On Ramp	Alameda	30.062	37.700657	-121.800596
403399	I580-E	E	Mainline	Alameda	30.112	37.700666	-121.801508
403396	I580-E	E	Mainline	Alameda	30.192	37.700683	-121.802968
403395	I580-E	E	On Ramp	Alameda	30.192	37.700683	-121.802968
403397	I580-E	E	Off Ramp	Alameda	30.372	37.700719	-121.806253
401564	I580-E	E	Mainline	Alameda	30.732	37.700802	-121.812823
401412	I580-E	E	Mainline	Alameda	31.052	37.70086	-121.818662
428251	I580-E	E	On Ramp	Alameda	31.232	37.700881	-121.821947
402439	I580-E	E	Mainline	Alameda	31.312	37.700891	-121.823407
400153	I580-E	E	Mainline	Alameda	31.492	37.700927	-121.826692
416731	I580-E	E	Mainline	Alameda	32.112	37.70099	-121.838007
402418	I580-E	E	Mainline	Alameda	32.552	37.701099	-121.846036
422261	I580-E	E	On Ramp	Alameda	32.582	37.701104	-121.846584
402417	I580-E	E	Mainline	Alameda	32.762	37.701135	-121.849868
422262	I580-E	E	Off Ramp	Alameda	32.762	37.701135	-121.849868
422263	I580-E	E	On Ramp	Alameda	32.762	37.701135	-121.849868
403227	I580-E	E	Mainline	Alameda	33.542	37.701267	-121.864103
417568	I580-E	E	On Ramp	Alameda	33.832	37.701322	-121.869395
400986	I580-E	E	Mainline	Alameda	33.832	37.701322	-121.869395
400625	I580-E	E	Mainline	Alameda	33.972	37.701329	-121.871949
420959	I580-E	E	On Ramp	Alameda	33.972	37.701329	-121.871949
420960	I580-E	E	Off Ramp	Alameda	34.122	37.701347	-121.874686
401852	I580-E	E	Mainline	Alameda	34.592	37.701391	-121.883264
401433	I580-E	E	Mainline	Alameda	34.702	37.70139	-121.885271
415818	I580-E	E	On Ramp	Alameda	34.882	37.70141	-121.888557
400111	I580-E	E	Mainline	Alameda	34.882	37.70141	-121.888557
415817	I580-E	E	Off Ramp	Alameda	34.942	37.701406	-121.889651
402442	I580-E	E	Mainline	Alameda	35.112	37.70137	-121.892753
406609	I580-E	E	Mainline	Alameda	35.652	37.701469	-121.902607
426752	I580-E	E	On Ramp	Alameda	35.772	37.701529	-121.904795
401006	I580-E	E	Mainline	Alameda	35.772	37.701529	-121.904795
400892	I580-E	E	Mainline	Alameda	35.902	37.701571	-121.907167
402017	I580-E	E	Mainline	Alameda	36.182	37.701638	-121.912277
407964	I580-E	E	Mainline	Alameda	36.242	37.701653	-121.913919
401695	I580-E	E	Mainline	Alameda	36.672	37.701171	-121.921149
406327	I580-E	E	Off Ramp	Alameda	36.672	37.701171	-121.921149
406606	I580-E	E	Off Ramp	Alameda	36.862	37.700435	-121.924489
406607	I580-E	E	Off Ramp	Alameda	36.872	37.700395	-121.924665
406608	I580-E	E	Off Ramp	Alameda	36.992	37.699915	-121.926769
406605	I580-E	E	Mainline	Alameda	36.992	37.699915	-121.926769
402015	I580-E	E	Mainline	Alameda	37.442	37.698211	-121.934682
402222	I580-E	E	Mainline	Alameda	38.092	37.69819	-121.946552
402446	I580-E	E	Mainline	Alameda	38.552	37.69817	-121.954965
402448	I580-E	E	Mainline	Alameda	39.312	37.696995	-121.968736
402450	I580-E	E	Mainline	Alameda	40.432	37.699898	-121.988806
402452	I580-E	E	Mainline	Alameda	41.132	37.703279	-122.000677
402454	I580-E	E	Mainline	Alameda	41.632	37.702987	-122.009775
402455	I580-E	E	Mainline	Alameda	42.202	37.701568	-122.019856
402224	I580-E	E	Mainline	Alameda	42.962	37.701845	-122.033225
401854	I580-E	E	Mainline	Alameda	43.222	37.70096	-122.03778
402226	I580-E	E	Mainline	Alameda	43.532	37.698004	-122.042005
406604	I580-E	E	Mainline	Alameda	43.992	37.693792	-122.048339
412042	I580-E	E	On Ramp	Alameda	44.622	37.693317	-122.059713
406603	I580-E	E	Off Ramp	Alameda	44.642	37.693221	-122.060057
406602	I580-E	E	Mainline	Alameda	44.952	37.691723	-122.0654
403223	I580-E	E	Mainline	Alameda	45.302	37.690595	-122.071617
403220	I580-E	E	Off Ramp	Alameda	45.302	37.690595	-122.071617
403222	I580-E	E	On Ramp	Alameda	45.302	37.690595	-122.071617
402457	I580-E	E	Mainline	Alameda	45.482	37.690589	-122.074877
403053	I580-E	E	On Ramp	Alameda	46.044	37.690526	-122.084955
402539	I580-E	E	Mainline	Alameda	46.044	37.690526	-122.084955
403051	I580-E	E	On Ramp	Alameda	46.434	37.690236	-122.091948
402536	I580-E	E	Fwy-Fwy	Alameda	46.434	37.690236	-122.091948
402537	I580-E	E	Mainline	Alameda	46.434	37.690236	-122.091948
401856	I580-E	E	Mainline	Alameda	49.774	37.721144	-122.135
401858	I580-E	E	Mainline	Alameda	53.004	37.763133	-122.149977
400492	I580-E	E	Mainline	Alameda	54.804	37.780572	-122.173006
403094	I580-E	E	Off Ramp	Alameda	54.804	37.780572	-122.173006
403095	I580-E	E	On Ramp	Alameda	54.804	37.780572	-122.173006
403096	I580-E	E	On Ramp	Alameda	54.814	37.780654	-122.173156
400692	I580-E	E	Mainline	Alameda	56.188	37.786914	-122.196329
403105	I580-E	E	Off Ramp	Alameda	56.188	37.786914	-122.196329
402105	I580-E	E	Mainline	Alameda	56.878	37.793819	-122.2053
400948	I580-E	E	Mainline	Alameda	57.588	37.798217	-122.216962
403115	I580-E	E	Off Ramp	Alameda	57.588	37.798217	-122.216962
403123	I580-E	E	On Ramp	Alameda	58.188	37.800558	-122.227577
400302	I580-E	E	Mainline	Alameda	58.188	37.800558	-122.227577
400261	I580-E	E	Mainline	Alameda	58.693	37.805061	-122.234851
403127	I580-E	E	Off Ramp	Alameda	58.693	37.805061	-122.234851
400026	I580-E	E	Mainline	Alameda	59.403	37.809611	-122.246363
403134	I580-E	E	On Ramp	Alameda	59.423	37.809713	-122.246703
401452	I580-E	E	Mainline	Alameda	59.633	37.811293	-122.249829
402858	I580-E	E	Off Ramp	Alameda	59.633	37.811293	-122.249829
402857	I580-E	E	On Ramp	Alameda	60.003	37.816339	-122.251805
401548	I580-E	E	Mainline	Alameda	60.003	37.816339	-122.251805
400203	I580-E	E	Mainline	Alameda	60.613	37.822145	-122.259965
403074	I580-E	E	Off Ramp	Alameda	60.613	37.822145	-122.259965
403075	I580-E	E	Off Ramp	Alameda	60.623	37.8222	-122.260137
401481	I580-E	E	Mainline	Alameda	60.733	37.822748	-122.262051
401899	I580-E	E	Mainline	Alameda	61.233	37.824753	-122.270809
400489	I580-E	E	Mainline	Alameda	61.243	37.824791	-122.270978
400075	I580-E	E	Mainline	Alameda	61.493	37.82576	-122.275143
417212	I580-E	E	Mainline	Alameda	61.873	37.82719	-122.281451
420279	I580-E	E	Mainline	Alameda	62.083	37.826861	-122.285019
424901	I580-E	E	On Ramp	Alameda	62.993	37.832529	-122.29429
401218	I580-E	E	Mainline	Alameda	63.42	37.891533	-122.308848
408109	I580-E	E	Off Ramp	Alameda	63.42	37.891533	-122.308848
408108	I580-E	E	On Ramp	Alameda	63.42	37.891533	-122.308848
405029	I580-E	E	Mainline	Contra Costa	64.254	37.900628	-122.314601
405024	I580-E	E	Mainline	Contra Costa	64.694	37.905897	-122.31891
400395	I580-E	E	Mainline	Contra Costa	65.374	37.914244	-122.325871
407017	I580-E	E	Mainline	Contra Costa	65.674	37.917462	-122.329259
400216	I580-E	E	Mainline	Contra Costa	65.906	37.919642	-122.332292
400202	I580-E	E	Mainline	Contra Costa	66.236	37.92135	-122.337615
412040	I580-E	E	On Ramp	Contra Costa	66.396	37.921498	-122.340437
412039	I580-E	E	On Ramp	Contra Costa	66.866	37.921725	-122.348741
412041	I580-E	E	Off Ramp	Contra Costa	66.886	37.92172	-122.349094
400359	I580-E	E	Mainline	Contra Costa	67.386	37.922431	-122.357855
412038	I580-E	E	On Ramp	Contra Costa	67.426	37.92269	-122.358502
412037	I580-E	E	On Ramp	Contra Costa	67.546	37.923627	-122.360331
400639	I580-E	E	Mainline	Contra Costa	68.376	37.927097	-122.37423
412044	I580-E	E	On Ramp	Contra Costa	68.426	37.927102	-122.375142
424043	I580-E	E	On Ramp	Contra Costa	69.316	37.930706	-122.390564
424042	I580-E	E	Mainline	Contra Costa	69.346	37.930921	-122.391041
424031	I580-E	E	Mainline	Contra Costa	69.906	37.931883	-122.400709
424054	I580-E	E	On Ramp	Contra Costa	69.936	37.931901	-122.401261
424055	I580-E	E	Mainline	Contra Costa	70.136	37.932214	-122.404914
421238	I580-E	E	Mainline	Contra Costa	71.146	37.933492	-122.42342
421239	I580-E	E	Mainline	Marin	72.182	37.934702	-122.442418
421237	I580-E	E	Mainline	Marin	73.222	37.938416	-122.460813
424045	I580-E	E	Mainline	Marin	74.292	37.943045	-122.479558
424046	I580-E	E	On Ramp	Marin	74.352	37.943528	-122.48047
424047	I580-E	E	Mainline	Marin	74.582	37.944818	-122.484261
424048	I580-E	E	Off Ramp	Marin	74.622	37.944841	-122.484991
424051	I580-E	E	Mainline	Marin	74.972	37.946218	-122.490886
424052	I580-E	E	On Ramp	Marin	74.972	37.946218	-122.490886
1091710	I580-W	W	Mainline	San Joaquin	0.257	37.594749	-121.338359
10124310	I580-W	W	Mainline	San Joaquin	3.111	37.622828	-121.375206
10124110	I580-W	W	Mainline	San Joaquin	3.711	37.628056	-121.384024
1093410	I580-W	W	Off Ramp	San Joaquin	4.496	37.63498	-121.395485
10123910	I580-W	W	Mainline	San Joaquin	6.196	37.649945	-121.420133
10123710	I580-W	W	Mainline	San Joaquin	6.996	37.656994	-121.431718
1094710	I580-W	W	Off Ramp	San Joaquin	8.66	37.671619	-121.455857
1094810	I580-W	W	On Ramp	San Joaquin	8.766	37.672542	-121.457405
10123510	I580-W	W	Mainline	San Joaquin	10.396	37.686876	-121.481072
403525	I580-W	W	Mainline	San Joaquin	12.306	37.703668	-121.508801
10123310	I580-W	W	Mainline	San Joaquin	13.796	37.716644	-121.530292
1094110	I580-W	W	Off Ramp	San Joaquin	14.131	37.719676	-121.535017
1094210	I580-W	W	On Ramp	San Joaquin	14.238	37.720771	-121.536382
10123110	I580-W	W	Mainline	San Joaquin	15.296	37.732162	-121.549132
426773	I580-W	W	Off Ramp	Alameda	17.445	37.741088	-121.582197
426772	I580-W	W	Mainline	Alameda	17.765	37.740189	-121.587934
426775	I580-W	W	On Ramp	Alameda	17.785	37.740132	-121.588291
426770	I580-W	W	Mainline	Alameda	22.285	37.718633	-121.663181
426771	I580-W	W	On Ramp	Alameda	22.285	37.718633	-121.663181
402419	I580-W	W	Mainline	Alameda	22.635	37.718428	-121.669385
402421	I580-W	W	Mainline	Alameda	23.075	37.721487	-121.676275
402423	I580-W	W	Mainline	Alameda	23.665	37.72094	-121.686875
402409	I580-W	W	Mainline	Alameda	24.225	37.718904	-121.69682
402425	I580-W	W	Mainline	Alameda	24.265	37.718757	-121.697517
402217	I580-W	W	Mainline	Alameda	24.675	37.717219	-121.704646
417588	I580-W	W	On Ramp	Alameda	24.695	37.717123	-121.704989
417589	I580-W	W	Off Ramp	Alameda	24.695	37.717123	-121.704989
402033	I580-W	W	Mainline	Alameda	24.695	37.717123	-121.704989
402407	I580-W	W	Mainline	Alameda	25.215	37.713589	-121.713345
402426	I580-W	W	Mainline	Alameda	25.355	37.712635	-121.715594
416444	I580-W	W	Off Ramp	Alameda	25.794	37.709663	-121.722658
415837	I580-W	W	Off Ramp	Alameda	25.804	37.709595	-121.722819
415838	I580-W	W	Off Ramp	Alameda	25.924	37.708776	-121.724751
402218	I580-W	W	Mainline	Alameda	25.944	37.708641	-121.725076
402029	I580-W	W	Mainline	Alameda	25.954	37.708574	-121.725238
415839	I580-W	W	On Ramp	Alameda	25.974	37.708439	-121.725562
416141	I580-W	W	On Ramp	Alameda	25.994	37.708304	-121.725887
402405	I580-W	W	Mainline	Alameda	26.574	37.704313	-121.735236
415511	I580-W	W	Off Ramp	Alameda	26.824	37.702902	-121.73943
402028	I580-W	W	Mainline	Alameda	26.854	37.702801	-121.739963
415512	I580-W	W	Off Ramp	Alameda	26.914	37.702625	-121.741031
402429	I580-W	W	Mainline	Alameda	26.934	37.702595	-121.741391
402403	I580-W	W	Mainline	Alameda	27.274	37.702595	-121.747543
402025	I580-W	W	Mainline	Alameda	27.714	37.702942	-121.755507
402401	I580-W	W	Mainline	Alameda	28.214	37.70248	-121.764596
402027	I580-W	W	Mainline	Alameda	28.754	37.700891	-121.774267
402399	I580-W	W	Mainline	Alameda	29.074	37.700224	-121.780045
402433	I580-W	W	Mainline	Alameda	29.464	37.699656	-121.787125
412950	I580-W	W	Mainline	Alameda	30.034	37.700896	-121.797342
403394	I580-W	W	Off Ramp	Alameda	30.034	37.700896	-121.797342
403392	I580-W	W	On Ramp	Alameda	30.204	37.700917	-121.800445
403393	I580-W	W	Mainline	Alameda	30.254	37.700919	-121.801358
403391	I580-W	W	Mainline	Alameda	30.324	37.700926	-121.802636
403390	I580-W	W	On Ramp	Alameda	30.364	37.700935	-121.803366
401531	I580-W	W	Mainline	Alameda	30.884	37.701058	-121.812858
410683	I580-W	W	Off Ramp	Alameda	31.084	37.701102	-121.816508
400334	I580-W	W	Mainline	Alameda	31.164	37.701111	-121.817968
410682	I580-W	W	On Ramp	Alameda	31.204	37.701114	-121.818698
402007	I580-W	W	Mainline	Alameda	31.264	37.701136	-121.819792
410688	I580-W	W	On Ramp	Alameda	31.384	37.701154	-121.821981
403103	I580-W	W	Mainline	Alameda	31.644	37.701171	-121.826724
402438	I580-W	W	Mainline	Alameda	32.184	37.701248	-121.836572
410699	I580-W	W	Off Ramp	Alameda	32.804	37.701354	-121.847881
402416	I580-W	W	Mainline	Alameda	32.844	37.701361	-121.84861
410698	I580-W	W	On Ramp	Alameda	32.904	37.701372	-121.849704
413635	I580-W	W	Mainline	Alameda	33.024	37.701397	-121.851884
413636	I580-W	W	On Ramp	Alameda	33.104	37.701414	-121.853338
403228	I580-W	W	Mainline	Alameda	33.694	37.701495	-121.864059
410701	I580-W	W	On Ramp	Alameda	34.084	37.701567	-121.871196
402019	I580-W	W	Mainline	Alameda	34.114	37.701573	-121.871745
402020	I580-W	W	Mainline	Alameda	34.134	37.701578	-121.872112
410679	I580-W	W	On Ramp	Alameda	34.234	37.701599	-121.873944
401851	I580-W	W	Mainline	Alameda	34.744	37.701673	-121.883255
400816	I580-W	W	Mainline	Alameda	34.854	37.701684	-121.885255
410692	I580-W	W	Off Ramp	Alameda	34.874	37.701687	-121.885618
410702	I580-W	W	On Ramp	Alameda	34.954	37.701701	-121.887073
424420	I580-W	W	Mainline	Alameda	34.984	37.701707	-121.887618
424404	I580-W	W	On Ramp	Alameda	35.074	37.70172	-121.889254
402443	I580-W	W	Mainline	Alameda	35.444	37.701773	-121.895981
402016	I580-W	W	Mainline	Alameda	35.934	37.70183	-121.90489
410681	I580-W	W	Off Ramp	Alameda	35.944	37.70183	-121.905072
410680	I580-W	W	On Ramp	Alameda	36.024	37.701832	-121.906531
402018	I580-W	W	Mainline	Alameda	36.114	37.701847	-121.908181
411063	I580-W	W	On Ramp	Alameda	36.114	37.701847	-121.908181
402444	I580-W	W	Mainline	Alameda	36.534	37.701951	-121.915924
410686	I580-W	W	Mainline	Alameda	36.984	37.700807	-121.924022
410687	I580-W	W	On Ramp	Alameda	37.004	37.700727	-121.924372
402445	I580-W	W	Mainline	Alameda	37.534	37.698731	-121.93366
411390	I580-W	W	On Ramp	Alameda	37.674	37.698521	-121.936185
411391	I580-W	W	On Ramp	Alameda	37.704	37.698506	-121.936731
402012	I580-W	W	Mainline	Alameda	37.724	37.698503	-121.937095
402221	I580-W	W	Mainline	Alameda	38.184	37.698534	-121.945474
402447	I580-W	W	Mainline	Alameda	39.184	37.697754	-121.963582
402449	I580-W	W	Mainline	Alameda	40.084	37.698845	-121.979793
402451	I580-W	W	Mainline	Alameda	40.784	37.701593	-121.992068
402453	I580-W	W	Mainline	Alameda	41.684	37.703462	-122.008093
402456	I580-W	W	Mainline	Alameda	42.534	37.70111	-122.022997
402223	I580-W	W	Mainline	Alameda	43.084	37.702224	-122.032695
401853	I580-W	W	Mainline	Alameda	43.374	37.70123	-122.037919
402225	I580-W	W	Mainline	Alameda	43.744	37.697587	-122.043025
406614	I580-W	W	Mainline	Alameda	44.154	37.694015	-122.048603
406615	I580-W	W	Off Ramp	Alameda	44.204	37.693822	-122.049459
402227	I580-W	W	Mainline	Alameda	45.034	37.692408	-122.064219
403221	I580-W	W	Off Ramp	Alameda	45.454	37.691024	-122.071635
403219	I580-W	W	Mainline	Alameda	45.584	37.690954	-122.073988
403218	I580-W	W	On Ramp	Alameda	45.584	37.690954	-122.073988
402228	I580-W	W	Mainline	Alameda	45.594	37.690953	-122.074169
402538	I580-W	W	Mainline	Alameda	46.196	37.690839	-122.08497
403052	I580-W	W	Off Ramp	Alameda	46.196	37.690839	-122.08497
406613	I580-W	W	Mainline	Alameda	46.646	37.690798	-122.093072
401855	I580-W	W	Mainline	Alameda	49.926	37.721256	-122.134811
401857	I580-W	W	Mainline	Alameda	53.156	37.763173	-122.149746
403093	I580-W	W	Off Ramp	Alameda	54.956	37.78073	-122.172868
400549	I580-W	W	Mainline	Alameda	54.956	37.78073	-122.172868
401015	I580-W	W	Mainline	Alameda	55.336	37.783815	-122.178637
403106	I580-W	W	On Ramp	Alameda	56.34	37.787056	-122.196191
400031	I580-W	W	Mainline	Alameda	56.34	37.787056	-122.196191
402104	I580-W	W	Mainline	Alameda	57.03	37.793991	-122.20519
403116	I580-W	W	On Ramp	Alameda	57.74	37.79841	-122.216924
400339	I580-W	W	Mainline	Alameda	57.74	37.79841	-122.216924
405712	I580-W	W	On Ramp	Alameda	57.75	37.798454	-122.217098
403122	I580-W	W	Off Ramp	Alameda	58.34	37.800758	-122.227469
400308	I580-W	W	Mainline	Alameda	58.34	37.800758	-122.227469
401017	I580-W	W	Mainline	Alameda	58.845	37.805197	-122.234712
403129	I580-W	W	On Ramp	Alameda	58.845	37.805197	-122.234712
403133	I580-W	W	Off Ramp	Alameda	59.465	37.809352	-122.244723
400950	I580-W	W	Mainline	Alameda	59.555	37.80979	-122.246264
402860	I580-W	W	On Ramp	Alameda	59.785	37.811386	-122.249717
401447	I580-W	W	Mainline	Alameda	59.785	37.811386	-122.249717
402859	I580-W	W	Off Ramp	Alameda	59.785	37.811386	-122.249717
402856	I580-W	W	Off Ramp	Alameda	60.155	37.816343	-122.251589
401483	I580-W	W	Mainline	Alameda	60.155	37.816343	-122.251589
403076	I580-W	W	On Ramp	Alameda	60.765	37.822295	-122.25977
400606	I580-W	W	Mainline	Alameda	60.765	37.822295	-122.25977
401478	I580-W	W	Mainline	Alameda	60.885	37.822927	-122.261851
401898	I580-W	W	Mainline	Alameda	61.385	37.824927	-122.270729
400480	I580-W	W	Mainline	Alameda	61.395	37.824968	-122.270895
403032	I580-W	W	Off Ramp	Alameda	61.395	37.824968	-122.270895
400815	I580-W	W	Mainline	Alameda	61.645	37.825941	-122.275114
417234	I580-W	W	Mainline	Alameda	62.035	37.827489	-122.281915
420298	I580-W	W	Mainline	Alameda	62.235	37.827101	-122.285308
401208	I580-W	W	Mainline	Alameda	63.35	37.890467	-122.308444
405034	I580-W	W	Mainline	Contra Costa	64.184	37.900654	-122.314366
405030	I580-W	W	Mainline	Contra Costa	64.624	37.90599	-122.31874
400407	I580-W	W	Mainline	Contra Costa	65.304	37.914274	-122.325581
407023	I580-W	W	Mainline	Contra Costa	65.604	37.917369	-122.328803
400867	I580-W	W	Mainline	Contra Costa	65.836	37.919482	-122.331673
400675	I580-W	W	Mainline	Contra Costa	66.166	37.921473	-122.336918
412066	I580-W	W	Off Ramp	Contra Costa	66.606	37.921878	-122.344984
412069	I580-W	W	On Ramp	Contra Costa	66.666	37.921923	-122.346086
412065	I580-W	W	On Ramp	Contra Costa	66.746	37.921946	-122.347552
412064	I580-W	W	Off Ramp	Contra Costa	67.346	37.922833	-122.358283
400734	I580-W	W	Mainline	Contra Costa	67.806	37.926527	-122.365224
400738	I580-W	W	Mainline	Contra Costa	68.306	37.927273	-122.37421
412068	I580-W	W	Off Ramp	Contra Costa	68.386	37.927277	-122.37567
424058	I580-W	W	Off Ramp	Contra Costa	69.006	37.929319	-122.386551
424059	I580-W	W	Mainline	Contra Costa	69.346	37.931563	-122.392075
424085	I580-W	W	Off Ramp	Contra Costa	69.846	37.932193	-122.400906
424084	I580-W	W	Mainline	Contra Costa	69.866	37.932233	-122.401264
424086	I580-W	W	Mainline	Contra Costa	70.066	37.932538	-122.405041
421260	I580-W	W	Mainline	Contra Costa	71.076	37.933564	-122.423532
421261	I580-W	W	Mainline	Marin	72.112	37.934777	-122.442463
421258	I580-W	W	Mainline	Marin	73.152	37.938456	-122.460808
424076	I580-W	W	Off Ramp	Marin	74.202	37.942981	-122.479182
424075	I580-W	W	Mainline	Marin	74.222	37.943146	-122.479493
424077	I580-W	W	Mainline	Marin	74.662	37.944965	-122.486913
424081	I580-W	W	On Ramp	Marin	74.692	37.944965	-122.487446
424083	I580-W	W	Off Ramp	Marin	74.902	37.946241	-122.490723
424082	I580-W	W	Mainline	Marin	74.902	37.946241	-122.490723
403266	I580-W	W	Mainline	Marin	75.712	37.95535	-122.5003
403382	I580-W	W	Off Ramp	Marin	75.842	37.956819	-122.501834
407172	I680-N	N	Mainline	Santa Clara	0.24	37.341738	-121.848369
407166	I680-N	N	Off Ramp	Santa Clara	0.24	37.341738	-121.848369
407173	I680-N	N	Mainline	Santa Clara	0.27	37.342007	-121.847982
409056	I680-N	N	On Ramp	Santa Clara	0.46	37.343919	-121.845498
407165	I680-N	N	Mainline	Santa Clara	0.47	37.344023	-121.845368
407168	I680-N	N	Off Ramp	Santa Clara	1.03	37.350009	-121.838565
407167	I680-N	N	Mainline	Santa Clara	1.05	37.350275	-121.83842
407169	I680-N	N	Off Ramp	Santa Clara	1.34	37.354464	-121.838073
407171	I680-N	N	Off Ramp	Santa Clara	1.41	37.355375	-121.838389
407170	I680-N	N	Mainline	Santa Clara	1.41	37.355375	-121.838389
409057	I680-N	N	On Ramp	Santa Clara	1.41	37.355375	-121.838389
409058	I680-N	N	On Ramp	Santa Clara	1.65	37.358523	-121.840267
407176	I680-N	N	Mainline	Santa Clara	1.65	37.358523	-121.840267
407177	I680-N	N	Mainline	Santa Clara	1.78	37.360223	-121.841285
409059	I680-N	N	On Ramp	Santa Clara	1.8	37.360485	-121.841441
407178	I680-N	N	Off Ramp	Santa Clara	2.22	37.365983	-121.844705
409060	I680-N	N	On Ramp	Santa Clara	2.42	37.368496	-121.846497
407179	I680-N	N	Mainline	Santa Clara	2.43	37.368611	-121.846609
407180	I680-N	N	Mainline	Santa Clara	2.8	37.372785	-121.850839
407181	I680-N	N	Mainline	Santa Clara	3.41	37.379684	-121.857783
407159	I680-N	N	Off Ramp	Santa Clara	3.71	37.383052	-121.861237
407157	I680-N	N	Mainline	Santa Clara	3.93	37.385475	-121.863839
409061	I680-N	N	On Ramp	Santa Clara	3.93	37.385475	-121.863839
407158	I680-N	N	Off Ramp	Santa Clara	3.93	37.385475	-121.863839
407155	I680-N	N	Mainline	Santa Clara	4.48	37.391513	-121.870376
407156	I680-N	N	Off Ramp	Santa Clara	4.48	37.391513	-121.870376
407153	I680-N	N	Mainline	Santa Clara	5.01	37.398059	-121.875211
407154	I680-N	N	Off Ramp	Santa Clara	5.01	37.398059	-121.875211
409062	I680-N	N	On Ramp	Santa Clara	5.21	37.40088	-121.876103
407174	I680-N	N	Mainline	Santa Clara	5.21	37.40088	-121.876103
407161	I680-N	N	Mainline	Santa Clara	5.7	37.40777	-121.878234
407160	I680-N	N	Off Ramp	Santa Clara	6.04	37.412547	-121.879697
409063	I680-N	N	On Ramp	Santa Clara	6.28	37.415987	-121.880726
407152	I680-N	N	Mainline	Santa Clara	6.29	37.416073	-121.880751
407151	I680-N	N	Mainline	Santa Clara	6.62	37.420741	-121.882093
407150	I680-N	N	Mainline	Santa Clara	7.09	37.427274	-121.884436
407149	I680-N	N	Off Ramp	Santa Clara	7.55	37.433397	-121.887727
407148	I680-N	N	Mainline	Santa Clara	7.57	37.433665	-121.887868
407163	I680-N	N	Mainline	Santa Clara	7.89	37.438152	-121.889287
409064	I680-N	N	On Ramp	Santa Clara	7.92	37.438581	-121.889375
409065	I680-N	N	On Ramp	Santa Clara	8.54	37.447443	-121.891175
407162	I680-N	N	Mainline	Santa Clara	8.54	37.447443	-121.891175
403244	I680-N	N	Mainline	Santa Clara	8.72	37.449973	-121.891948
400870	I680-N	N	Mainline	Santa Clara	9.6	37.460605	-121.900727
411716	I680-N	N	Mainline	Alameda	9.946	37.464814	-121.904137
411717	I680-N	N	Off Ramp	Alameda	9.956	37.464938	-121.904235
411718	I680-N	N	Off Ramp	Alameda	9.966	37.465065	-121.90434
400232	I680-N	N	Mainline	Alameda	10.276	37.468847	-121.907383
403119	I680-N	N	On Ramp	Alameda	10.276	37.468847	-121.907383
403246	I680-N	N	Mainline	Alameda	10.506	37.471715	-121.909504
401583	I680-N	N	Mainline	Alameda	11.406	37.484267	-121.913886
403250	I680-N	N	Mainline	Alameda	11.856	37.489989	-121.917822
403255	I680-N	N	Off Ramp	Alameda	12.206	37.494134	-121.921456
403257	I680-N	N	Mainline	Alameda	12.206	37.494134	-121.921456
418387	I680-N	N	Off Ramp	Alameda	12.396	37.496195	-121.923753
418388	I680-N	N	On Ramp	Alameda	12.406	37.496302	-121.923874
400376	I680-N	N	Mainline	Alameda	12.406	37.496302	-121.923874
413982	I680-N	N	Off Ramp	Alameda	13.946	37.514578	-121.939494
413981	I680-N	N	On Ramp	Alameda	13.946	37.514578	-121.939494
413980	I680-N	N	Mainline	Alameda	13.946	37.514578	-121.939494
402794	I680-N	N	Mainline	Alameda	13.976	37.514975	-121.939719
413983	I680-N	N	Mainline	Alameda	14.296	37.519172	-121.942186
413984	I680-N	N	Mainline	Alameda	14.796	37.526059	-121.945964
413986	I680-N	N	On Ramp	Alameda	15.726	37.534768	-121.934386
413985	I680-N	N	Mainline	Alameda	15.726	37.534768	-121.934386
413987	I680-N	N	Off Ramp	Alameda	15.726	37.534768	-121.934386
402796	I680-N	N	Mainline	Alameda	15.936	37.536398	-121.931155
402799	I680-N	N	Mainline	Alameda	16.296	37.539395	-121.9258
413988	I680-N	N	On Ramp	Alameda	16.296	37.539395	-121.9258
427139	I680-N	N	Off Ramp	Alameda	17.148	37.549973	-121.918882
427138	I680-N	N	On Ramp	Alameda	17.228	37.551011	-121.918255
427137	I680-N	N	Mainline	Alameda	17.228	37.551011	-121.918255
425326	I680-N	N	Off Ramp	Alameda	19.378	37.571301	-121.889959
425325	I680-N	N	On Ramp	Alameda	19.418	37.571674	-121.889392
425327	I680-N	N	Mainline	Alameda	19.418	37.571674	-121.889392
427134	I680-N	N	On Ramp	Alameda	22.588	37.609833	-121.874093
427133	I680-N	N	Mainline	Alameda	22.588	37.609833	-121.874093
427135	I680-N	N	Off Ramp	Alameda	22.598	37.609972	-121.874144
427152	I680-N	N	Mainline	Alameda	23.608	37.623804	-121.879864
427153	I680-N	N	Mainline	Alameda	24.248	37.632567	-121.882832
406335	I680-N	N	Fwy-Fwy	Alameda	29.838	37.704819	-121.924523
401608	I680-N	N	Mainline	Alameda	29.938	37.706032	-121.925529
406334	I680-N	N	Fwy-Fwy	Alameda	29.948	37.706153	-121.925632
401697	I680-N	N	Mainline	Alameda	30.148	37.708575	-121.92765
401582	I680-N	N	Mainline	Alameda	30.338	37.710859	-121.929582
403178	I680-N	N	On Ramp	Alameda	30.348	37.710979	-121.929682
401587	I680-N	N	Mainline	Alameda	30.538	37.713274	-121.931606
401594	I680-N	N	Mainline	Alameda	30.838	37.716883	-121.934662
400335	I680-N	N	Mainline	Alameda	31.158	37.720756	-121.937891
400546	I680-N	N	Mainline	Alameda	31.478	37.724687	-121.941
418365	I680-N	N	On Ramp	Contra Costa	31.503	37.724997	-121.941236
401434	I680-N	N	Mainline	Contra Costa	31.503	37.724997	-121.941236
403179	I680-N	N	Off Ramp	Alameda	31.728	37.727772	-121.943379
401593	I680-N	N	Mainline	Alameda	31.788	37.72851	-121.943953
401359	I680-N	N	Mainline	Contra Costa	31.833	37.729064	-121.944384
401917	I680-N	N	Mainline	Contra Costa	32.413	37.736265	-121.949884
401102	I680-N	N	Mainline	Contra Costa	33.323	37.747942	-121.957587
400880	I680-N	N	Mainline	Contra Costa	33.603	37.751602	-121.959813
400212	I680-N	N	Mainline	Contra Costa	33.903	37.75546	-121.962333
406906	I680-N	N	Mainline	Contra Costa	34.153	37.758682	-121.964418
406908	I680-N	N	Off Ramp	Contra Costa	34.153	37.758682	-121.964418
406907	I680-N	N	On Ramp	Contra Costa	34.153	37.758682	-121.964418
401487	I680-N	N	Mainline	Contra Costa	34.363	37.761391	-121.966173
418015	I680-N	N	On Ramp	Contra Costa	34.363	37.761391	-121.966173
401279	I680-N	N	Mainline	Contra Costa	34.823	37.767312	-121.970029
401955	I680-N	N	Mainline	Contra Costa	35.173	37.771983	-121.972539
403070	I680-N	N	Off Ramp	Contra Costa	35.363	37.774537	-121.973817
401468	I680-N	N	Mainline	Contra Costa	35.403	37.775076	-121.974082
428290	I680-N	N	On Ramp	Contra Costa	35.513	37.776552	-121.974848
401441	I680-N	N	Mainline	Contra Costa	35.583	37.777505	-121.9753
400118	I680-N	N	Mainline	Contra Costa	35.783	37.780195	-121.976672
403091	I680-N	N	On Ramp	Contra Costa	35.783	37.780195	-121.976672
400988	I680-N	N	Mainline	Contra Costa	36.083	37.784173	-121.978863
401107	I680-N	N	Mainline	Contra Costa	36.393	37.788293	-121.981119
401098	I680-N	N	Mainline	Contra Costa	37.073	37.797357	-121.98592
401422	I680-N	N	Mainline	Contra Costa	37.323	37.800538	-121.988095
400152	I680-N	N	Mainline	Contra Costa	37.683	37.805463	-121.990262
400972	I680-N	N	Mainline	Contra Costa	38.243	37.813212	-121.993211
403112	I680-N	N	On Ramp	Contra Costa	38.243	37.813212	-121.993211
400090	I680-N	N	Mainline	Contra Costa	38.673	37.819445	-121.993177
400554	I680-N	N	Mainline	Contra Costa	38.883	37.822475	-121.993421
401314	I680-N	N	Mainline	Contra Costa	38.963	37.823575	-121.993841
403168	I680-N	N	On Ramp	Contra Costa	38.963	37.823575	-121.993841
400207	I680-N	N	Mainline	Contra Costa	39.353	37.827979	-121.998142
403157	I680-N	N	On Ramp	Contra Costa	39.813	37.832229	-122.004645
401112	I680-N	N	Mainline	Contra Costa	39.813	37.832229	-122.004645
401104	I680-N	N	Mainline	Contra Costa	39.993	37.833874	-122.007206
400712	I680-N	N	Mainline	Contra Costa	40.183	37.835529	-122.009979
403108	I680-N	N	On Ramp	Contra Costa	40.183	37.835529	-122.009979
400450	I680-N	N	Mainline	Contra Costa	40.473	37.838067	-122.014224
407463	I680-N	N	Mainline	Contra Costa	40.683	37.839933	-122.017269
407462	I680-N	N	Mainline	Contra Costa	41.283	37.845783	-122.025397
401724	I680-N	N	Mainline	Contra Costa	41.623	37.849917	-122.028521
403191	I680-N	N	On Ramp	Contra Costa	41.863	37.853385	-122.02894
403190	I680-N	N	Off Ramp	Contra Costa	41.863	37.853385	-122.02894
401924	I680-N	N	Mainline	Contra Costa	41.863	37.853385	-122.02894
401444	I680-N	N	Mainline	Contra Costa	42.183	37.857709	-122.030894
400636	I680-N	N	Mainline	Contra Costa	42.533	37.862189	-122.033884
403124	I680-N	N	Off Ramp	Contra Costa	42.533	37.862189	-122.033884
400933	I680-N	N	Mainline	Contra Costa	42.753	37.86442	-122.036749
403121	I680-N	N	On Ramp	Contra Costa	42.753	37.86442	-122.036749
401373	I680-N	N	Mainline	Contra Costa	43.073	37.868315	-122.039906
400785	I680-N	N	Mainline	Contra Costa	43.313	37.871289	-122.042178
400150	I680-N	N	Mainline	Contra Costa	43.543	37.874155	-122.044346
400303	I680-N	N	Mainline	Contra Costa	43.613	37.875017	-122.045018
403135	I680-N	N	Off Ramp	Contra Costa	43.613	37.875017	-122.045018
420615	I680-N	N	On Ramp	Contra Costa	44.153	37.881469	-122.050556
401566	I680-N	N	Mainline	Contra Costa	44.163	37.881591	-122.050662
404683	I680-N	N	Mainline	Contra Costa	44.812	37.889161	-122.057599
400211	I680-N	N	Mainline	Contra Costa	44.862	37.8897	-122.058213
400025	I680-N	N	Mainline	Contra Costa	45.192	37.892272	-122.06331
404694	I680-N	N	Mainline	Contra Costa	45.592	37.89526	-122.069583
405920	I680-N	N	Fwy-Fwy	Contra Costa	45.592	37.89526	-122.069583
404705	I680-N	N	On Ramp	Contra Costa	45.592	37.89526	-122.069583
400801	I680-N	N	Mainline	Contra Costa	45.762	37.897448	-122.070857
401095	I680-N	N	Mainline	Contra Costa	46.022	37.901176	-122.070224
401542	I680-N	N	Mainline	Contra Costa	46.382	37.906311	-122.069159
400078	I680-N	N	Mainline	Contra Costa	46.912	37.913722	-122.066597
403146	I680-N	N	Off Ramp	Contra Costa	47.022	37.915187	-122.065824
400814	I680-N	N	Mainline	Contra Costa	47.232	37.917697	-122.063663
403151	I680-N	N	On Ramp	Contra Costa	47.262	37.91806	-122.063371
401407	I680-N	N	Mainline	Contra Costa	47.542	37.921844	-122.061541
408116	I680-N	N	Off Ramp	Contra Costa	47.742	37.924777	-122.060688
407466	I680-N	N	Off Ramp	Contra Costa	47.752	37.924806	-122.060684
407464	I680-N	N	Mainline	Contra Costa	47.872	37.926535	-122.060476
404706	I680-N	N	On Ramp	Contra Costa	47.892	37.926822	-122.060446
404703	I680-N	N	On Ramp	Contra Costa	47.902	37.926965	-122.060431
404704	I680-N	N	On Ramp	Contra Costa	48.292	37.932612	-122.060086
404684	I680-N	N	Mainline	Contra Costa	48.292	37.932612	-122.060086
404707	I680-N	N	On Ramp	Contra Costa	48.302	37.932757	-122.060083
404696	I680-N	N	Mainline	Contra Costa	48.302	37.932757	-122.060083
400505	I680-N	N	Mainline	Contra Costa	48.502	37.935645	-122.060104
401762	I680-N	N	Mainline	Contra Costa	49.007	37.942855	-122.05913
401778	I680-N	N	Mainline	Contra Costa	49.087	37.943954	-122.05866
401770	I680-N	N	Mainline	Contra Costa	49.327	37.947233	-122.057213
403056	I680-N	N	On Ramp	Contra Costa	49.327	37.947233	-122.057213
420614	I680-N	N	Mainline	Contra Costa	49.857	37.954465	-122.053923
420613	I680-N	N	Mainline	Contra Costa	50.247	37.959899	-122.052701
401742	I680-N	N	Mainline	Contra Costa	50.507	37.963414	-122.054436
403081	I680-N	N	On Ramp	Contra Costa	50.597	37.964604	-122.055102
403064	I680-N	N	Off Ramp	Contra Costa	50.597	37.964604	-122.055102
400184	I680-N	N	Mainline	Contra Costa	50.597	37.964604	-122.055102
407452	I680-N	N	Mainline	Contra Costa	51.045	37.97016	-122.059344
407457	I680-N	N	Mainline	Contra Costa	51.715	37.978657	-122.065116
407459	I680-N	N	On Ramp	Contra Costa	51.715	37.978657	-122.065116
407455	I680-N	N	Mainline	Contra Costa	51.965	37.982228	-122.065865
407456	I680-N	N	Mainline	Contra Costa	52.175	37.98524	-122.066466
401718	I680-N	N	Mainline	Contra Costa	52.775	37.993647	-122.068919
403088	I680-N	N	On Ramp	Contra Costa	52.775	37.993647	-122.068919
423084	I680-N	N	On Ramp	Contra Costa	52.915	37.995226	-122.070516
405924	I680-N	N	Mainline	Contra Costa	53.005	37.996163	-122.071677
401113	I680-N	N	Mainline	Contra Costa	53.305	37.999266	-122.075542
401780	I680-N	N	Mainline	Contra Costa	53.565	38.002078	-122.078721
404687	I680-N	N	Mainline	Contra Costa	53.895	38.005708	-122.082669
404671	I680-N	N	Off Ramp	Contra Costa	53.895	38.005708	-122.082669
404690	I680-N	N	Mainline	Contra Costa	54.665	38.014321	-122.091647
401768	I680-N	N	Mainline	Contra Costa	55.305	38.020646	-122.100069
402411	I680-N	N	Mainline	Contra Costa	55.895	38.024635	-122.109562
418366	I680-N	N	On Ramp	Contra Costa	55.895	38.024635	-122.109562
402541	I680-N	N	Mainline	Contra Costa	56.588	38.031982	-122.11675
402540	I680-N	N	Mainline	Contra Costa	56.588	38.031982	-122.11675
402151	I680-N	N	Mainline	Solano	57.297	38.041481	-122.120454
402152	I680-N	N	Mainline	Solano	57.297	38.041481	-122.120454
402153	I680-N	N	Mainline	Solano	57.447	38.04334	-122.121891
402154	I680-N	N	Mainline	Solano	57.447	38.04334	-122.121891
402155	I680-N	N	Mainline	Solano	57.597	38.045206	-122.123374
402156	I680-N	N	Mainline	Solano	57.597	38.045206	-122.123374
402157	I680-N	N	Mainline	Solano	57.747	38.047027	-122.124819
402158	I680-N	N	Mainline	Solano	57.747	38.047027	-122.124819
408289	I680-N	N	Off Ramp	Solano	58.863	38.061999	-122.131285
407460	I680-N	N	Mainline	Solano	58.863	38.061999	-122.131285
400295	I680-N	N	Mainline	Solano	59.493	38.070032	-122.126275
403073	I680-N	N	On Ramp	Solano	59.493	38.070032	-122.126275
404692	I680-N	N	Mainline	Solano	59.883	38.074753	-122.122338
403066	I680-N	N	Off Ramp	Solano	61.063	38.088513	-122.109515
400369	I680-N	N	Mainline	Solano	61.063	38.088513	-122.109515
403069	I680-N	N	On Ramp	Solano	61.063	38.088513	-122.109515
400287	I680-N	N	Mainline	Solano	63.093	38.116567	-122.106057
403078	I680-N	N	Off Ramp	Solano	63.093	38.116567	-122.106057
403080	I680-N	N	On Ramp	Solano	63.093	38.116567	-122.106057
403159	I680-N	N	Off Ramp	Solano	65.103	38.145138	-122.109703
401424	I680-N	N	Mainline	Solano	65.103	38.145138	-122.109703
403160	I680-N	N	On Ramp	Solano	65.103	38.145138	-122.109703
400551	I680-N	N	Mainline	Solano	67.993	38.182144	-122.133796
403084	I680-N	N	On Ramp	Solano	67.993	38.182144	-122.133796
403083	I680-N	N	Off Ramp	Solano	67.993	38.182144	-122.133796
400805	I680-N	N	Mainline	Solano	69.593	38.204729	-122.137909
418818	I680-S	S	On Ramp	Santa Clara	0.19	37.341439	-121.849299
400665	I680-S	S	Mainline	Santa Clara	0.19	37.341439	-121.849299
418817	I680-S	S	Mainline	Santa Clara	0.2	37.341525	-121.849158
407194	I680-S	S	Mainline	Santa Clara	0.47	37.344191	-121.845564
407195	I680-S	S	Off Ramp	Santa Clara	0.48	37.344296	-121.845433
418816	I680-S	S	On Ramp	Santa Clara	0.97	37.349493	-121.839218
400535	I680-S	S	Mainline	Santa Clara	0.97	37.349493	-121.839218
407196	I680-S	S	Mainline	Santa Clara	1.34	37.35456	-121.838284
409072	I680-S	S	On Ramp	Santa Clara	1.35	37.354692	-121.838351
407197	I680-S	S	Mainline	Santa Clara	1.39	37.355237	-121.838607
407198	I680-S	S	Off Ramp	Santa Clara	1.64	37.358518	-121.840538
409073	I680-S	S	On Ramp	Santa Clara	1.65	37.358648	-121.840616
407202	I680-S	S	Mainline	Santa Clara	1.8	37.360613	-121.841794
407203	I680-S	S	Off Ramp	Santa Clara	1.8	37.360613	-121.841794
409074	I680-S	S	On Ramp	Santa Clara	2.21	37.365966	-121.84502
407204	I680-S	S	Mainline	Santa Clara	2.22	37.366097	-121.845103
407205	I680-S	S	Off Ramp	Santa Clara	2.43	37.368698	-121.847065
407206	I680-S	S	Mainline	Santa Clara	2.8	37.372897	-121.851246
407207	I680-S	S	Mainline	Santa Clara	3.41	37.379794	-121.858188
407187	I680-S	S	Mainline	Santa Clara	3.71	37.383139	-121.861675
409075	I680-S	S	On Ramp	Santa Clara	3.72	37.383248	-121.861797
407186	I680-S	S	Mainline	Santa Clara	4.48	37.391614	-121.870798
409076	I680-S	S	On Ramp	Santa Clara	4.48	37.391614	-121.870798
407200	I680-S	S	Mainline	Santa Clara	5.01	37.398207	-121.875543
409077	I680-S	S	On Ramp	Santa Clara	5.01	37.398207	-121.875543
407199	I680-S	S	Off Ramp	Santa Clara	5.21	37.401028	-121.876406
407191	I680-S	S	Mainline	Santa Clara	5.7	37.407919	-121.878542
407190	I680-S	S	Mainline	Santa Clara	6.04	37.412704	-121.880023
409078	I680-S	S	On Ramp	Santa Clara	6.05	37.412844	-121.880066
407189	I680-S	S	Off Ramp	Santa Clara	6.29	37.416221	-121.881079
407185	I680-S	S	Mainline	Santa Clara	6.62	37.420881	-121.882423
407184	I680-S	S	Mainline	Santa Clara	7.09	37.427403	-121.884848
403236	I680-S	S	On Ramp	Santa Clara	7.57	37.433785	-121.888307
403235	I680-S	S	Off Ramp	Santa Clara	7.57	37.433785	-121.888307
403237	I680-S	S	Mainline	Santa Clara	7.57	37.433785	-121.888307
403240	I680-S	S	Mainline	Santa Clara	8.03	37.440283	-121.890041
403238	I680-S	S	Off Ramp	Santa Clara	8.03	37.440283	-121.890041
403239	I680-S	S	On Ramp	Santa Clara	8.03	37.440283	-121.890041
403242	I680-S	S	On Ramp	Santa Clara	8.48	37.446722	-121.891377
403243	I680-S	S	Mainline	Santa Clara	8.48	37.446722	-121.891377
403241	I680-S	S	Off Ramp	Santa Clara	8.48	37.446722	-121.891377
403245	I680-S	S	Mainline	Santa Clara	8.72	37.450086	-121.892368
400791	I680-S	S	Mainline	Santa Clara	9.6	37.460727	-121.901158
411754	I680-S	S	On Ramp	Alameda	9.95	37.464949	-121.904686
403169	I680-S	S	Mainline	Alameda	9.95	37.464949	-121.904686
411746	I680-S	S	On Ramp	Alameda	10.15	37.467389	-121.906653
400695	I680-S	S	Mainline	Alameda	10.26	37.468731	-121.907735
403118	I680-S	S	Off Ramp	Alameda	10.26	37.468731	-121.907735
403247	I680-S	S	Mainline	Alameda	10.49	37.471574	-121.909912
400602	I680-S	S	Mainline	Alameda	11.39	37.484104	-121.914359
403251	I680-S	S	Mainline	Alameda	11.84	37.489832	-121.918271
403719	I680-S	S	On Ramp	Alameda	12.19	37.494036	-121.921808
403710	I680-S	S	Off Ramp	Alameda	12.19	37.494036	-121.921808
403254	I680-S	S	Mainline	Alameda	12.19	37.494036	-121.921808
400566	I680-S	S	Mainline	Alameda	12.39	37.496212	-121.924229
418419	I680-S	S	Off Ramp	Alameda	12.4	37.49632	-121.924349
418422	I680-S	S	Off Ramp	Alameda	13.89	37.513955	-121.939573
402793	I680-S	S	Mainline	Alameda	13.89	37.513955	-121.939573
418423	I680-S	S	On Ramp	Alameda	13.89	37.513955	-121.939573
403226	I680-S	S	Mainline	Alameda	13.96	37.514883	-121.940093
414015	I680-S	S	Mainline	Alameda	14.28	37.519045	-121.942663
414016	I680-S	S	Mainline	Alameda	14.78	37.52525	-121.947054
426826	I680-S	S	On Ramp	Alameda	15.3	37.531118	-121.941782
402795	I680-S	S	Mainline	Alameda	15.3	37.531118	-121.941782
426825	I680-S	S	Off Ramp	Alameda	15.3	37.531118	-121.941782
402797	I680-S	S	Mainline	Alameda	15.87	37.535677	-121.933111
414011	I680-S	S	On Ramp	Alameda	16.3	37.539135	-121.92659
402798	I680-S	S	Mainline	Alameda	16.331	37.539435	-121.926165
403331	I680-S	S	On Ramp	Alameda	17.577	37.555189	-121.916278
403332	I680-S	S	Mainline	Alameda	17.577	37.555189	-121.916278
403330	I680-S	S	Off Ramp	Alameda	17.577	37.555189	-121.916278
403333	I680-S	S	On Ramp	Alameda	18.357	37.562099	-121.905591
403334	I680-S	S	Mainline	Alameda	18.357	37.562099	-121.905591
403337	I680-S	S	Mainline	Alameda	19.757	37.574508	-121.885487
403335	I680-S	S	Off Ramp	Alameda	19.757	37.574508	-121.885487
403336	I680-S	S	On Ramp	Alameda	19.757	37.574508	-121.885487
403338	I680-S	S	Mainline	Alameda	20.017	37.576	-121.881123
403340	I680-S	S	Mainline	Alameda	20.947	37.586937	-121.871989
403339	I680-S	S	On Ramp	Alameda	20.977	37.587334	-121.871779
403342	I680-S	S	On Ramp	Alameda	21.697	37.596913	-121.873497
403343	I680-S	S	Mainline	Alameda	21.717	37.597197	-121.873567
403341	I680-S	S	Off Ramp	Alameda	21.887	37.599622	-121.873275
427168	I680-S	S	Mainline	Alameda	22.637	37.609987	-121.874452
427182	I680-S	S	Mainline	Alameda	23.657	37.623926	-121.880321
427184	I680-S	S	Mainline	Alameda	24.297	37.63268	-121.883309
403345	I680-S	S	On Ramp	Alameda	25.397	37.646676	-121.891218
403346	I680-S	S	Mainline	Alameda	25.397	37.646676	-121.891218
403344	I680-S	S	Off Ramp	Alameda	25.447	37.647235	-121.891807
403348	I680-S	S	On Ramp	Alameda	26.757	37.662002	-121.906857
403349	I680-S	S	Mainline	Alameda	26.757	37.662002	-121.906857
403347	I680-S	S	Off Ramp	Alameda	26.757	37.662002	-121.906857
403300	I680-S	S	On Ramp	Alameda	29.217	37.695811	-121.920862
401596	I680-S	S	Mainline	Alameda	29.357	37.697749	-121.921633
403350	I680-S	S	On Ramp	Alameda	29.427	37.698716	-121.922017
403352	I680-S	S	Mainline	Alameda	29.437	37.698854	-121.922072
403351	I680-S	S	Off Ramp	Alameda	29.557	37.700521	-121.922721
401705	I680-S	S	Mainline	Alameda	30.347	37.710472	-121.929641
406464	I680-S	S	On Ramp	Alameda	30.347	37.710472	-121.929641
401590	I680-S	S	Mainline	Alameda	30.587	37.713363	-121.932068
401580	I680-S	S	Mainline	Alameda	30.887	37.71698	-121.935122
401722	I680-S	S	Mainline	Alameda	31.207	37.720856	-121.938337
402103	I680-S	S	Mainline	Contra Costa	31.518	37.724706	-121.94131
400818	I680-S	S	Mainline	Alameda	31.527	37.724817	-121.941397
403180	I680-S	S	On Ramp	Alameda	31.777	37.727904	-121.943765
401588	I680-S	S	Mainline	Alameda	31.837	37.728651	-121.944342
401356	I680-S	S	Mainline	Contra Costa	31.868	37.729031	-121.944636
401918	I680-S	S	Mainline	Contra Costa	32.448	37.736222	-121.95013
401126	I680-S	S	Mainline	Contra Costa	33.358	37.747916	-121.957829
400696	I680-S	S	Mainline	Contra Costa	33.638	37.751571	-121.96005
400553	I680-S	S	Mainline	Contra Costa	33.938	37.755435	-121.962571
403126	I680-S	S	On Ramp	Contra Costa	34.178	37.75851	-121.964605
401461	I680-S	S	Mainline	Contra Costa	34.178	37.75851	-121.964605
401347	I680-S	S	Mainline	Contra Costa	34.388	37.76122	-121.966344
403102	I680-S	S	On Ramp	Contra Costa	34.388	37.76122	-121.966344
403101	I680-S	S	Off Ramp	Contra Costa	34.388	37.76122	-121.966344
401288	I680-S	S	Mainline	Contra Costa	34.858	37.767277	-121.970295
401956	I680-S	S	Mainline	Contra Costa	35.208	37.771955	-121.972763
400446	I680-S	S	Mainline	Contra Costa	35.388	37.77437	-121.973981
403071	I680-S	S	On Ramp	Contra Costa	35.438	37.775048	-121.974319
418413	I680-S	S	On Ramp	Contra Costa	35.598	37.777206	-121.975377
401950	I680-S	S	Mainline	Contra Costa	35.598	37.777206	-121.975377
400105	I680-S	S	Mainline	Contra Costa	35.758	37.77936	-121.976464
403089	I680-S	S	Off Ramp	Contra Costa	35.808	37.780034	-121.976807
403090	I680-S	S	Off Ramp	Contra Costa	35.818	37.780167	-121.976876
400958	I680-S	S	Mainline	Contra Costa	36.118	37.784162	-121.979035
401103	I680-S	S	Mainline	Contra Costa	36.428	37.788286	-121.9813
401114	I680-S	S	Mainline	Contra Costa	37.108	37.797324	-121.986164
401420	I680-S	S	Mainline	Contra Costa	37.358	37.800514	-121.988319
400741	I680-S	S	Mainline	Contra Costa	37.718	37.805445	-121.990488
403111	I680-S	S	Off Ramp	Contra Costa	38.278	37.813185	-121.993418
400437	I680-S	S	Mainline	Contra Costa	38.278	37.813185	-121.993418
403110	I680-S	S	Off Ramp	Contra Costa	38.288	37.81333	-121.993427
400767	I680-S	S	Mainline	Contra Costa	38.708	37.819421	-121.993374
403141	I680-S	S	On Ramp	Contra Costa	38.908	37.822299	-121.993564
401328	I680-S	S	Mainline	Contra Costa	38.998	37.823549	-121.994013
403167	I680-S	S	Off Ramp	Contra Costa	38.998	37.823549	-121.994013
400401	I680-S	S	Mainline	Contra Costa	39.388	37.827922	-121.99838
401124	I680-S	S	Mainline	Contra Costa	39.508	37.829025	-122.000079
401999	I680-S	S	Mainline	Contra Costa	39.848	37.832159	-122.004898
403156	I680-S	S	Off Ramp	Contra Costa	39.848	37.832159	-122.004898
401097	I680-S	S	Mainline	Contra Costa	40.028	37.833812	-122.007449
400852	I680-S	S	Mainline	Contra Costa	40.218	37.835476	-122.010223
403107	I680-S	S	Off Ramp	Contra Costa	40.218	37.835476	-122.010223
400393	I680-S	S	Mainline	Contra Costa	40.508	37.837989	-122.014484
407487	I680-S	S	Mainline	Contra Costa	40.718	37.839897	-122.017522
407486	I680-S	S	Mainline	Contra Costa	41.318	37.845724	-122.025619
401744	I680-S	S	Mainline	Contra Costa	41.658	37.84987	-122.028746
401925	I680-S	S	Mainline	Contra Costa	41.898	37.853324	-122.029154
403189	I680-S	S	Off Ramp	Contra Costa	41.898	37.853324	-122.029154
401437	I680-S	S	Mainline	Contra Costa	42.218	37.857661	-122.031123
403125	I680-S	S	On Ramp	Contra Costa	42.568	37.862138	-122.034099
400053	I680-S	S	Mainline	Contra Costa	42.568	37.862138	-122.034099
401484	I680-S	S	Mainline	Contra Costa	42.858	37.865141	-122.037802
403120	I680-S	S	Off Ramp	Contra Costa	42.858	37.865141	-122.037802
401366	I680-S	S	Mainline	Contra Costa	43.108	37.868257	-122.040144
400169	I680-S	S	Mainline	Contra Costa	43.348	37.871257	-122.042369
400749	I680-S	S	Mainline	Contra Costa	43.578	37.874152	-122.044475
403137	I680-S	S	On Ramp	Contra Costa	43.638	37.874867	-122.045091
401794	I680-S	S	Mainline	Contra Costa	43.648	37.875054	-122.045272
401519	I680-S	S	Mainline	Contra Costa	44.198	37.881497	-122.050948
401889	I680-S	S	Mainline	Contra Costa	44.399	37.883723	-122.053331
400774	I680-S	S	Mainline	Contra Costa	44.559	37.885471	-122.055264
401840	I680-S	S	Mainline	Contra Costa	44.649	37.886545	-122.056179
420647	I680-S	S	Off Ramp	Contra Costa	44.709	37.887311	-122.056706
401344	I680-S	S	Mainline	Contra Costa	44.929	37.889908	-122.058992
401818	I680-S	S	Mainline	Contra Costa	45.219	37.892113	-122.063514
403099	I680-S	S	On Ramp	Contra Costa	45.299	37.892717	-122.064772
402072	I680-S	S	Mainline	Contra Costa	45.459	37.893923	-122.067279
403100	I680-S	S	On Ramp	Contra Costa	45.469	37.894012	-122.067461
403153	I680-S	S	Off Ramp	Contra Costa	45.739	37.896601	-122.071098
401110	I680-S	S	Mainline	Contra Costa	46.049	37.901016	-122.070699
401056	I680-S	S	Mainline	Contra Costa	46.269	37.904098	-122.069992
401111	I680-S	S	Mainline	Contra Costa	46.409	37.906086	-122.069493
407475	I680-S	S	Mainline	Contra Costa	47.029	37.914749	-122.066515
427183	I680-S	S	Mainline	Contra Costa	47.039	37.914881	-122.066444
407481	I680-S	S	On Ramp	Contra Costa	47.059	37.915144	-122.066301
407484	I680-S	S	Off Ramp	Contra Costa	47.129	37.916017	-122.065641
407483	I680-S	S	Off Ramp	Contra Costa	47.139	37.91613	-122.065532
400208	I680-S	S	Mainline	Contra Costa	47.309	37.918191	-122.06364
420646	I680-S	S	Off Ramp	Contra Costa	47.409	37.919424	-122.062895
400883	I680-S	S	Mainline	Contra Costa	47.569	37.92161	-122.061947
403152	I680-S	S	On Ramp	Contra Costa	47.839	37.925437	-122.060919
401522	I680-S	S	Mainline	Contra Costa	47.839	37.925437	-122.060919
401283	I680-S	S	Mainline	Contra Costa	48.019	37.92803	-122.060616
403145	I680-S	S	On Ramp	Contra Costa	48.019	37.92803	-122.060616
400193	I680-S	S	Mainline	Contra Costa	48.529	37.935406	-122.060387
401280	I680-S	S	Mainline	Contra Costa	48.943	37.94137	-122.060054
403147	I680-S	S	Off Ramp	Contra Costa	49.053	37.942878	-122.059398
403148	I680-S	S	On Ramp	Contra Costa	49.053	37.942878	-122.059398
403055	I680-S	S	On Ramp	Contra Costa	49.133	37.943971	-122.058927
400037	I680-S	S	Mainline	Contra Costa	49.133	37.943971	-122.058927
401734	I680-S	S	Mainline	Contra Costa	49.373	37.947268	-122.057489
400110	I680-S	S	Mainline	Contra Costa	49.693	37.951643	-122.055554
403097	I680-S	S	Off Ramp	Contra Costa	49.693	37.951643	-122.055554
420645	I680-S	S	Mainline	Contra Costa	49.903	37.954719	-122.054067
420643	I680-S	S	Mainline	Contra Costa	50.313	37.960182	-122.052944
420644	I680-S	S	Off Ramp	Contra Costa	50.323	37.960434	-122.053047
401774	I680-S	S	Mainline	Contra Costa	50.553	37.963401	-122.054609
403065	I680-S	S	On Ramp	Contra Costa	50.673	37.964993	-122.055483
401748	I680-S	S	Mainline	Contra Costa	50.845	37.967137	-122.057083
402862	I680-S	S	On Ramp	Contra Costa	50.845	37.967137	-122.057083
402861	I680-S	S	Off Ramp	Contra Costa	50.845	37.967137	-122.057083
407469	I680-S	S	Mainline	Contra Costa	51.095	37.970167	-122.059619
407479	I680-S	S	Mainline	Contra Costa	51.715	37.977993	-122.065053
407471	I680-S	S	Mainline	Contra Costa	52.015	37.982268	-122.066035
407473	I680-S	S	Mainline	Contra Costa	52.225	37.985273	-122.066635
405930	I680-S	S	Mainline	Contra Costa	52.995	37.995542	-122.071163
405931	I680-S	S	Mainline	Contra Costa	52.995	37.995542	-122.071163
401496	I680-S	S	Mainline	Contra Costa	53.025	37.99585	-122.071553
401100	I680-S	S	Mainline	Contra Costa	53.325	37.998946	-122.075414
401720	I680-S	S	Mainline	Contra Costa	53.615	38.002087	-122.078951
404727	I680-S	S	Mainline	Contra Costa	53.945	38.005706	-122.082914
404736	I680-S	S	On Ramp	Contra Costa	54.145	38.007901	-122.085323
404728	I680-S	S	Mainline	Contra Costa	54.145	38.007901	-122.085323
404730	I680-S	S	Mainline	Contra Costa	54.715	38.01434	-122.091872
401750	I680-S	S	Mainline	Contra Costa	55.355	38.020578	-122.100284
400756	I680-S	S	Mainline	Contra Costa	56.015	38.024938	-122.11109
403172	I680-S	S	On Ramp	Contra Costa	56.015	38.024938	-122.11109
403171	I680-S	S	Off Ramp	Contra Costa	56.125	38.02567	-122.112891
402412	I680-S	S	Mainline	Contra Costa	56.355	38.027717	-122.116138
402545	I680-S	S	Mainline	Contra Costa	56.725	38.03291	-122.117245
402543	I680-S	S	Mainline	Contra Costa	56.845	38.034537	-122.118006
402542	I680-S	S	Mainline	Contra Costa	57.025	38.036748	-122.119736
402466	I680-S	S	Mainline	Solano	57.327	38.040435	-122.122735
402465	I680-S	S	Mainline	Solano	57.447	38.041896	-122.123918
403214	I680-S	S	Fwy-Fwy	Solano	57.537	38.043006	-122.124812
402413	I680-S	S	Mainline	Solano	57.537	38.043006	-122.124812
407461	I680-S	S	On Ramp	Solano	58.968	38.062191	-122.13154
407477	I680-S	S	Mainline	Solano	58.968	38.062191	-122.13154
407480	I680-S	S	Fwy-Fwy	Solano	59.018	38.062911	-122.131517
407476	I680-S	S	Mainline	Solano	59.018	38.062911	-122.131517
400265	I680-S	S	Mainline	Solano	59.598	38.070185	-122.12636
403072	I680-S	S	Off Ramp	Solano	59.598	38.070185	-122.12636
404709	I680-S	S	Mainline	Solano	59.988	38.074908	-122.12242
400961	I680-S	S	Mainline	Solano	61.168	38.088709	-122.109659
403068	I680-S	S	On Ramp	Solano	61.168	38.088709	-122.109659
403067	I680-S	S	Off Ramp	Solano	61.168	38.088709	-122.109659
400044	I680-S	S	Mainline	Solano	63.198	38.116791	-122.106303
403079	I680-S	S	On Ramp	Solano	63.198	38.116791	-122.106303
403077	I680-S	S	Off Ramp	Solano	63.198	38.116791	-122.106303
401421	I680-S	S	Mainline	Solano	65.208	38.145352	-122.110074
403161	I680-S	S	On Ramp	Solano	65.208	38.145352	-122.110074
403158	I680-S	S	Off Ramp	Solano	65.208	38.145352	-122.110074
403085	I680-S	S	On Ramp	Solano	68.098	38.182315	-122.134276
403082	I680-S	S	Off Ramp	Solano	68.098	38.182315	-122.134276
400462	I680-S	S	Mainline	Solano	68.098	38.182315	-122.134276
401488	I680-S	S	Mainline	Solano	69.698	38.204941	-122.138165
