station_id,road,direction,unique_slots,joint_usable_slots,positive_relation_slots,flow_usable_slots,occupancy_usable_slots,speed_usable_slots,flow_reference,occupancy_reference,speed_reference,occupancy_speed_rank_correlation,high_speed_proxy_slots,low_speed_high_occupancy_proxy_slots,early_positive_slots,late_positive_slots,alpha_early_source_units,ratio_p90_over_p10_early,late_to_early_ratio_median,late_symmetric_relative_error_median,relation_status,physics_certified
401519,I680-S,S,49468,49468,49468,49468,49468,49468,416.0,0.08209999650716782,67.5999984741211,-0.7326609465677343,47880,818,23470,25998,86.29037601463173,1.5974497001373067,1.027143327348264,0.0930351461233627,DIAGNOSTIC_COMPUTED_NOT_PHYSICAL_ACCEPTANCE,False
401551,I80-E,E,49468,49468,49468,49468,49468,49468,493.0,0.2526000142097473,67.0999984741211,-0.7839310798497918,41736,4995,23470,25998,76.84008032914403,1.5142729034380915,1.0173756823052496,0.08630142453950834,DIAGNOSTIC_COMPUTED_NOT_PHYSICAL_ACCEPTANCE,False
407456,I680-N,N,49468,49468,49468,49468,49468,49468,359.0,0.07900000363588333,68.0999984741211,-0.7801794790530577,49460,0,23470,25998,68.22986505488304,1.43670351652141,0.9361707877844876,0.0692627977666486,DIAGNOSTIC_COMPUTED_NOT_PHYSICAL_ACCEPTANCE,False
402213,SR4-W,W,49468,49468,49448,49468,49468,49468,171.0,0.057500001043081284,70.0,-0.16742723293423986,49269,50,23450,25998,44.53205635475669,1.2091355810009348,1.011762098724895,0.054103684495079116,DIAGNOSTIC_COMPUTED_NOT_PHYSICAL_ACCEPTANCE,False
404401,I80-E,E,49468,49468,49233,49468,49468,49468,320.0,0.08869999647140503,68.5,-0.7006465809835956,48230,159,23241,25992,59.67178327117404,1.2221460424464186,0.9964390986907401,0.04280874072175742,DIAGNOSTIC_COMPUTED_NOT_PHYSICAL_ACCEPTANCE,False
400675,I580-W,W,49468,49468,48979,49468,49468,49468,263.0,0.0668649993836874,69.69999694824219,-0.546842617088813,48951,136,23108,25871,60.05998521977584,1.2098525734480219,0.9989730852038794,0.0345568363406737,DIAGNOSTIC_COMPUTED_NOT_PHYSICAL_ACCEPTANCE,False
401526,SR4-W,W,49468,49468,49319,49468,49468,49468,385.0,0.22200000286102295,69.69999694824219,-0.5875540118155297,44645,3959,23321,25998,80.8080812459478,1.3753041661094159,0.8975032033851226,0.1266004207428621,DIAGNOSTIC_COMPUTED_NOT_PHYSICAL_ACCEPTANCE,False
400756,I680-S,S,49468,49468,49468,49468,49468,49468,308.0,0.08709999918937683,67.5999984741211,-0.7566191911465372,47154,191,23470,25998,53.812862642229305,1.5626753456377738,0.9912961627744951,0.08730414657629171,DIAGNOSTIC_COMPUTED_NOT_PHYSICAL_ACCEPTANCE,False
401366,I680-S,S,49468,49468,49440,49468,49468,49468,567.0,0.10909999907016754,72.80000305175781,-0.8888254072648468,42847,961,23446,25994,117.370891420694,1.2623482795304024,1.0074015465571662,0.03291917651931668,DIAGNOSTIC_COMPUTED_NOT_PHYSICAL_ACCEPTANCE,False
402412,I680-S,S,49468,49468,49418,49468,49468,49468,400.0,0.0722000002861023,71.19999694824219,-0.6419979070307714,48171,758,23421,25997,84.55103509162277,1.2502892178435057,1.0109993698981492,0.0414280834243271,DIAGNOSTIC_COMPUTED_NOT_PHYSICAL_ACCEPTANCE,False
401058,I80-E,E,49468,49468,49468,49468,49468,49468,541.0,0.07750000059604645,66.19999694824219,-0.060336572701458854,49468,0,23470,25998,67.57738372658996,2.163958514737961,1.3572158511471621,0.3335672698936231,DIAGNOSTIC_COMPUTED_NOT_PHYSICAL_ACCEPTANCE,False
402208,SR4-W,W,49468,49468,49260,49468,49468,49468,165.0,0.06310000270605087,69.5999984741211,-0.5027309272847535,48188,197,23262,25998,44.010170678116225,1.4659900452569328,1.0885073054911714,0.09609406588974581,DIAGNOSTIC_COMPUTED_NOT_PHYSICAL_ACCEPTANCE,False
401126,I680-S,S,49468,49468,49439,49468,49468,49468,521.0,0.08969999849796295,68.80000305175781,-0.7330802031260175,48860,32,23445,25994,93.3539317661471,1.128782381080185,1.011299060381593,0.028550309885415112,DIAGNOSTIC_COMPUTED_NOT_PHYSICAL_ACCEPTANCE,False
402511,SR4-W,W,49468,49468,49448,49468,49468,49468,253.0,0.05590000003576279,69.5999984741211,-0.536319046358034,49448,8,23450,25998,67.66917028091258,1.1873009644039014,1.0375785776296806,0.05861784157271857,DIAGNOSTIC_COMPUTED_NOT_PHYSICAL_ACCEPTANCE,False
400505,I680-N,N,49468,49468,48976,49468,49468,49468,831.0,0.1662999987602234,70.5999984741211,-0.8224320879208991,42864,2981,23156,25820,114.65636784387041,1.5977666431945694,1.0597398768517208,0.07115051903513542,DIAGNOSTIC_COMPUTED_NOT_PHYSICAL_ACCEPTANCE,False
400749,I680-S,S,49468,49468,49443,49468,49468,49468,488.0,0.11599999666213989,71.5,-0.7815536463188046,44700,1782,23445,25998,94.59872206053299,1.3033391409148134,1.0193365151708977,0.06183723322554835,DIAGNOSTIC_COMPUTED_NOT_PHYSICAL_ACCEPTANCE,False
414247,SR242-N,N,49468,49468,49203,49468,49468,49468,392.0,0.11219999939203262,69.69999694824219,-0.8039834155315211,47885,215,23331,25872,60.786803820973695,1.1135166950565085,1.0456436091280858,0.05449359896123708,DIAGNOSTIC_COMPUTED_NOT_PHYSICAL_ACCEPTANCE,False
400501,I80-W,W,49468,49468,49367,49468,49468,49468,356.0,0.07000000029802322,70.19999694824219,-0.4187301704439155,48918,107,23430,25937,78.93123183751544,1.2353255299469488,1.0093605946772641,0.05293914202963133,DIAGNOSTIC_COMPUTED_NOT_PHYSICAL_ACCEPTANCE,False
401768,I680-N,N,49468,49468,49120,49468,49468,49468,346.0,0.059700001031160355,70.4000015258789,-0.2828930862041853,49271,104,23418,25702,85.04549068322544,1.2459125338369885,0.9352710296941457,0.08580680127877732,DIAGNOSTIC_COMPUTED_NOT_PHYSICAL_ACCEPTANCE,False
400301,I80-W,W,49468,49468,49382,49468,49468,49468,489.0,0.0828000009059906,69.19999694824219,-0.6554805006405644,47678,925,23385,25997,102.12997387563925,1.175288326511298,1.0060799053205527,0.027831050223659445,DIAGNOSTIC_COMPUTED_NOT_PHYSICAL_ACCEPTANCE,False
424094,SR4-E,E,49468,49468,49449,49468,49468,49468,201.0,0.06750000268220901,70.0,-0.6718825144699072,48716,126,23451,25998,46.72474758047851,1.246799475766012,1.0764824597236264,0.084804799166427,DIAGNOSTIC_COMPUTED_NOT_PHYSICAL_ACCEPTANCE,False
400600,SR24-W,W,49468,49468,49159,49468,49468,49468,575.0,0.08016500100493373,73.4000015258789,-0.7476307285860002,48550,316,23252,25907,110.74088815887336,1.0949308901422936,1.0144514348574694,0.020307635302431844,DIAGNOSTIC_COMPUTED_NOT_PHYSICAL_ACCEPTANCE,False
401889,I680-S,S,49468,49468,49468,49468,49468,49468,501.0,0.06520000100135803,71.5999984741211,-0.6037431235981469,47517,1179,23470,25998,120.47396764671184,1.262474810220947,1.0217167300758117,0.04980612904731381,DIAGNOSTIC_COMPUTED_NOT_PHYSICAL_ACCEPTANCE,False
400755,I80-W,W,49468,49468,48569,49468,49468,49468,495.0,0.2199999988079071,70.30000305175781,-0.6377570507339702,41946,5278,22787,25782,89.92617396161684,1.3875199357288346,1.5112674973412519,0.40896145021414765,DIAGNOSTIC_COMPUTED_NOT_PHYSICAL_ACCEPTANCE,False
406660,I80-W,W,49468,49468,49467,49468,49468,49468,499.6499999999942,0.21899999678134918,69.80000305175781,-0.7603195573763548,43500,4348,23470,25997,81.0165181655207,1.2542816711695837,1.069133155747702,0.07744150215399215,DIAGNOSTIC_COMPUTED_NOT_PHYSICAL_ACCEPTANCE,False
401718,I680-N,N,49468,49468,49181,49468,49468,49468,435.0,0.08169999718666077,71.19999694824219,-0.7986834770784625,49077,2,23448,25733,84.46915485894816,1.257517846323154,0.7613234402126904,0.27101956896512763,DIAGNOSTIC_COMPUTED_NOT_PHYSICAL_ACCEPTANCE,False
402090,SR4-E,E,49468,49468,49447,49468,49468,49468,255.0,0.10100000351667404,68.4000015258789,-0.7501755478080804,46544,521,23449,25998,45.63582812347667,1.2364319272411826,1.020226076902325,0.04760596037654682,DIAGNOSTIC_COMPUTED_NOT_PHYSICAL_ACCEPTANCE,False
400800,SR24-W,W,49468,49468,49365,49468,49468,49468,554.0,0.09650000184774399,73.4000015258789,-0.7864090760378067,47577,385,23405,25960,92.93210119918187,1.1285439282312806,1.0379334367051527,0.044773590749950715,DIAGNOSTIC_COMPUTED_NOT_PHYSICAL_ACCEPTANCE,False
408608,SR4-E,E,49468,49468,49468,49468,49468,49468,219.0,0.09380000084638596,65.30000305175781,-0.6749522320024606,49356,9,23470,25998,37.17683209482495,1.3699403771739707,1.0151618473518522,0.06130750133000941,DIAGNOSTIC_COMPUTED_NOT_PHYSICAL_ACCEPTANCE,False
402834,SR4-W,W,49468,49468,49429,49468,49468,49468,145.0,0.028200000524520874,68.30000305175781,0.18172418936728538,49350,23,23447,25982,77.1311237651674,1.1182153456397237,1.0115381949440378,0.027016565456730462,DIAGNOSTIC_COMPUTED_NOT_PHYSICAL_ACCEPTANCE,False
401002,SR24-E,E,49468,49468,49461,49468,49468,49468,472.0,0.28630000352859497,70.30000305175781,-0.8541670489548108,40891,7040,23467,25994,81.68692548864992,1.3676296589903891,1.0277443879512527,0.04985120865668195,DIAGNOSTIC_COMPUTED_NOT_PHYSICAL_ACCEPTANCE,False
404407,I80-W,W,49468,49468,49197,49468,49468,49468,356.0,0.06949999928474426,69.80000305175781,-0.4646339028676473,48945,194,23212,25985,79.41389426347779,1.223355252863346,1.0118089311298442,0.044453942157577274,DIAGNOSTIC_COMPUTED_NOT_PHYSICAL_ACCEPTANCE,False
402210,SR4-E,E,49468,49468,49446,49468,49468,49468,203.0,0.06909999996423721,69.4000015258789,-0.5843853131271739,48900,8,23450,25996,45.872723084066116,1.2270882040553055,1.0222527342381538,0.04858712879784637,DIAGNOSTIC_COMPUTED_NOT_PHYSICAL_ACCEPTANCE,False
405746,SR4-W,W,49468,49468,49447,49468,49468,49468,293.0,0.06350000202655792,69.9000015258789,-0.3865368842377434,49443,0,23450,25997,71.63212916811588,1.1341392439136706,0.980112875709327,0.036954925945504605,DIAGNOSTIC_COMPUTED_NOT_PHYSICAL_ACCEPTANCE,False
402094,SR4-E,E,49468,49468,49446,49468,49468,49468,284.0,0.11686499901115836,68.0999984741211,-0.7232245801449937,48078,395,23448,25998,41.38412828448401,1.1770882098306996,1.0075869384534497,0.03069517623508123,DIAGNOSTIC_COMPUTED_NOT_PHYSICAL_ACCEPTANCE,False
407457,I680-N,N,49468,49468,48895,49468,49468,49468,383.0,0.06949999928474426,68.0,-0.6856885051410987,49124,29,23265,25630,107.55744816184102,1.1280800581438526,0.5990194791353473,0.5015330033146046,DIAGNOSTIC_COMPUTED_NOT_PHYSICAL_ACCEPTANCE,False
424084,I580-W,W,49468,49468,47972,49468,49468,49468,275.0,0.35589998960494995,71.30000305175781,-0.7072493127314737,40168,6615,22521,25451,47.11613694961221,1.4621903657176574,1.0126759209197622,0.07171776544674598,DIAGNOSTIC_COMPUTED_NOT_PHYSICAL_ACCEPTANCE,False
402092,SR4-W,W,49468,49468,49448,49468,49468,49468,225.0,0.08780000358819962,68.9000015258789,-0.666918217379999,48730,14,23451,25997,40.61417159222722,1.1547026084157455,1.00375293795571,0.03534870384025536,DIAGNOSTIC_COMPUTED_NOT_PHYSICAL_ACCEPTANCE,False
402204,SR4-W,W,49468,49468,49448,49468,49468,49468,625.0,0.14910000562667847,69.30000305175781,-0.7458554268594627,38938,876,23450,25998,92.91121215920319,1.2606464740680237,0.99848459365991,0.07184896706503796,DIAGNOSTIC_COMPUTED_NOT_PHYSICAL_ACCEPTANCE,False
421977,SR4-W,W,49468,49468,49448,49468,49468,49468,290.0,0.054099999368190765,69.9000015258789,-0.5702058405411713,49428,9,23450,25998,80.15077225400472,1.0756207813285992,1.0076980875257997,0.018354022033829038,DIAGNOSTIC_COMPUTED_NOT_PHYSICAL_ACCEPTANCE,False
400324,SR4-E,E,49468,49468,49391,49468,49468,49468,503.0,0.11150000244379044,70.30000305175781,-0.7592146962571522,44422,932,23406,25985,78.82483644178106,1.1825931995084396,1.0095528418527204,0.05177483409580013,DIAGNOSTIC_COMPUTED_NOT_PHYSICAL_ACCEPTANCE,False
402545,I680-S,S,49468,49468,49468,49468,49468,49468,333.0,0.06270000338554382,67.19999694824219,-0.5519142893863332,48311,614,23470,25998,80.12436752067619,1.6286721732574843,1.0081342514915246,0.10432280775300953,DIAGNOSTIC_COMPUTED_NOT_PHYSICAL_ACCEPTANCE,False
424105,SR4-W,W,49468,49468,49449,49468,49468,49468,201.0,0.07829999923706055,68.9000015258789,-0.6524923529183644,49358,37,23451,25998,40.46677885767721,1.1768850442697996,1.0022236736229506,0.03860060304226784,DIAGNOSTIC_COMPUTED_NOT_PHYSICAL_ACCEPTANCE,False
401197,I80-W,W,49468,49468,49431,49468,49468,49468,499.0,0.1525000035762787,69.69999694824219,-0.7093343448267929,45395,2700,23439,25992,86.88080774722468,1.2255042694672318,1.0119679165852504,0.03467043570557296,DIAGNOSTIC_COMPUTED_NOT_PHYSICAL_ACCEPTANCE,False
414831,SR4-E,E,49468,49468,49446,49468,49468,49468,437.0,0.08820000290870667,69.80000305175781,-0.6418724632733409,49218,51,23448,25998,76.20124969750316,1.2116774096073788,1.031693787928985,0.05234276261211346,DIAGNOSTIC_COMPUTED_NOT_PHYSICAL_ACCEPTANCE,False
400550,SR24-W,W,49468,49468,49440,49468,49468,49468,611.0,0.1290999948978424,69.30000305175781,-0.8080728356704036,45813,942,23447,25993,95.66705897566229,1.1172993311306867,1.0016087422642483,0.021926505184779076,DIAGNOSTIC_COMPUTED_NOT_PHYSICAL_ACCEPTANCE,False
414058,SR4-W,W,49468,49468,49393,49468,49468,49468,254.0,0.0723000019788742,67.5,-0.4686716988390278,49359,2,23420,25973,56.7552759511253,1.1348110194542556,1.0200793873523435,0.0396843646790043,DIAGNOSTIC_COMPUTED_NOT_PHYSICAL_ACCEPTANCE,False
401744,I680-S,S,49468,49468,49179,49468,49468,49468,495.0,0.09740000218153,68.9000015258789,-0.8091901387728725,46768,342,23319,25860,88.3525140576777,1.2375829949779504,1.0131398071049251,0.03971674259049238,DIAGNOSTIC_COMPUTED_NOT_PHYSICAL_ACCEPTANCE,False
424092,SR4-E,E,49468,49468,49468,49468,49468,49468,268.0,0.1193000003695488,69.0999984741211,-0.675925755131113,47618,409,23470,25998,32.224506392165395,1.9206426073315694,1.495941802383837,0.3973985306149127,DIAGNOSTIC_COMPUTED_NOT_PHYSICAL_ACCEPTANCE,False
405924,I680-N,N,49468,49468,49468,49468,49468,49468,360.0,0.050599999725818634,67.69999694824219,-0.25221278733263675,49391,0,23470,25998,107.67108765912423,1.8176128315433313,1.0289465182946163,0.09454026109142193,DIAGNOSTIC_COMPUTED_NOT_PHYSICAL_ACCEPTANCE,False
402211,SR4-W,W,49468,49468,49446,49468,49468,49468,170.0,0.05719999969005585,69.5999984741211,-0.2396732178142631,49268,39,23450,25996,44.5468257178448,1.2030367684689118,1.0229832254397957,0.055371527676630596,DIAGNOSTIC_COMPUTED_NOT_PHYSICAL_ACCEPTANCE,False
401484,I680-S,S,49468,49468,49332,49468,49468,49468,515.0,0.15129999816417694,68.5,-0.819626070922384,42970,3286,23359,25973,94.91626032934276,1.259922612088534,1.0141244100977567,0.04423386710486879,DIAGNOSTIC_COMPUTED_NOT_PHYSICAL_ACCEPTANCE,False
401924,I680-N,N,49468,49468,49183,49468,49468,49468,488.0,0.16850000619888306,69.0,-0.7850700214686992,44551,3511,23322,25861,93.73255144856027,1.3188499410462637,1.0118307007386924,0.041398127899503735,DIAGNOSTIC_COMPUTED_NOT_PHYSICAL_ACCEPTANCE,False
421970,SR4-E,E,49468,49468,49468,49468,49468,49468,365.0,0.0803999975323677,64.69999694824219,-0.4619507100949518,49232,16,23470,25998,68.48824577936665,1.5473443026466642,1.0218772871147423,0.07530936133530111,DIAGNOSTIC_COMPUTED_NOT_PHYSICAL_ACCEPTANCE,False
400105,I680-S,S,49468,49468,49263,49468,49468,49468,404.0,0.0640999972820282,69.19999694824219,-0.654408682060861,44478,14,23430,25833,107.29500106461768,1.3284225724023935,0.9631262440468684,0.05704422252218097,DIAGNOSTIC_COMPUTED_NOT_PHYSICAL_ACCEPTANCE,False
400112,SR242-N,N,49468,49468,49364,49468,49468,49468,354.0,0.2777999937534332,71.4000015258789,-0.7406591745237199,41283,7369,23371,25993,94.13397075989623,1.460695836448031,1.0190216673841506,0.058903904659376345,DIAGNOSTIC_COMPUTED_NOT_PHYSICAL_ACCEPTANCE,False
400401,I680-S,S,49468,49468,49468,49468,49468,49468,422.0,0.08240000158548355,65.4000015258789,-0.6854851393682393,49306,37,23470,25998,76.91911341585505,1.8750642108391347,1.0239500491074547,0.10565997504391061,DIAGNOSTIC_COMPUTED_NOT_PHYSICAL_ACCEPTANCE,False
401487,I680-N,N,49468,49468,49442,49468,49468,49468,416.0,0.06199999898672104,69.19999694824219,-0.6538913697291909,49321,2,23444,25998,105.82010135857308,1.1748844492927615,1.008127523859698,0.0251549618070192,DIAGNOSTIC_COMPUTED_NOT_PHYSICAL_ACCEPTANCE,False
400878,SR24-W,W,49468,49468,49468,49468,49468,49468,631.0,0.11940000206232071,70.69999694824219,-0.6448265453576484,46203,991,23470,25998,114.15585730062982,1.2340692466598109,1.0049122176195826,0.03645203708568441,DIAGNOSTIC_COMPUTED_NOT_PHYSICAL_ACCEPTANCE,False
402072,I680-S,S,49468,49468,49431,49468,49468,49468,445.0,0.05990000069141388,72.69999694824219,-0.7504017368085428,49056,83,23433,25998,114.91775714966846,1.1577516241638957,1.0198376675584482,0.03436365490326701,DIAGNOSTIC_COMPUTED_NOT_PHYSICAL_ACCEPTANCE,False
402411,I680-N,N,49468,49468,49420,49468,49468,49468,374.0,0.05849999934434891,72.30000305175781,-0.7251622299042946,49256,57,23422,25998,93.14879702834142,1.1755358080086964,1.0024589442624903,0.03858017164214383,DIAGNOSTIC_COMPUTED_NOT_PHYSICAL_ACCEPTANCE,False
401253,I80-W,W,49468,49468,49331,49468,49468,49468,546.0,0.19200000166893005,69.4000015258789,-0.7280227979486954,44061,3457,23345,25986,84.8205458051982,1.1994311737514924,1.004084702452797,0.03200250953213224,DIAGNOSTIC_COMPUTED_NOT_PHYSICAL_ACCEPTANCE,False
401393,SR242-N,N,49468,49468,49467,49468,49468,49468,303.0,0.18266499787568988,68.5,-0.6993638907497417,43857,3327,23469,25998,73.63685589893875,1.601271828234982,1.0067126126200243,0.053797928330208064,DIAGNOSTIC_COMPUTED_NOT_PHYSICAL_ACCEPTANCE,False
400207,I680-N,N,49468,49468,49468,49468,49468,49468,477.0,0.14949999749660492,65.5,-0.8397968456169521,45570,2225,23470,25998,85.90346179214652,1.8931750498093616,1.028260729972081,0.10306177915656373,DIAGNOSTIC_COMPUTED_NOT_PHYSICAL_ACCEPTANCE,False
407473,I680-S,S,49468,49468,49468,49468,49468,49468,475.0,0.05550000071525574,67.4000015258789,0.12255960704987438,49465,0,23470,25998,119.23913060687288,1.8724177618389723,1.0098697533726806,0.10838049727625378,DIAGNOSTIC_COMPUTED_NOT_PHYSICAL_ACCEPTANCE,False
401692,SR24-W,W,49468,49468,49430,49468,49468,49468,520.0,0.10790000110864639,70.19999694824219,-0.8082932445415423,45971,2088,23436,25994,99.73472232220116,1.1132916381528346,1.0166358894479866,0.024324079156804092,DIAGNOSTIC_COMPUTED_NOT_PHYSICAL_ACCEPTANCE,False
400053,I680-S,S,49468,49468,49443,49468,49468,49468,494.0,0.13300000131130219,67.9000015258789,-0.7646564013491626,42530,2141,23470,25973,87.89386311131555,1.3776735134356248,1.0411498229985918,0.07290089700705536,DIAGNOSTIC_COMPUTED_NOT_PHYSICAL_ACCEPTANCE,False
400027,I80-E,E,49468,49468,49449,49468,49468,49468,711.0,0.2581000030040741,69.5,-0.8313365368489027,38127,8183,23451,25998,75.20952278298775,1.2567126584746133,1.2862217581347364,0.2537050476665377,DIAGNOSTIC_COMPUTED_NOT_PHYSICAL_ACCEPTANCE,False
401110,I680-S,S,49468,49468,49468,49468,49468,49468,446.0,0.12700000405311584,68.80000305175781,-0.8499601841378566,38400,1120,23470,25998,78.7381470586759,1.3648189236671258,1.0073736152315191,0.06424767688121444,DIAGNOSTIC_COMPUTED_NOT_PHYSICAL_ACCEPTANCE,False
414035,SR4-E,E,49468,49468,49468,49468,49468,49468,567.0,0.12309999763965607,68.69999694824219,-0.6516570392998428,47213,659,23470,25998,78.04738522892862,1.1522630383465358,1.0244125508833253,0.043643006046254734,DIAGNOSTIC_COMPUTED_NOT_PHYSICAL_ACCEPTANCE,False
402515,SR4-W,W,49468,49468,49448,49468,49468,49468,170.0,0.05609999969601631,70.0999984741211,-0.10530718037733543,49209,60,23450,25998,45.10804176594371,1.1980847534283499,1.00717810142045,0.05204915598435236,DIAGNOSTIC_COMPUTED_NOT_PHYSICAL_ACCEPTANCE,False
407238,SR4-W,W,49468,49468,49468,49468,49468,49468,567.0,0.18449999392032623,68.5999984741211,-0.7057308560539803,43819,4201,23470,25998,98.74743484128052,1.3457902622627333,1.0127441351232531,0.06495295151063386,DIAGNOSTIC_COMPUTED_NOT_PHYSICAL_ACCEPTANCE,False
400712,I680-N,N,49468,49468,49145,49468,49468,49468,514.0,0.1559000015258789,69.4000015258789,-0.8453126742177298,42907,3665,23252,25893,90.06142278931517,1.2980905181364477,1.0078615839756964,0.04021823829639917,DIAGNOSTIC_COMPUTED_NOT_PHYSICAL_ACCEPTANCE,False
414060,SR4-W,W,49468,49468,49468,49468,49468,49468,263.0,0.0851999968290329,67.9000015258789,-0.6587923139274291,48460,436,23470,25998,59.084197961374876,1.9846012282673797,0.6684438647290796,0.397443560769434,DIAGNOSTIC_COMPUTED_NOT_PHYSICAL_ACCEPTANCE,False
402542,I680-S,S,49468,49468,49468,49468,49468,49468,415.0,0.10260000079870224,68.4000015258789,-0.8194102642551349,48961,0,23470,25998,80.2231889341585,1.2247221585696997,1.0002060457679292,0.02886782266861492,DIAGNOSTIC_COMPUTED_NOT_PHYSICAL_ACCEPTANCE,False
408602,SR4-E,E,49468,49468,49427,49468,49468,49468,501.0,0.08990000188350677,69.5999984741211,-0.6706406608193013,48898,162,23441,25986,90.70972733809067,1.1786713800541642,1.0145211285072262,0.043253763513026566,DIAGNOSTIC_COMPUTED_NOT_PHYSICAL_ACCEPTANCE,False
406065,SR4-W,W,49468,49468,49437,49468,49468,49468,151.0,0.04960000142455101,70.0,-0.15010706646142888,49379,21,23448,25989,45.02541663491455,1.2016516870914973,1.0140933579633888,0.05335802248309599,DIAGNOSTIC_COMPUTED_NOT_PHYSICAL_ACCEPTANCE,False
401689,SR24-W,W,49468,49468,49409,49468,49468,49468,574.0,0.08399999886751175,72.30000305175781,-0.768141722461216,46889,1369,23447,25962,113.1515970372312,1.09992168736628,1.0176729263229674,0.025159784737735575,DIAGNOSTIC_COMPUTED_NOT_PHYSICAL_ACCEPTANCE,False
417288,I80-W,W,49468,49468,49447,49468,49468,49468,532.0,0.20800000429153442,72.5999984741211,-0.7351928037011699,45148,3370,23449,25998,89.7086854542626,1.2549150121804509,1.0085607149579308,0.04084961097210234,DIAGNOSTIC_COMPUTED_NOT_PHYSICAL_ACCEPTANCE,False
401314,I680-N,N,49468,49468,49370,49468,49468,49468,493.0,0.15576499924063625,68.80000305175781,-0.7746247299504179,44984,2808,23393,25977,92.0036775096628,1.3268936752282103,1.01102578491214,0.040573881806022664,DIAGNOSTIC_COMPUTED_NOT_PHYSICAL_ACCEPTANCE,False
401437,I680-S,S,49468,49468,49333,49468,49468,49468,533.0,0.13379999995231628,68.5,-0.8552444897073608,42498,944,23364,25969,86.66812751727345,1.2081163512575748,1.0196077207771586,0.04393495242591951,DIAGNOSTIC_COMPUTED_NOT_PHYSICAL_ACCEPTANCE,False
400443,I80-E,E,49468,49468,48817,49468,49468,49468,499.0,0.21220000088214874,69.26500091552676,-0.7915384469507668,39943,7056,23052,25765,82.05588052873912,1.323809369595221,1.5348041735484095,0.4236935758815978,DIAGNOSTIC_COMPUTED_NOT_PHYSICAL_ACCEPTANCE,False
409584,I80-W,W,49468,49468,49447,49468,49468,49468,597.0,0.28266499638557374,70.0,-0.7382320834756216,40946,5156,23451,25996,77.60718072057936,1.2354174996099772,1.1827747521803968,0.19345993956495175,DIAGNOSTIC_COMPUTED_NOT_PHYSICAL_ACCEPTANCE,False
400774,I680-S,S,49468,49468,49468,49468,49468,49468,488.0,0.0608999989926815,71.4000015258789,-0.6806166950767385,48193,501,23470,25998,126.50221168731542,1.2136176093474411,1.0163383000468904,0.05622416597544555,DIAGNOSTIC_COMPUTED_NOT_PHYSICAL_ACCEPTANCE,False
401818,I680-S,S,49468,49468,49468,49468,49468,49468,423.0,0.05909999832510948,68.5999984741211,-0.7450759300290862,49369,14,23470,25998,111.90119897798714,1.4196025145524152,1.0200113701359883,0.057385282010506855,DIAGNOSTIC_COMPUTED_NOT_PHYSICAL_ACCEPTANCE,False
406064,SR4-W,W,49468,49468,49450,49468,49468,49468,660.0,0.21130000054836273,73.0999984741211,-0.7532549639446966,42636,4836,23452,25998,106.11466149893286,1.1668087918290275,1.0129159294552135,0.03830307871101544,DIAGNOSTIC_COMPUTED_NOT_PHYSICAL_ACCEPTANCE,False
401111,I680-S,S,49468,49468,49468,49468,49468,49468,499.0,0.08829999715089798,70.30000305175781,-0.6680761530320249,46356,83,23470,25998,100.32638985508163,1.2501339391045556,1.0086001554123656,0.04367846669548003,DIAGNOSTIC_COMPUTED_NOT_PHYSICAL_ACCEPTANCE,False
402062,I80-E,E,49468,49468,49428,49468,49468,49468,587.0,0.21806499585509243,69.5999984741211,-0.6996845476231435,43341,4617,23430,25998,84.66661295348223,1.2954268893689846,1.1583703659583022,0.16140966698767995,DIAGNOSTIC_COMPUTED_NOT_PHYSICAL_ACCEPTANCE,False
400171,SR24-E,E,49468,49468,49468,49468,49468,49468,458.0,0.23319999873638153,68.80000305175781,-0.8495860864135392,42168,5424,23470,25998,82.24583716369125,1.3407339952852044,1.0184204939514088,0.048980375603918616,DIAGNOSTIC_COMPUTED_NOT_PHYSICAL_ACCEPTANCE,False
400025,I680-N,N,49468,49468,49410,49468,49468,49468,476.0,0.18410000205039978,73.30000305175781,-0.8738554497153759,41332,7246,23435,25975,113.24616821099396,1.5214661545233392,0.999562230729433,0.04676689709327092,DIAGNOSTIC_COMPUTED_NOT_PHYSICAL_ACCEPTANCE,False
400465,I80-W,W,49468,49468,49447,49468,49468,49468,415.0,0.10490000247955322,70.4000015258789,-0.6936483035754183,46408,1128,23449,25998,68.84941827227965,1.292950033184616,1.0140898919794792,0.048060882863312476,DIAGNOSTIC_COMPUTED_NOT_PHYSICAL_ACCEPTANCE,False
402503,SR4-E,E,49468,49468,49468,49468,49468,49468,521.0,0.10239999741315842,65.80000305175781,-0.716559546450913,47205,239,23470,25998,91.47337979527778,1.2307514965315691,1.004866011968667,0.04966420600156218,DIAGNOSTIC_COMPUTED_NOT_PHYSICAL_ACCEPTANCE,False
400516,SR4-W,W,49468,49468,49468,49468,49468,49468,285.0,0.1120000034570694,68.30000305175781,-0.7742490310451486,44690,56,23470,25998,44.54479382255897,1.5691957860779637,1.0049553446246953,0.08777149971537977,DIAGNOSTIC_COMPUTED_NOT_PHYSICAL_ACCEPTANCE,False
401684,SR24-E,E,49468,49468,49357,49468,49468,49468,504.0,0.2719650089740747,70.19999694824219,-0.8913235842353269,41039,6685,23365,25992,85.2651232564263,1.1809540102741383,1.0212169987780515,0.037413029974436726,DIAGNOSTIC_COMPUTED_NOT_PHYSICAL_ACCEPTANCE,False
414719,SR4-W,W,49468,49468,49119,49468,49468,49468,386.0,0.06719999760389328,71.0999984741211,-0.6891627183261471,49414,12,23121,25998,89.45940374838293,1.1679652868891013,1.0250746306469742,0.033128016773240156,DIAGNOSTIC_COMPUTED_NOT_PHYSICAL_ACCEPTANCE,False
402095,SR4-W,W,49468,49468,49447,49468,49468,49468,217.0,0.0828000009059906,68.9000015258789,-0.6335300865870288,49285,25,23450,25997,41.02350265408904,1.1472478124114784,1.0097121602650831,0.03353863625217715,DIAGNOSTIC_COMPUTED_NOT_PHYSICAL_ACCEPTANCE,False
408166,SR4-W,W,49468,49468,49343,49468,49468,49468,259.0,0.10740000009536743,68.19999694824219,-0.81036280675653,47853,328,23434,25909,41.81290206699951,1.1546672601684138,1.0024968554426328,0.03225491326668063,DIAGNOSTIC_COMPUTED_NOT_PHYSICAL_ACCEPTANCE,False
401356,I680-S,S,49468,49468,49314,49468,49468,49468,438.0,0.08110000193119049,69.5999984741211,-0.7552147755511434,49111,52,23321,25993,87.69979537968686,1.1629826567041293,1.005863320199413,0.03748826035406143,DIAGNOSTIC_COMPUTED_NOT_PHYSICAL_ACCEPTANCE,False
400494,SR24-E,E,49468,49468,49363,49468,49468,49468,605.0,0.22100000083446503,73.80000305175781,-0.7094277849369943,39167,5471,23369,25994,90.78640880120844,1.342420784488546,1.005827267188447,0.06629089122839187,DIAGNOSTIC_COMPUTED_NOT_PHYSICAL_ACCEPTANCE,False
402071,SR160-N,N,49468,49468,49468,49468,49468,49468,277.0,0.07320000231266022,67.9000015258789,-0.8748556407209388,49468,0,23470,25998,63.677526856809706,1.1787112501473642,0.9984773100952243,0.031124209106640773,DIAGNOSTIC_COMPUTED_NOT_PHYSICAL_ACCEPTANCE,False
401917,I680-N,N,49468,49468,49439,49468,49468,49468,483.0,0.09049999713897705,68.5999984741211,-0.7467956888423488,48623,30,23447,25992,89.11144888605408,1.2566308993049988,0.9975517556476412,0.033134626221501526,DIAGNOSTIC_COMPUTED_NOT_PHYSICAL_ACCEPTANCE,False
400989,SR24-W,W,49468,49468,49383,49468,49468,49468,602.0,0.14480000734329224,69.30000305175781,-0.8071679530976749,45480,334,23389,25994,79.0865740935402,1.1084473630446747,1.0134552951896563,0.02485716591640283,DIAGNOSTIC_COMPUTED_NOT_PHYSICAL_ACCEPTANCE,False
407469,I680-S,S,49468,49468,49468,49468,49468,49468,491.0,0.08510000258684158,65.0,-0.7498100220514579,48565,469,23470,25998,95.49253328142386,1.5985811137046495,1.0118192137470534,0.09422736981771715,DIAGNOSTIC_COMPUTED_NOT_PHYSICAL_ACCEPTANCE,False
402088,SR4-E,E,49468,49468,49468,49468,49468,49468,322.0,0.08940000087022781,64.69999694824219,-0.603029728840947,47510,1132,23470,25998,61.22175035912504,1.4065582870021516,1.0110735169703826,0.07709975087945627,DIAGNOSTIC_COMPUTED_NOT_PHYSICAL_ACCEPTANCE,False
402837,SR4-E,E,49468,49468,49468,49468,49468,49468,238.0,0.0649000033736229,68.80000305175781,-0.5728645166447252,48731,103,23470,25998,61.59701295802418,1.306876714050812,1.0202398249696851,0.044309263307737566,DIAGNOSTIC_COMPUTED_NOT_PHYSICAL_ACCEPTANCE,False
414249,SR242-N,N,49468,49468,49402,49468,49468,49468,400.0,0.2874999940395355,70.9000015258789,-0.8450836276134229,41121,6446,23408,25994,76.90101945128879,1.3310300186651236,1.0108384173812275,0.04138150244686754,DIAGNOSTIC_COMPUTED_NOT_PHYSICAL_ACCEPTANCE,False
409960,SR4-E,E,49468,49468,49468,49468,49468,49468,694.0,0.1501999944448471,71.5,-0.5503927475132001,43033,28,23470,25998,74.52928863691504,1.678130870889281,1.1130552143896293,0.14402911923380302,DIAGNOSTIC_COMPUTED_NOT_PHYSICAL_ACCEPTANCE,False
402203,SR4-E,E,49468,49468,49442,49468,49468,49468,564.0,0.1005999967455864,69.5,-0.7137348157127064,46748,278,23447,25995,96.18941925540238,1.1701960724039786,1.0075736216687614,0.043796848615713355,DIAGNOSTIC_COMPUTED_NOT_PHYSICAL_ACCEPTANCE,False
401283,I680-S,S,49468,49468,49468,49468,49468,49468,742.0,0.14509999752044678,66.80000305175781,-0.7190842497414243,44839,2568,23470,25998,126.56979181990638,1.546532489427468,0.9048781002633797,0.10394236982815049,DIAGNOSTIC_COMPUTED_NOT_PHYSICAL_ACCEPTANCE,False
401542,I680-N,N,49468,49468,49423,49468,49468,49468,758.0,0.21160000562667847,70.9000015258789,-0.9065214776140423,40026,8080,23447,25976,160.25641113034285,1.131898006405891,1.0248027755611862,0.0336579500142157,DIAGNOSTIC_COMPUTED_NOT_PHYSICAL_ACCEPTANCE,False
401114,I680-S,S,49468,49468,49271,49468,49468,49468,507.0,0.04309999942779541,72.4000015258789,-0.2659645302699076,49467,0,23413,25858,167.00765387974195,1.0415991660402169,0.9981214270786449,0.007572556194013638,DIAGNOSTIC_COMPUTED_NOT_PHYSICAL_ACCEPTANCE,False
402212,SR4-E,E,49468,49468,49447,49468,49468,49468,203.0,0.07069999724626541,69.4000015258789,-0.6008549711315144,48825,9,23450,25997,45.123983506333204,1.2251236518114892,1.029672548698435,0.05264217454780036,DIAGNOSTIC_COMPUTED_NOT_PHYSICAL_ACCEPTANCE,False
400037,I680-S,S,49468,49468,49468,49468,49468,49468,623.0,0.12256499864160957,67.4000015258789,-0.6662132351084255,45346,2209,23470,25998,130.88598771660486,1.2337400913692504,0.9764935483012547,0.06477602394924117,DIAGNOSTIC_COMPUTED_NOT_PHYSICAL_ACCEPTANCE,False
400538,I80-W,W,49468,49468,49441,49468,49468,49468,461.0,0.10130000114440918,69.9000015258789,-0.7058079066901836,46866,1557,23443,25998,78.84979842020057,1.2095714191914497,1.026323615598525,0.042648058555515206,DIAGNOSTIC_COMPUTED_NOT_PHYSICAL_ACCEPTANCE,False
401952,SR4-E,E,49468,49468,49468,49468,49468,49468,166.0,0.07090000063180923,65.69999694824219,-0.5458993406254504,42957,468,23470,25998,31.979597576317538,2.5679883550347644,1.0458592686846544,0.19260674505535375,DIAGNOSTIC_COMPUTED_NOT_PHYSICAL_ACCEPTANCE,False
404696,I680-N,N,49468,49468,49353,49468,49468,49468,734.0,0.1274999976158142,70.80000305175781,-0.8715677788114705,43247,1309,23355,25998,141.38137162959015,1.4427978528110392,0.8028494333837181,0.21870996320346903,DIAGNOSTIC_COMPUTED_NOT_PHYSICAL_ACCEPTANCE,False
400628,I80-W,W,49468,49468,49382,49468,49468,49468,524.0,0.22030000388622284,70.30000305175781,-0.7484376942251104,41008,4878,23384,25998,80.9637737440761,1.2057188116942879,1.0653219352765786,0.10003888330335803,DIAGNOSTIC_COMPUTED_NOT_PHYSICAL_ACCEPTANCE,False
414043,SR4-W,W,49468,49468,49468,49468,49468,49468,461.0,0.1776999980211258,72.69999694824219,-0.6145821582628613,43352,3437,23470,25998,89.06074810593822,1.426872332615048,1.0951750805912186,0.11487936270684497,DIAGNOSTIC_COMPUTED_NOT_PHYSICAL_ACCEPTANCE,False
400976,I80-E,E,49468,49468,49434,49468,49468,49468,471.0,0.25279998779296875,69.69999694824219,-0.7941685642713817,42608,5880,23436,25998,89.08218910269707,1.2937636546935134,1.0292194242627806,0.06141922023975378,DIAGNOSTIC_COMPUTED_NOT_PHYSICAL_ACCEPTANCE,False
401045,I80-E,E,49468,49468,49445,49468,49468,49468,598.0,0.16040000319480896,70.30000305175781,-0.8432197168241732,41200,4156,23450,25995,94.28067304888796,1.3305214288184566,1.400007539908485,0.338404068292159,DIAGNOSTIC_COMPUTED_NOT_PHYSICAL_ACCEPTANCE,False
400124,I80-E,E,49468,49468,49376,49468,49468,49468,370.0,0.07159999758005142,70.69999694824219,-0.48169681488002103,48503,121,23430,25946,75.8530752376251,1.3458248347366122,0.993265596644656,0.08704551330067006,DIAGNOSTIC_COMPUTED_NOT_PHYSICAL_ACCEPTANCE,False
401894,I80-W,W,49468,49468,48016,49468,49468,49468,560.0,0.20559999346733093,73.19999694824219,-0.6624173726555064,42638,4052,22440,25576,100.52031264782335,1.2426967638359374,1.0042233876395428,0.04719848533113884,DIAGNOSTIC_COMPUTED_NOT_PHYSICAL_ACCEPTANCE,False
407455,I680-N,N,49468,49468,49468,49468,49468,49468,374.0,0.07479999959468842,67.80000305175781,-0.7333837614628342,48900,96,23470,25998,80.36069292055655,1.5390341377347623,0.7921980704401774,0.23189616481261432,DIAGNOSTIC_COMPUTED_NOT_PHYSICAL_ACCEPTANCE,False
405585,SR4-W,W,49468,49468,49468,49468,49468,49468,279.0,0.07720000296831131,65.0999984741211,-0.40494566246626673,49392,0,23470,25998,56.50696625601778,1.3731228063058416,0.9938878360022073,0.07810454377333519,DIAGNOSTIC_COMPUTED_NOT_PHYSICAL_ACCEPTANCE,False
401359,I680-N,N,49468,49468,49468,49468,49468,49468,596.0,0.11330000311136246,64.80000305175781,-0.7217508252540866,47668,263,23470,25998,94.52588360020874,1.1222026150809483,0.9950958431923396,0.028140436839265037,DIAGNOSTIC_COMPUTED_NOT_PHYSICAL_ACCEPTANCE,False
401482,SR24-W,W,49468,49468,49468,49468,49468,49468,511.0,0.08699999749660492,70.0,-0.7747477439632228,47379,891,23470,25998,116.41431680852341,1.9109773151548703,1.0365496487878911,0.10166702782510129,DIAGNOSTIC_COMPUTED_NOT_PHYSICAL_ACCEPTANCE,False
400446,I680-S,S,49468,49468,49349,49468,49468,49468,439.0,0.07100000232458115,69.0,-0.6223724828904124,49430,2,23352,25997,94.92251227956882,1.1854464990870393,1.0096899613058687,0.02780854588902419,DIAGNOSTIC_COMPUTED_NOT_PHYSICAL_ACCEPTANCE,False
401762,I680-N,N,49468,49468,49468,49468,49468,49468,730.0,0.11150000244379044,69.0999984741211,-0.8245285190435161,45109,446,23470,25998,144.84670971685537,1.5164032417162532,0.9559203184491063,0.06699793247683145,DIAGNOSTIC_COMPUTED_NOT_PHYSICAL_ACCEPTANCE,False
400389,SR24-E,E,49468,49468,49408,49468,49468,49468,564.0,0.2199999988079071,73.5,-0.8427353310538618,43503,3657,23415,25993,98.35878863212916,1.215948531439822,1.0133797156295485,0.04011178260915911,DIAGNOSTIC_COMPUTED_NOT_PHYSICAL_ACCEPTANCE,False
400880,I680-N,N,49468,49468,49319,49468,49468,49468,447.0,0.07240000367164612,68.9000015258789,-0.6601966034076394,49119,10,23326,25993,98.84142578574429,1.2223308951347642,1.0102329230208489,0.032288935001211626,DIAGNOSTIC_COMPUTED_NOT_PHYSICAL_ACCEPTANCE,False
401041,I80-W,W,49468,49468,49440,49468,49468,49468,556.0,0.259665004909038,69.69999694824219,-0.7065365886003668,42520,4468,23451,25989,74.23593249832889,1.2133823138574367,1.0504187706716683,0.07743407078245682,DIAGNOSTIC_COMPUTED_NOT_PHYSICAL_ACCEPTANCE,False
401509,I80-E,E,49468,49468,49378,49468,49468,49468,518.0,0.24629999697208405,69.30000305175781,-0.7901072791563766,40818,6789,23384,25994,79.70174857557487,1.3062647190615588,1.3498442873517165,0.30200787142024166,DIAGNOSTIC_COMPUTED_NOT_PHYSICAL_ACCEPTANCE,False
408604,SR4-E,E,49468,49468,49468,49468,49468,49468,516.0,0.07660000026226044,65.4000015258789,-0.617812860530758,49175,92,23470,25998,98.94610408984538,1.581586036484954,1.0137330874026633,0.12679299501825272,DIAGNOSTIC_COMPUTED_NOT_PHYSICAL_ACCEPTANCE,False
407464,I680-N,N,49468,49468,49468,49468,49468,49468,560.0,0.1670999974012375,67.69999694824219,-0.8733788051327872,40113,5559,23470,25998,93.37182408145839,1.8128475619802387,1.0233120483621536,0.11895587777916489,DIAGNOSTIC_COMPUTED_NOT_PHYSICAL_ACCEPTANCE,False
401434,I680-N,N,49468,49468,47468,49468,49468,49468,427.0,0.07750000059604645,68.80000305175781,-0.6503780966713079,48626,129,23310,24158,89.63119655531914,1.4799939144161527,0.996253071315279,0.041108309893129726,DIAGNOSTIC_COMPUTED_NOT_PHYSICAL_ACCEPTANCE,False
400521,SR242-N,N,49468,49468,49405,49468,49468,49468,372.0,0.2948650047183031,68.80000305175781,-0.8302516613372206,42345,5620,23408,25997,62.09003579378059,1.1398296544961768,1.0105539328898943,0.029687882895537386,DIAGNOSTIC_COMPUTED_NOT_PHYSICAL_ACCEPTANCE,False
401742,I680-N,N,49468,49468,49468,49468,49468,49468,370.0,0.07039999961853027,67.69999694824219,-0.6422740648745874,49353,53,23470,25998,81.38270916893504,1.5274558801526246,0.8139556874139191,0.20690247551705288,DIAGNOSTIC_COMPUTED_NOT_PHYSICAL_ACCEPTANCE,False
402502,SR4-E,E,49468,49468,49445,49468,49468,49468,390.0,0.08669999986886978,68.9000015258789,-0.6948106025287831,48674,170,23447,25998,74.86847360909357,1.1740639354807547,1.0258945933994237,0.04708160822442523,DIAGNOSTIC_COMPUTED_NOT_PHYSICAL_ACCEPTANCE,False
415254,I80-E,E,49468,49468,49468,49468,49468,49468,364.0,0.0568000003695488,69.9000015258789,-0.5632380082247292,49012,216,23470,25998,93.73796871205776,1.2711147134370964,1.0148930140402517,0.07526786028131724,DIAGNOSTIC_COMPUTED_NOT_PHYSICAL_ACCEPTANCE,False
402541,I680-N,N,49468,49468,49342,49468,49468,49468,398.0,0.07989999651908875,73.0999984741211,-0.5481529846081361,49356,2,23344,25998,70.0846335007061,1.2264788268532236,1.0018760167685754,0.038305460866023724,DIAGNOSTIC_COMPUTED_NOT_PHYSICAL_ACCEPTANCE,False
402483,SR4-W,W,49468,49468,49468,49468,49468,49468,89.0,0.05260000005364418,68.69999694824219,-0.5784100619109608,49458,4,23470,25998,23.255560117531886,1.954856607164566,0.9764440077413731,0.09286631664315656,DIAGNOSTIC_COMPUTED_NOT_PHYSICAL_ACCEPTANCE,False
402206,SR4-W,W,49468,49468,49447,49468,49468,49468,198.0,0.07800000160932541,69.5999984741211,-0.7632120384608063,45936,45,23449,25998,43.94730808935324,1.1908122007862547,1.0248559467149918,0.04931215251570844,DIAGNOSTIC_COMPUTED_NOT_PHYSICAL_ACCEPTANCE,False
400113,I80-W,W,49468,49468,49468,49468,49468,49468,635.0,0.21310000121593475,69.30000305175781,-0.7591704461211027,43092,3328,23470,25998,71.21987717099728,1.2939487689633467,1.21348607002084,0.19981099557478116,DIAGNOSTIC_COMPUTED_NOT_PHYSICAL_ACCEPTANCE,False
406056,SR4-E,E,49468,49468,49468,49468,49468,49468,549.0,0.10226500257849636,69.19999694824219,-0.7713098941071411,47648,338,23470,25998,77.16132444129727,1.750568019479605,1.022883586586891,0.1781641257848038,DIAGNOSTIC_COMPUTED_NOT_PHYSICAL_ACCEPTANCE,False
400101,SR24-W,W,49468,49468,49468,49468,49468,49468,550.0,0.10949999839067459,69.30000305175781,-0.7892077319797755,43819,1771,23470,25998,114.88983630217164,1.5281962014187647,1.0314289285542704,0.0663947126039641,DIAGNOSTIC_COMPUTED_NOT_PHYSICAL_ACCEPTANCE,False
401746,SR24-E,E,49468,49468,49407,49468,49468,49468,537.6499999999942,0.2752000093460083,70.19999694824219,-0.8756538020704026,41769,5248,23410,25997,85.2427983064542,1.183117927917749,1.022181607280084,0.035236463587214925,DIAGNOSTIC_COMPUTED_NOT_PHYSICAL_ACCEPTANCE,False
424096,SR4-E,E,49468,49468,49468,49468,49468,49468,135.0,0.12290000170469284,69.0,-0.9172311487918274,46987,560,23470,25998,24.15058243768473,1.4817191708060657,1.0014343892589705,0.07219786922649771,DIAGNOSTIC_COMPUTED_NOT_PHYSICAL_ACCEPTANCE,False
401444,I680-N,N,49468,49468,49333,49468,49468,49468,530.0,0.17010000348091125,69.30000305175781,-0.8552555850037233,43929,3879,23364,25969,89.83997408226645,1.2619137323062557,1.0073377019567789,0.03999125892927108,DIAGNOSTIC_COMPUTED_NOT_PHYSICAL_ACCEPTANCE,False
405931,I680-S,S,49468,49468,47419,49468,49468,49468,63.64999999999418,0.1282999962568283,67.0,-0.6304177904376108,43431,1559,22391,25028,9.643041067587976,1.2806135139467283,1.0218274934423714,0.06193734296021437,DIAGNOSTIC_COMPUTED_NOT_PHYSICAL_ACCEPTANCE,False
401734,I680-S,S,49468,49468,49468,49468,49468,49468,777.0,0.1347000002861023,67.19999694824219,-0.8479294838064593,43978,772,23470,25998,123.94503855860283,1.2697665254930408,0.9882292019208232,0.04362353480827816,DIAGNOSTIC_COMPUTED_NOT_PHYSICAL_ACCEPTANCE,False
400090,I680-N,N,49468,49468,49352,49468,49468,49468,524.0,0.07360000163316727,72.5999984741211,-0.832030618899554,46463,1437,23392,25960,130.3159563815076,1.1308511778135382,1.0061077924526114,0.02315047359954275,DIAGNOSTIC_COMPUTED_NOT_PHYSICAL_ACCEPTANCE,False
404358,SR4-W,W,49468,49468,49468,49468,49468,49468,409.0,0.20136499628424587,66.80000305175781,-0.6806431186864512,43730,4374,23470,25998,82.20341376050473,1.4257577652033957,0.9787877600283449,0.06792373526735816,DIAGNOSTIC_COMPUTED_NOT_PHYSICAL_ACCEPTANCE,False
414311,SR4-W,W,49468,49468,49089,49468,49468,49468,203.0,0.08190000057220459,67.69999694824219,-0.6233475149847473,48547,270,23096,25993,40.04777952078075,1.3462761511145438,0.9929062578751937,0.02542636635002696,DIAGNOSTIC_COMPUTED_NOT_PHYSICAL_ACCEPTANCE,False
408152,SR4-E,E,49468,49468,49176,49468,49468,49468,202.0,0.07840000092983246,69.5,-0.6587765656268647,47704,1096,23283,25893,42.85010753141734,1.2440393528851905,1.015625279995673,0.04513128022960143,DIAGNOSTIC_COMPUTED_NOT_PHYSICAL_ACCEPTANCE,False
401476,SR4-W,W,49468,49468,49414,49468,49468,49468,566.0,0.20360000431537628,69.19999694824219,-0.7432059664284045,42844,4934,23448,25966,91.66458692384842,1.144413397630479,1.0115476503887642,0.028245332518805746,DIAGNOSTIC_COMPUTED_NOT_PHYSICAL_ACCEPTANCE,False
424106,SR4-W,W,49468,49468,49468,49468,49468,49468,214.0,0.08540000021457672,65.80000305175781,-0.6082344722562407,49123,47,23470,25998,38.88760946316547,1.4346062525253862,1.0059750118266535,0.061859545185805324,DIAGNOSTIC_COMPUTED_NOT_PHYSICAL_ACCEPTANCE,False
401575,I80-E,E,49468,49468,48587,49468,49468,49468,603.0,0.29256500005721986,69.9000015258789,-0.7324688141524038,39934,7423,22790,25797,74.72185062625059,1.3553005174922106,1.0984163355639789,0.13265413641191526,DIAGNOSTIC_COMPUTED_NOT_PHYSICAL_ACCEPTANCE,False
400972,I680-N,N,49468,49468,47923,49468,49468,49468,451.0,0.10706500187516155,69.4000015258789,-0.7112808233976028,46741,1487,22214,25709,86.49057596089193,1.4203660640407256,1.0510193431643482,0.06707312861642904,DIAGNOSTIC_COMPUTED_NOT_PHYSICAL_ACCEPTANCE,False
407462,I680-N,N,49468,49468,49043,49468,49468,49468,510.0,0.11540000140666962,69.5,-0.8122305786544365,45449,1563,23151,25892,92.70221214264635,1.2465946736849924,1.0105560917739613,0.03256811317122002,DIAGNOSTIC_COMPUTED_NOT_PHYSICAL_ACCEPTANCE,False
401827,SR4-W,W,49468,49468,49428,49468,49468,49468,423.0,0.22419999539852142,70.80000305175781,-0.5912703040503459,40580,3653,23446,25982,82.69450546464881,1.299770597679821,0.9146976119575503,0.09878619042149567,DIAGNOSTIC_COMPUTED_NOT_PHYSICAL_ACCEPTANCE,False
400619,SR24-W,W,49468,49468,48681,49468,49468,49468,585.0,0.15369999408721924,72.69999694824219,-0.5815911768595898,30997,122,22717,25964,62.561849657119225,1.667291575284387,1.0485024324479426,0.10251521875945692,DIAGNOSTIC_COMPUTED_NOT_PHYSICAL_ACCEPTANCE,False
414251,SR242-S,S,49468,49468,49339,49468,49468,49468,337.0,0.2252649985253805,69.5999984741211,-0.6327077668624953,43861,3491,23345,25994,63.338700326813736,1.3660968583982591,1.03109562419373,0.03674179643376407,DIAGNOSTIC_COMPUTED_NOT_PHYSICAL_ACCEPTANCE,False
401407,I680-N,N,49468,49468,49424,49468,49468,49468,821.0,0.20759999752044678,70.80000305175781,-0.9137297667025479,38855,7563,23448,25976,120.01631261665116,1.2164627948417257,1.0266371248787889,0.04550070687394023,DIAGNOSTIC_COMPUTED_NOT_PHYSICAL_ACCEPTANCE,False
421238,I580-E,E,49468,49468,48965,49468,49468,49468,346.0,0.0778999999165535,70.30000305175781,-0.4997822327575099,46990,546,23019,25946,69.75217276638531,1.328876905662156,1.0071894829925376,0.06605639120058238,DIAGNOSTIC_COMPUTED_NOT_PHYSICAL_ACCEPTANCE,False
407471,I680-S,S,49468,49468,49468,49468,49468,49468,494.0,0.08560000360012054,65.4000015258789,-0.7052754903686398,49009,198,23470,25998,93.94093305720898,1.6008067835774888,1.0227440330369069,0.08778450918781835,DIAGNOSTIC_COMPUTED_NOT_PHYSICAL_ACCEPTANCE,False
420645,I680-S,S,49468,49468,49468,49468,49468,49468,943.0,0.12290000170469284,70.19999694824219,-0.917202869843142,46987,560,23470,25998,166.0430935592657,1.4805935214204045,1.0015060300991392,0.07169284008280535,DIAGNOSTIC_COMPUTED_NOT_PHYSICAL_ACCEPTANCE,False
400208,I680-S,S,49468,49468,49468,49468,49468,49468,618.0,0.10490000247955322,70.9000015258789,-0.7775772659019411,44910,1541,23470,25998,121.41839959941123,1.3981858101530062,1.0191653428192307,0.052777318915556565,DIAGNOSTIC_COMPUTED_NOT_PHYSICAL_ACCEPTANCE,False
401401,SR242-N,N,49468,49468,49467,49468,49468,49468,352.0,0.21570000052452087,71.0999984741211,-0.6840019010863841,40592,4655,23469,25998,83.49980480820085,1.707838130246374,1.081566671339009,0.15443622778812738,DIAGNOSTIC_COMPUTED_NOT_PHYSICAL_ACCEPTANCE,False
414032,SR4-E,E,49468,49468,49261,49468,49468,49468,151.0,0.06909999996423721,69.80000305175781,-0.5261585712715178,46965,385,23264,25997,36.89965297615515,1.242619750965414,1.0352602864777989,0.06768439811907706,DIAGNOSTIC_COMPUTED_NOT_PHYSICAL_ACCEPTANCE,False
404728,I680-S,S,49468,49468,49468,49468,49468,49468,560.0,0.09520000219345093,67.80000305175781,-0.5803764047482526,49129,95,23470,25998,96.14548595374379,1.179304930639398,1.0290158585810956,0.061221846969106083,DIAGNOSTIC_COMPUTED_NOT_PHYSICAL_ACCEPTANCE,False
400707,I80-W,W,49468,49468,49468,49468,49468,49468,344.0,0.06926500275731029,69.5999984741211,-0.4653000780359885,48649,294,23470,25998,78.86716212008835,1.3140384026241314,1.0132991575249783,0.06268301637360003,DIAGNOSTIC_COMPUTED_NOT_PHYSICAL_ACCEPTANCE,False
400211,I680-N,N,49468,49468,49447,49468,49468,49468,508.0,0.163100004196167,72.4000015258789,-0.8169386726719577,42225,1680,23449,25998,103.6105178510342,1.6394847369336953,1.015237983159577,0.07278127927201597,DIAGNOSTIC_COMPUTED_NOT_PHYSICAL_ACCEPTANCE,False
400303,I680-N,N,49468,49468,49241,49468,49468,49468,486.0,0.16439999639987946,69.5999984741211,-0.820490839457568,44226,2629,23247,25994,81.92955389820314,1.6071557847927982,1.0511501721008492,0.07044834866614788,DIAGNOSTIC_COMPUTED_NOT_PHYSICAL_ACCEPTANCE,False
401420,I680-S,S,49468,49468,49057,49468,49468,49468,506.0,0.08299999684095383,72.5,-0.7611165547141419,48720,36,23214,25843,94.56024900665778,1.206906913991596,1.0078645672280238,0.0377611976489913,DIAGNOSTIC_COMPUTED_NOT_PHYSICAL_ACCEPTANCE,False
405742,SR4-E,E,49468,49468,49446,49468,49468,49468,394.0,0.08399999886751175,67.80000305175781,-0.6012793925792398,48858,180,23449,25997,74.85029726742005,1.0882859087844654,1.0129261065007773,0.020421495713436665,DIAGNOSTIC_COMPUTED_NOT_PHYSICAL_ACCEPTANCE,False
408154,SR4-E,E,49468,49468,49425,49468,49468,49468,600.0,0.06369999796152115,72.19999694824219,-0.5407041947323046,49453,2,23444,25981,134.24243331482262,1.0669897494140248,1.006402595046906,0.013644277247728624,DIAGNOSTIC_COMPUTED_NOT_PHYSICAL_ACCEPTANCE,False
401103,I680-S,S,49468,49468,49212,49468,49468,49468,493.0,0.06360000371932983,71.80000305175781,-0.4742589039309836,48718,218,23470,25742,122.73458967160312,1.3463584099405992,1.0066946473028897,0.052742454869917965,DIAGNOSTIC_COMPUTED_NOT_PHYSICAL_ACCEPTANCE,False
414028,SR4-E,E,49468,49468,49235,49468,49468,49468,227.0,0.05620000138878822,69.9000015258789,-0.6236845359298621,49406,11,23237,25998,60.84656301612719,1.1863602610710544,1.019868865900866,0.045429570974955764,DIAGNOSTIC_COMPUTED_NOT_PHYSICAL_ACCEPTANCE,False
401229,I80-W,W,49468,49468,49468,49468,49468,49468,490.0,0.16936500594019832,69.9000015258789,-0.7124009660420195,42538,4965,23470,25998,90.07498060909538,1.2869843450083318,1.5095795125438825,0.40737872420259813,DIAGNOSTIC_COMPUTED_NOT_PHYSICAL_ACCEPTANCE,False
401687,SR24-E,E,49468,49468,49468,49468,49468,49468,548.0,0.27976500242948477,67.4000015258789,-0.8033199497359343,44731,3354,23470,25998,91.64919184831004,1.2456238405659794,1.031263579113786,0.05224945368593203,DIAGNOSTIC_COMPUTED_NOT_PHYSICAL_ACCEPTANCE,False
414053,SR4-W,W,49468,49468,49254,49468,49468,49468,163.0,0.07509999722242355,69.4000015258789,-0.7024870837914169,49278,12,23256,25998,34.08443983181219,1.1722947750628205,1.0152102097937736,0.03245560172155262,DIAGNOSTIC_COMPUTED_NOT_PHYSICAL_ACCEPTANCE,False
424098,SR4-E,E,49468,49468,49433,49468,49468,49468,109.0,0.10740000009536743,66.69999694824219,-0.7597803059006818,38013,365,23449,25984,19.656089894489444,1.2322550308642808,1.011685161218818,0.04983545897334199,DIAGNOSTIC_COMPUTED_NOT_PHYSICAL_ACCEPTANCE,False
415255,I80-E,E,49468,49468,49453,49468,49468,49468,416.0,0.05480000004172325,72.5,-0.37625440442381225,48964,187,23469,25984,105.27783259349583,1.489762569684032,1.0157872924980422,0.10819944108768889,DIAGNOSTIC_COMPUTED_NOT_PHYSICAL_ACCEPTANCE,False
402491,SR4-E,E,49468,49468,49468,49468,49468,49468,233.0,0.08089999854564667,68.69999694824219,-0.6794926472610274,49344,27,23470,25998,39.846190654622475,1.5840890389643014,1.034621673880721,0.10240233145181621,DIAGNOSTIC_COMPUTED_NOT_PHYSICAL_ACCEPTANCE,False
406652,I80-E,E,49468,49468,49413,49468,49468,49468,502.0,0.2029999941587448,70.0,-0.8298269862185653,41585,4142,23422,25991,86.6649336204216,1.2932730178570326,1.0266968051485157,0.05958996597235038,DIAGNOSTIC_COMPUTED_NOT_PHYSICAL_ACCEPTANCE,False
402518,SR4-E,E,49468,49468,49444,49468,49468,49468,180.0,0.09220000356435776,68.69999694824219,-0.6826594509247549,37719,38,23447,25997,34.12342350650446,1.4468856861798862,0.9995689383010286,0.08354499793817866,DIAGNOSTIC_COMPUTED_NOT_PHYSICAL_ACCEPTANCE,False
416449,SR4-E,E,49468,49468,49448,49468,49468,49468,534.0,0.06790000200271606,72.0,-0.5964614888630413,49363,39,23450,25998,116.21900637522847,1.1962097669096277,1.0177260997126205,0.043783275635226354,DIAGNOSTIC_COMPUTED_NOT_PHYSICAL_ACCEPTANCE,False
402098,SR4-W,W,49468,49468,49326,49468,49468,49468,185.0,0.07050000131130219,69.30000305175781,-0.5439974380824257,49375,10,23422,25904,41.11668509212245,1.1809356825137696,1.0090040456443057,0.04418408955030109,DIAGNOSTIC_COMPUTED_NOT_PHYSICAL_ACCEPTANCE,False
414025,SR4-E,E,49468,49468,49267,49468,49468,49468,214.0,0.04486499950289668,68.69999694824219,-0.16715312550737027,49454,7,23269,25998,70.69636470170778,1.192752036295675,1.0218415305947055,0.04999433896979983,DIAGNOSTIC_COMPUTED_NOT_PHYSICAL_ACCEPTANCE,False
414057,SR4-W,W,49468,49468,49468,49468,49468,49468,442.0,0.2774649977684015,68.9000015258789,-0.6250077949221778,43084,4386,23470,25998,73.34297502950457,1.2941548801041372,0.9921424437161813,0.05446285675491757,DIAGNOSTIC_COMPUTED_NOT_PHYSICAL_ACCEPTANCE,False
401522,I680-S,S,49468,49468,49439,49468,49468,49468,809.0,0.1363999992609024,69.19999694824219,-0.6810077966859984,45375,319,23445,25994,145.69078852239394,1.153345673436488,1.005545313092131,0.028589775054669045,DIAGNOSTIC_COMPUTED_NOT_PHYSICAL_ACCEPTANCE,False
400883,I680-S,S,49468,49468,49468,49468,49468,49468,817.0,0.1826000064611435,68.0999984741211,-0.6961221688868579,42650,3051,23470,25998,119.58207670077385,1.7477318021136443,1.0162497853793555,0.050698251934121,DIAGNOSTIC_COMPUTED_NOT_PHYSICAL_ACCEPTANCE,False
414248,SR242-N,N,49468,49468,49339,49468,49468,49468,312.0,0.11436499878764095,69.0,-0.7248991201087297,45552,2608,23345,25994,64.39710395576458,1.5201095354504204,1.0412882783968525,0.04925562055458312,DIAGNOSTIC_COMPUTED_NOT_PHYSICAL_ACCEPTANCE,False
400437,I680-S,S,49468,49468,47925,49468,49468,49468,437.0,0.06790000200271606,69.5999984741211,-0.6330031286613895,49391,11,22215,25710,101.45042726324854,1.3812931751333475,1.0180853276314576,0.031850608430643065,DIAGNOSTIC_COMPUTED_NOT_PHYSICAL_ACCEPTANCE,False
401646,I80-W,W,49468,49468,49468,49468,49468,49468,364.0,0.07540000230073929,65.80000305175781,-0.5359873482508284,48349,104,23470,25998,79.78965281469883,1.3186287427222971,1.0140653874594965,0.06223846601385012,DIAGNOSTIC_COMPUTED_NOT_PHYSICAL_ACCEPTANCE,False
416930,SR4-E,E,49468,49468,49442,49468,49468,49468,531.0,0.10559999942779541,69.69999694824219,-0.7334119094492038,48046,43,23446,25996,83.23204408432096,1.207944081491294,1.007273860051268,0.04972769183274785,DIAGNOSTIC_COMPUTED_NOT_PHYSICAL_ACCEPTANCE,False
400639,I580-E,E,49468,49468,49468,49468,49468,49468,248.0,0.05889999866485596,68.30000305175781,-0.6171778450897905,49453,8,23470,25998,63.57434567003814,1.2399007861472127,1.0078657014201315,0.04228493532643776,DIAGNOSTIC_COMPUTED_NOT_PHYSICAL_ACCEPTANCE,False
401104,I680-N,N,49468,49468,49294,49468,49468,49468,511.0,0.16529999673366547,69.5,-0.829050011714454,42786,4237,23393,25901,98.18947743056388,1.3167055508237475,1.0082889501362653,0.042862996838700845,DIAGNOSTIC_COMPUTED_NOT_PHYSICAL_ACCEPTANCE,False
401112,I680-N,N,49468,49468,49468,49468,49468,49468,454.0,0.19830000400543213,65.80000305175781,-0.8210474838632775,41624,4560,23470,25998,79.5990133979835,1.2988545437311017,1.0087822939625568,0.05971659967179957,DIAGNOSTIC_COMPUTED_NOT_PHYSICAL_ACCEPTANCE,False
405583,SR4-W,W,49468,49468,49170,49468,49468,49468,204.0,0.09099999815225601,68.69999694824219,-0.7284525962616623,48974,21,23173,25997,36.34221748578213,1.1406110039627426,1.013844110612207,0.02888360225193439,DIAGNOSTIC_COMPUTED_NOT_PHYSICAL_ACCEPTANCE,False
414480,SR4-E,E,49468,49468,49468,49468,49468,49468,469.0,0.23109999299049377,70.9000015258789,-0.7696922275348378,38017,9775,23470,25998,89.07366392500475,3.081679575941043,1.0405265513967854,0.16542389519627945,DIAGNOSTIC_COMPUTED_NOT_PHYSICAL_ACCEPTANCE,False
401100,I680-S,S,49468,49468,49444,49468,49468,49468,440.0,0.05270000174641609,71.19999694824219,-0.6784545801656594,48851,13,23450,25994,129.72838501791512,1.209617783037692,1.0169264698505718,0.039580795978811645,DIAGNOSTIC_COMPUTED_NOT_PHYSICAL_ACCEPTANCE,False
401399,SR242-S,S,49468,49468,49442,49468,49468,49468,322.0,0.12489999830722809,69.80000305175781,-0.7381426871866346,44311,2745,23448,25994,66.3215152510261,1.129160589834456,1.0136797948445286,0.0267876603594489,DIAGNOSTIC_COMPUTED_NOT_PHYSICAL_ACCEPTANCE,False
405763,I80-W,W,49468,49468,49241,49468,49468,49468,547.0,0.15549999475479126,69.80000305175781,-0.6897889725526813,44520,2307,23341,25900,90.17292013985242,1.2634702230959483,1.015231647247106,0.03512375189527625,DIAGNOSTIC_COMPUTED_NOT_PHYSICAL_ACCEPTANCE,False
401423,SR24-W,W,49468,49468,48957,49468,49468,49468,516.0,0.1025650002062315,69.9000015258789,-0.34376965192112857,47622,348,23168,25789,83.71753013230943,1.2150440800780784,1.8706817603466377,0.6114327017032526,DIAGNOSTIC_COMPUTED_NOT_PHYSICAL_ACCEPTANCE,False
402209,SR4-W,W,49468,49468,49448,49468,49468,49468,171.0,0.03849999979138374,70.0999984741211,-0.1813661982480958,49286,34,23450,25998,64.18448548915259,1.2038836777736446,1.0150135023567293,0.052661506752864226,DIAGNOSTIC_COMPUTED_NOT_PHYSICAL_ACCEPTANCE,False
401918,I680-S,S,49468,49468,49440,49468,49468,49468,522.0,0.10930000245571136,68.4000015258789,-0.7635718826201481,48533,20,23448,25992,80.28025026200015,1.1846200969119167,1.0008004967785542,0.03436810265340483,DIAGNOSTIC_COMPUTED_NOT_PHYSICAL_ACCEPTANCE,False
414041,SR4-E,E,49468,49468,49400,49468,49468,49468,561.0,0.0869000032544136,72.69999694824219,-0.7683778043279444,48963,148,23419,25981,99.87515617384317,1.1518762669012215,1.0151268574958063,0.03671167025634008,DIAGNOSTIC_COMPUTED_NOT_PHYSICAL_ACCEPTANCE,False
416736,SR4-E,E,49468,49468,49468,49468,49468,49468,188.0,0.04899999871850014,67.5999984741211,-0.34062684948692945,49440,7,23470,25998,61.85999301014583,1.4075632499631627,1.0201662860029173,0.0710585290797304,DIAGNOSTIC_COMPUTED_NOT_PHYSICAL_ACCEPTANCE,False
407475,I680-S,S,49468,49468,49468,49468,49468,49468,729.0,0.08659999817609787,68.80000305175781,-0.45576112745314207,47973,62,23470,25998,152.17670431891958,1.1255902911125262,0.9996841947149703,0.02670894869897486,DIAGNOSTIC_COMPUTED_NOT_PHYSICAL_ACCEPTANCE,False
401056,I680-S,S,49468,49468,49402,49468,49468,49468,410.0,0.12999999523162842,69.19999694824219,-0.8214533504248486,43776,73,23448,25954,57.19579736664918,1.1819403925100853,1.0193613270480375,0.0420857377643725,DIAGNOSTIC_COMPUTED_NOT_PHYSICAL_ACCEPTANCE,False
420613,I680-N,N,49468,49468,49468,49468,49468,49468,421.0,0.09809999912977219,70.5999984741211,-0.85920221172058,47987,303,23470,25998,68.97368982842866,1.5299643541087302,1.0311695754105477,0.07683656505573905,DIAGNOSTIC_COMPUTED_NOT_PHYSICAL_ACCEPTANCE,False
400902,I80-E,E,49468,49468,49353,49468,49468,49468,521.0,0.29339998960494995,69.19999694824219,-0.7816467576575682,41006,7156,23355,25998,73.23257761754353,1.2821258353194223,1.0338059292749233,0.06552428884493391,DIAGNOSTIC_COMPUTED_NOT_PHYSICAL_ACCEPTANCE,False
409958,SR4-E,E,49468,49468,49444,49468,49468,49468,546.0,0.14730000495910645,71.5,-0.5093203508919378,41893,79,23446,25998,58.69155383720914,1.8653794674690916,1.1691120345623771,0.19112543371367996,DIAGNOSTIC_COMPUTED_NOT_PHYSICAL_ACCEPTANCE,False
405275,SR4-W,W,49468,49468,49449,49468,49468,49468,467.0,0.21879999339580536,70.5,-0.6877097759079871,43470,4948,23451,25998,95.89146700081805,1.1539718517367166,1.004397565806389,0.028899222280483555,DIAGNOSTIC_COMPUTED_NOT_PHYSICAL_ACCEPTANCE,False
402489,SR4-E,E,49468,49468,49468,49468,49468,49468,219.0,0.07680000364780426,68.69999694824219,-0.6735537458930995,49409,27,23470,25998,36.56144545159965,1.6920661048456433,1.0459632269367367,0.1367098021078246,DIAGNOSTIC_COMPUTED_NOT_PHYSICAL_ACCEPTANCE,False
414838,SR4-W,W,49468,49468,49468,49468,49468,49468,277.0,0.07320000231266022,67.9000015258789,-0.8779888493620521,49468,0,23470,25998,63.74889064497162,1.1777416476953466,0.9986304895161657,0.031377220071438956,DIAGNOSTIC_COMPUTED_NOT_PHYSICAL_ACCEPTANCE,False
400747,SR24-W,W,49468,49468,49405,49468,49468,49468,564.0,0.08100000023841858,71.69999694824219,-0.759141196044161,47623,961,23447,25958,114.78635662140654,1.1089784661048911,1.007697132080961,0.021809158612480527,DIAGNOSTIC_COMPUTED_NOT_PHYSICAL_ACCEPTANCE,False
424059,I580-W,W,49468,49468,49468,49468,49468,49468,252.0,0.18610000610351562,65.0999984741211,-0.4855987127781414,44936,2655,23470,25998,52.4755934936361,1.5863795065809492,1.020404744743319,0.12310876398002649,DIAGNOSTIC_COMPUTED_NOT_PHYSICAL_ACCEPTANCE,False
414056,SR4-W,W,49468,49468,49468,49468,49468,49468,256.0,0.0737999975681305,64.9000015258789,-0.7077714307955517,49410,16,23470,25998,54.88165127306948,1.395834159487511,1.0169869887634089,0.06685853395184374,DIAGNOSTIC_COMPUTED_NOT_PHYSICAL_ACCEPTANCE,False
420643,I680-S,S,49468,49468,49468,49468,49468,49468,538.0,0.12290000170469284,69.0,-0.9178898374905347,46987,560,23470,25998,96.50217026537116,1.4831433541652246,1.001023154203633,0.07148618331365848,DIAGNOSTIC_COMPUTED_NOT_PHYSICAL_ACCEPTANCE,False
400413,SR24-W,W,49468,49468,49468,49468,49468,49468,521.0,0.11990000307559967,66.5999984741211,-0.6634442826890103,47180,1382,23470,25998,78.84842262419988,1.480733289360248,0.997097546269553,0.042575379728260566,DIAGNOSTIC_COMPUTED_NOT_PHYSICAL_ACCEPTANCE,False
401328,I680-S,S,49468,49468,49370,49468,49468,49468,489.0,0.09009999781847,71.4000015258789,-0.8251080097658962,48985,55,23393,25977,84.63052331803078,1.2275261616977973,1.0168251236489445,0.03751504028978971,DIAGNOSTIC_COMPUTED_NOT_PHYSICAL_ACCEPTANCE,False
414839,SR4-W,W,49468,49468,49445,49468,49468,49468,342.0,0.08990000188350677,68.9000015258789,-0.6959664242235011,49377,17,23448,25997,60.832640327380645,1.1247829784680667,1.0124551529478387,0.027243122869754822,DIAGNOSTIC_COMPUTED_NOT_PHYSICAL_ACCEPTANCE,False
427183,I680-S,S,49468,49468,49468,49468,49468,49468,683.0,0.10769999772310257,67.80000305175781,-0.6898629130253358,46691,797,23470,25998,133.25392593576998,1.5290926290940334,0.9268580228776546,0.11123490346258716,DIAGNOSTIC_COMPUTED_NOT_PHYSICAL_ACCEPTANCE,False
400532,SR24-E,E,49468,49468,48775,49468,49468,49468,524.0,0.19009999930858612,69.9000015258789,-0.904511616689431,42536,4202,22805,25970,89.58535246574104,1.3495363109242822,1.009102086494169,0.08735784588380567,DIAGNOSTIC_COMPUTED_NOT_PHYSICAL_ACCEPTANCE,False
402490,SR4-W,W,49468,49468,49468,49468,49468,49468,224.0,0.07919999957084656,68.69999694824219,-0.7209965278527632,49333,46,23470,25998,39.96204000992142,1.4751731595085202,1.018657132864396,0.06310015509830848,DIAGNOSTIC_COMPUTED_NOT_PHYSICAL_ACCEPTANCE,False
400596,SR242-S,S,49468,49468,49405,49468,49468,49468,391.0,0.08389999717473984,71.4000015258789,-0.7569184691428837,47488,658,23407,25998,78.96995221969001,1.1145129224526087,1.011358073756853,0.022434962850535315,DIAGNOSTIC_COMPUTED_NOT_PHYSICAL_ACCEPTANCE,False
404877,SR4-W,W,49468,49468,49217,49468,49468,49468,418.0,0.27309998869895935,70.69999694824219,-0.554344454129791,42312,4489,23219,25998,82.81309188619363,1.4170617354411434,0.9736809350621372,0.03539508520812278,DIAGNOSTIC_COMPUTED_NOT_PHYSICAL_ACCEPTANCE,False
400770,I80-E,E,49468,49468,49271,49468,49468,49468,498.0,0.22040000557899475,69.69999694824219,-0.7763389377852661,43294,4297,23413,25858,87.22365084070184,1.3841570883676757,1.0504407629877737,0.07307010163444852,DIAGNOSTIC_COMPUTED_NOT_PHYSICAL_ACCEPTANCE,False
401496,I680-S,S,49468,49468,49468,49468,49468,49468,394.0,0.06589999794960022,68.0,-0.6735131122583375,49254,0,23470,25998,88.36730722109274,1.5154590219061301,1.0183244357419996,0.1066444813973234,DIAGNOSTIC_COMPUTED_NOT_PHYSICAL_ACCEPTANCE,False
401113,I680-N,N,49468,49468,49444,49468,49468,49468,422.0,0.05829999968409538,72.80000305175781,-0.7753824238794963,49242,96,23450,25994,104.36224758694972,1.300806766499123,1.023037248242823,0.07468505457354302,DIAGNOSTIC_COMPUTED_NOT_PHYSICAL_ACCEPTANCE,False
411149,I80-W,W,49468,49468,49404,49468,49468,49468,474.0,0.12720000743865967,70.0,-0.7360780722348931,45727,2107,23406,25998,77.84380838274848,1.2132036863815345,1.0136099270958918,0.035761832023576134,DIAGNOSTIC_COMPUTED_NOT_PHYSICAL_ACCEPTANCE,False
400202,I580-E,E,49468,49468,49109,49468,49468,49468,268.0,0.06589999794960022,69.0999984741211,-0.4859200478585399,48777,11,23111,25998,60.95349011891097,1.3090015319961064,1.025506777693342,0.054174298659222755,DIAGNOSTIC_COMPUTED_NOT_PHYSICAL_ACCEPTANCE,False
407452,I680-N,N,49468,49468,49468,49468,49468,49468,295.0,0.07186500206589641,67.80000305175781,-0.7149272977542341,49373,49,23470,25998,63.25309443657356,1.5338625989420738,1.0047529323611843,0.051212862347268705,DIAGNOSTIC_COMPUTED_NOT_PHYSICAL_ACCEPTANCE,False
415264,I80-W,W,49468,49468,49468,49468,49468,49468,409.0,0.06629999727010727,70.0,-0.5770853008176398,49073,189,23470,25998,96.72429223975375,1.2155566600241707,1.0081555912636129,0.046782628920576205,DIAGNOSTIC_COMPUTED_NOT_PHYSICAL_ACCEPTANCE,False
401102,I680-N,N,49468,49468,49439,49468,49468,49468,507.0,0.08560000360012054,69.0999984741211,-0.7424491680903563,49065,8,23445,25994,96.20070338244233,1.2544745208829058,1.0063889840522537,0.0367313458478469,DIAGNOSTIC_COMPUTED_NOT_PHYSICAL_ACCEPTANCE,False
424055,I580-E,E,49468,49468,47990,49468,49468,49468,333.0,0.08340000361204147,71.19999694824219,-0.5803675451356215,48521,21,22642,25348,59.834315065802556,1.28276555781208,1.0184848332367176,0.05726489207191649,DIAGNOSTIC_COMPUTED_NOT_PHYSICAL_ACCEPTANCE,False
400235,I80-W,W,49468,49468,49432,49468,49468,49468,354.0,0.06390000134706497,70.30000305175781,-0.426641700936131,48916,107,23446,25986,86.50290394035599,1.2579927356592335,1.003388973754784,0.056204410499347414,DIAGNOSTIC_COMPUTED_NOT_PHYSICAL_ACCEPTANCE,False
424091,SR4-E,E,49468,49468,49313,49468,49468,49468,266.0,0.11682999841868762,70.9000015258789,-0.687902119883075,45450,379,23315,25998,38.43000920170148,1.4321583200135528,1.2543839352266162,0.22636066327419493,DIAGNOSTIC_COMPUTED_NOT_PHYSICAL_ACCEPTANCE,False
402509,SR4-W,W,49468,49468,49428,49468,49468,49468,211.0,0.04569999873638153,69.0999984741211,-0.3462460173843112,49465,0,23430,25998,70.11348121361775,1.1610603076228172,1.0068561501952438,0.0402832431781211,DIAGNOSTIC_COMPUTED_NOT_PHYSICAL_ACCEPTANCE,False
400993,SR4-W,W,49468,49468,49318,49468,49468,49468,566.0,0.15950000286102295,69.19999694824219,-0.6587048367676519,43829,3526,23320,25998,110.04443134454746,1.317740185486969,1.0066503368968556,0.026400032380917815,DIAGNOSTIC_COMPUTED_NOT_PHYSICAL_ACCEPTANCE,False
404360,SR4-W,W,49468,49468,49466,49468,49468,49468,499.0,0.23999999463558197,72.5,-0.5267079279602038,43515,4396,23468,25998,88.8669741678587,1.2481560447258873,1.0258398212284143,0.05806470766915767,DIAGNOSTIC_COMPUTED_NOT_PHYSICAL_ACCEPTANCE,False
414050,SR4-W,W,49468,49468,49215,49468,49468,49468,199.0,0.2143000066280365,69.0,-0.5136195321700688,45613,557,23437,25778,59.2801687722115,1.542103897666009,0.9925092365961686,0.053044912552975915,DIAGNOSTIC_COMPUTED_NOT_PHYSICAL_ACCEPTANCE,False
407479,I680-S,S,49468,49468,49468,49468,49468,49468,421.0,0.08449999988079071,67.5999984741211,-0.7032945499159627,48547,234,23470,25998,79.77415759267194,1.3713663784540921,1.0251382911431854,0.05573138701842827,DIAGNOSTIC_COMPUTED_NOT_PHYSICAL_ACCEPTANCE,False
404350,SR4-E,E,49468,49468,49468,49468,49468,49468,524.0,0.1062999963760376,66.9000015258789,-0.7037720221889738,48456,218,23470,25998,83.91330898163557,1.5866386907325842,0.9547652055555284,0.11004439305271585,DIAGNOSTIC_COMPUTED_NOT_PHYSICAL_ACCEPTANCE,False
401566,I680-N,N,49468,49468,49285,49468,49468,49468,494.0,0.28369998931884766,69.80000305175781,-0.8249065085372175,43409,5111,23303,25982,83.79847060067341,1.3445191067949376,1.0125293976407073,0.04586517306408543,DIAGNOSTIC_COMPUTED_NOT_PHYSICAL_ACCEPTANCE,False
404727,I680-S,S,49468,49468,49468,49468,49468,49468,522.0,0.12160000205039978,65.30000305175781,-0.6416154859298279,48455,91,23470,25998,77.11148672085777,1.2198728682620863,1.035510489975298,0.06224351308995039,DIAGNOSTIC_COMPUTED_NOT_PHYSICAL_ACCEPTANCE,False
414294,SR4-E,E,49468,49468,49082,49468,49468,49468,167.0,0.06120000034570694,69.0999984741211,-0.10621271740995773,49312,6,23207,25875,39.068406004800394,1.3876157402885643,1.073615773636618,0.10165545893168403,DIAGNOSTIC_COMPUTED_NOT_PHYSICAL_ACCEPTANCE,False
401830,SR4-W,W,49468,49468,49400,49468,49468,49468,460.0,0.11146500185131969,72.5999984741211,-0.6239368008121419,45972,2060,23419,25981,108.40030168738525,1.1506831868609066,1.0042761758693273,0.029849763032361264,DIAGNOSTIC_COMPUTED_NOT_PHYSICAL_ACCEPTANCE,False
400604,SR24-W,W,49468,49468,49430,49468,49468,49468,514.0,0.1565999984741211,70.80000305175781,-0.6338164509534592,45595,1546,23436,25994,76.2535526301112,2.072340966258756,1.020950896848915,0.16687079556356585,DIAGNOSTIC_COMPUTED_NOT_PHYSICAL_ACCEPTANCE,False
401748,I680-S,S,49468,49468,49268,49468,49468,49468,445.0,0.08579999953508377,68.69999694824219,-0.7186511532582787,48149,588,23270,25998,87.25438260142377,1.261139961855231,1.0097279889932183,0.03704891706728024,DIAGNOSTIC_COMPUTED_NOT_PHYSICAL_ACCEPTANCE,False
401558,I80-E,E,49468,49468,49449,49468,49468,49468,726.0,0.25016499757766664,69.80000305175781,-0.8376613725110279,38909,5983,23452,25997,73.17562181077342,1.2643432532394583,1.2904453037111232,0.25791038253587284,DIAGNOSTIC_COMPUTED_NOT_PHYSICAL_ACCEPTANCE,False
400307,SR242-S,S,49468,49468,49364,49468,49468,49468,382.0,0.1005999967455864,68.5999984741211,-0.7329812261779693,45811,336,23371,25993,68.84183498708006,1.111419719550293,1.0224384235058803,0.029185046047392745,DIAGNOSTIC_COMPUTED_NOT_PHYSICAL_ACCEPTANCE,False
400361,I80-W,W,49468,49468,48679,49468,49468,49468,547.0,0.16779999434947968,69.30000305175781,-0.6290985634978578,43789,3467,22866,25813,84.63656067440436,1.240960469064724,1.2689967742975365,0.24098186852255807,DIAGNOSTIC_COMPUTED_NOT_PHYSICAL_ACCEPTANCE,False
401395,I80-W,W,49468,49468,49191,49468,49468,49468,353.0,0.065700002014637,70.19999694824219,-0.43690949983459804,48970,119,23210,25981,81.79937821411565,1.2611157511724886,1.013961238260031,0.050768136084125705,DIAGNOSTIC_COMPUTED_NOT_PHYSICAL_ACCEPTANCE,False
400579,SR24-E,E,49468,49468,49468,49468,49468,49468,469.0,0.23119999468326569,67.30000305175781,-0.7375972701851856,41641,4708,23470,25998,92.31590936878227,1.4207581668959532,1.0203454651632973,0.07415638110174855,DIAGNOSTIC_COMPUTED_NOT_PHYSICAL_ACCEPTANCE,False
402504,SR4-W,W,49468,49468,49449,49468,49468,49468,480.0,0.2554999887943268,70.9000015258789,-0.708856274728731,41200,5126,23451,25998,92.18968942434856,1.2216543233590547,0.9800843932686958,0.06254632155989345,DIAGNOSTIC_COMPUTED_NOT_PHYSICAL_ACCEPTANCE,False
401256,I80-W,W,49468,49468,49468,49468,49468,49468,578.0,0.20446500405669155,70.30000305175781,-0.5145075364492404,39235,4109,23470,25998,89.01829242721004,1.3246986252500006,1.0934511722615257,0.11964288588121383,DIAGNOSTIC_COMPUTED_NOT_PHYSICAL_ACCEPTANCE,False
401770,I680-N,N,49468,49468,49414,49468,49468,49468,463.0,0.08389999717473984,70.4000015258789,-0.7747183109257993,38770,703,23417,25997,101.23109426845815,1.264131472394134,1.0172889787985753,0.055883306905650215,DIAGNOSTIC_COMPUTED_NOT_PHYSICAL_ACCEPTANCE,False
400323,SR24-E,E,49468,49468,49347,49468,49468,49468,549.0,0.25826500058174073,70.5,-0.8178159154976835,41502,5274,23361,25986,70.56333488350504,1.5555119708902776,1.0494888799734607,0.05962083307736889,DIAGNOSTIC_COMPUTED_NOT_PHYSICAL_ACCEPTANCE,False
407486,I680-S,S,49468,49468,49042,49468,49468,49468,546.0,0.10700000077486038,69.80000305175781,-0.8541073463749158,45733,396,23151,25891,100.06194724944523,1.2425840875709457,1.0177768547136286,0.04486354230789211,DIAGNOSTIC_COMPUTED_NOT_PHYSICAL_ACCEPTANCE,False
400801,I680-N,N,49468,49468,49468,49468,49468,49468,425.0,0.25760000944137573,66.30000305175781,-0.807639009876244,41146,6583,23470,25998,76.6237778472653,1.6700771812996782,0.9299016556277765,0.09476586284593247,DIAGNOSTIC_COMPUTED_NOT_PHYSICAL_ACCEPTANCE,False
403946,I80-E,E,49468,49468,49339,49468,49468,49468,350.0,0.06870000064373016,70.9000015258789,-0.43728331243578056,48572,129,23450,25889,73.96449769504471,1.3434947293541337,1.000998221517831,0.08530687273977804,DIAGNOSTIC_COMPUTED_NOT_PHYSICAL_ACCEPTANCE,False
400819,I80-W,W,49468,49468,49447,49468,49468,49468,651.0,0.27390000224113464,69.9000015258789,-0.7314280562535884,42579,4366,23451,25996,75.15629435805339,1.3871831962220376,1.1883852863459774,0.19083892954280965,DIAGNOSTIC_COMPUTED_NOT_PHYSICAL_ACCEPTANCE,False
409966,SR4-W,W,49468,49468,49449,49468,49468,49468,452.0,0.0828000009059906,69.30000305175781,-0.7008084395972058,49159,104,23451,25998,87.36663110730801,1.1045585049838695,1.0141429192089588,0.025529623108479067,DIAGNOSTIC_COMPUTED_NOT_PHYSICAL_ACCEPTANCE,False
401230,I80-W,W,49468,49468,49383,49468,49468,49468,487.0,0.08940000087022781,69.19999694824219,-0.6303918687239815,47450,1158,23388,25995,93.87472295210067,1.2110259210889156,1.0140940567802905,0.035997516977075907,DIAGNOSTIC_COMPUTED_NOT_PHYSICAL_ACCEPTANCE,False
424111,SR4-W,W,49468,49468,48899,49468,49468,49468,133.0,0.11720000207424164,68.9000015258789,-0.6368591815989362,45197,353,22901,25998,16.47288700499384,1.7081603794924896,1.4681836745677521,0.379375067902711,DIAGNOSTIC_COMPUTED_NOT_PHYSICAL_ACCEPTANCE,False
401107,I680-N,N,49468,49468,49177,49468,49468,49468,495.0,0.06549999862909317,72.4000015258789,-0.4591832398976368,49254,87,23435,25742,110.2330198891686,1.4705632220057485,1.0148871086020859,0.03639350200955493,DIAGNOSTIC_COMPUTED_NOT_PHYSICAL_ACCEPTANCE,False
401724,I680-N,N,49468,49468,49468,49468,49468,49468,486.0,0.1529649965465063,67.80000305175781,-0.6652631668810549,45246,2749,23470,25998,90.34212422942896,1.2302528152677326,1.0135798749786322,0.034880600221191924,DIAGNOSTIC_COMPUTED_NOT_PHYSICAL_ACCEPTANCE,False
400929,I80-W,W,49468,49468,49449,49468,49468,49468,555.0,0.09889999777078629,72.5999984741211,-0.7382468369772051,47111,992,23451,25998,95.79739290348115,1.1909772766443625,1.0088311671628396,0.03329498879796848,DIAGNOSTIC_COMPUTED_NOT_PHYSICAL_ACCEPTANCE,False
400696,I680-S,S,49468,49468,49320,49468,49468,49468,485.0,0.08309999853372574,69.4000015258789,-0.7352611949151984,47819,128,23326,25994,96.33026412681428,1.1996201380424103,1.0165812055939951,0.03828165463924454,DIAGNOSTIC_COMPUTED_NOT_PHYSICAL_ACCEPTANCE,False
414837,SR4-W,W,49468,49468,49468,49468,49468,49468,295.0,0.05420000106096268,64.0999984741211,-0.1277709707923817,49454,4,23470,25998,85.13607174382045,1.4585941940759235,1.0007907100222035,0.05071648160221737,DIAGNOSTIC_COMPUTED_NOT_PHYSICAL_ACCEPTANCE,False
405274,SR4-W,W,49468,49468,49265,49468,49468,49468,523.0,0.1671999990940094,70.30000305175781,-0.6531690133775943,43565,4679,23267,25998,106.21822698785915,1.1185645448739647,1.001494654399286,0.02438967936635928,DIAGNOSTIC_COMPUTED_NOT_PHYSICAL_ACCEPTANCE,False
424042,I580-E,E,49468,49468,49468,49468,49468,49468,292.0,0.07930000126361847,65.69999694824219,-0.20382181630205048,49269,25,23470,25998,50.31166737099027,1.5687113738329264,1.0161549947164359,0.13182644994416343,DIAGNOSTIC_COMPUTED_NOT_PHYSICAL_ACCEPTANCE,False
400393,I680-S,S,49468,49468,49137,49468,49468,49468,529.0,0.11140000075101852,69.0999984741211,-0.8409502067688782,44884,184,23247,25890,89.08374911998068,1.1920913986128754,1.0085520009903206,0.03598864658872869,DIAGNOSTIC_COMPUTED_NOT_PHYSICAL_ACCEPTANCE,False
400082,I80-E,E,49468,49468,49446,49468,49468,49468,549.0,0.2736650034785265,69.80000305175781,-0.8298655373229381,42219,5460,23448,25998,67.31757985786537,1.2810395680716664,1.0301399018285828,0.06035464198741117,DIAGNOSTIC_COMPUTED_NOT_PHYSICAL_ACCEPTANCE,False
416940,SR4-W,W,49468,49468,49439,49468,49468,49468,399.0,0.07909999787807465,68.5999984741211,-0.6237165833086069,49159,61,23450,25989,81.9086953219391,1.115266487823751,1.0115933791899776,0.027117701983303186,DIAGNOSTIC_COMPUTED_NOT_PHYSICAL_ACCEPTANCE,False
405270,SR4-E,E,49468,49468,49264,49468,49468,49468,168.0,0.35530000925064087,67.0999984741211,-0.6999590475733166,41451,5764,23416,25848,31.77184602494901,1.3957440870543834,1.0389509701024016,0.09203457618349982,DIAGNOSTIC_COMPUTED_NOT_PHYSICAL_ACCEPTANCE,False
400470,I80-W,W,49468,49468,49448,49468,49468,49468,553.0,0.2045000046491623,69.80000305175781,-0.7751284734920277,42297,4990,23451,25997,86.0179180433288,1.2038646542620275,1.4257599461233914,0.35191832943464707,DIAGNOSTIC_COMPUTED_NOT_PHYSICAL_ACCEPTANCE,False
400988,I680-N,N,49468,49468,49330,49468,49468,49468,492.0,0.06530000269412994,72.5,-0.7663630448069703,49147,72,23431,25899,114.57650384477326,1.3326518750665712,1.008061515882349,0.04282103168814455,DIAGNOSTIC_COMPUTED_NOT_PHYSICAL_ACCEPTANCE,False
409956,SR4-E,E,49468,49468,49468,49468,49468,49468,633.0,0.10329999774694443,69.5999984741211,-0.5629248060414379,34149,151,23470,25998,107.09726215179818,1.8415810013772547,1.1077863783055706,0.14133398562386323,DIAGNOSTIC_COMPUTED_NOT_PHYSICAL_ACCEPTANCE,False
401925,I680-S,S,49468,49468,49184,49468,49468,49468,515.0,0.12430000305175781,68.69999694824219,-0.8383062451347248,45023,574,23322,25862,77.30364682509085,1.2031024515543582,1.011778544280792,0.03441686831157811,DIAGNOSTIC_COMPUTED_NOT_PHYSICAL_ACCEPTANCE,False
401568,SR4-E,E,49468,49468,49413,49468,49468,49468,558.0,0.1128000020980835,69.80000305175781,-0.7793125147601103,44003,419,23448,25965,88.96765771312144,1.1488395281484185,1.0071720002657911,0.03962044547420836,DIAGNOSTIC_COMPUTED_NOT_PHYSICAL_ACCEPTANCE,False
400933,I680-N,N,49468,49468,49332,49468,49468,49468,512.0,0.18066500350832881,69.5,-0.8544443727209775,43614,4031,23359,25973,86.95651889212361,1.3133436839967743,1.009719275845486,0.04123706912651452,DIAGNOSTIC_COMPUTED_NOT_PHYSICAL_ACCEPTANCE,False
400048,SR24-E,E,49468,49468,49378,49468,49468,49468,566.0,0.2240999937057495,70.30000305175781,-0.8200120850109875,45045,3177,23385,25993,95.55366316371655,1.1599278180541481,1.038764691445242,0.047915447971185014,DIAGNOSTIC_COMPUTED_NOT_PHYSICAL_ACCEPTANCE,False
400289,SR24-W,W,49468,49468,49468,49468,49468,49468,548.0,0.10540000349283218,67.69999694824219,-0.7666258771287895,46578,1687,23470,25998,101.97811849480274,1.2473721426716984,1.012397175257395,0.042185400064523745,DIAGNOSTIC_COMPUTED_NOT_PHYSICAL_ACCEPTANCE,False
401794,I680-S,S,49468,49468,49468,49468,49468,49468,488.0,0.12229999899864197,69.9000015258789,-0.7799010343094624,43776,1577,23470,25998,88.46912958120804,1.500441406141884,1.0951241884891032,0.13807168958211963,DIAGNOSTIC_COMPUTED_NOT_PHYSICAL_ACCEPTANCE,False
401098,I680-N,N,49468,49468,49273,49468,49468,49468,494.0,0.0502999983727932,72.5,-0.7577056938175768,49055,14,23415,25858,145.75427657212688,1.0779963642675123,1.0033243692901745,0.0137663350670648,DIAGNOSTIC_COMPUTED_NOT_PHYSICAL_ACCEPTANCE,False
402516,SR4-E,E,49468,49468,49444,49468,49468,49468,203.0,0.07119999825954437,69.30000305175781,-0.6934662361947969,48622,15,23448,25996,44.643520427735304,1.2441609200275854,1.0375561874920758,0.06384780980446302,DIAGNOSTIC_COMPUTED_NOT_PHYSICAL_ACCEPTANCE,False
405269,SR4-E,E,49468,49468,49265,49468,49468,49468,536.0,0.08370000123977661,70.0,-0.7348077081111642,46716,833,23267,25998,107.80582452696974,1.1023221353204617,1.001651669228684,0.032155466750321944,DIAGNOSTIC_COMPUTED_NOT_PHYSICAL_ACCEPTANCE,False
400049,SR4-E,E,49468,49468,49316,49468,49468,49468,553.0,0.10220000147819519,69.9000015258789,-0.7454553991669666,44859,558,23319,25997,94.5974768841335,1.2463751638332723,1.0173696680386475,0.05775838607263232,DIAGNOSTIC_COMPUTED_NOT_PHYSICAL_ACCEPTANCE,False
420614,I680-N,N,49468,49468,49468,49468,49468,49468,769.0,0.1005999967455864,68.5,-0.8686954685964675,45534,295,23470,25998,136.35666145508594,1.3596893521826823,1.0255933255203766,0.06006352492467887,DIAGNOSTIC_COMPUTED_NOT_PHYSICAL_ACCEPTANCE,False
400251,SR24-E,E,49468,49468,49468,49468,49468,49468,426.0,0.11460000276565552,66.9000015258789,-0.849183307834379,44393,89,23470,25998,102.80270866908228,2.0039504536941677,1.018104188878621,0.12491588193826039,DIAGNOSTIC_COMPUTED_NOT_PHYSICAL_ACCEPTANCE,False
414295,SR4-E,E,49468,49468,49123,49468,49468,49468,212.0,0.048700001090765,70.5999984741211,-0.5000408945355358,49437,4,23125,25998,64.42956701404006,1.1713964295342592,1.0208218712782295,0.04910424368645425,DIAGNOSTIC_COMPUTED_NOT_PHYSICAL_ACCEPTANCE,False
424110,SR4-W,W,49468,49468,49410,49468,49468,49468,118.0,0.11640000343322754,66.5999984741211,-0.6537511882264331,41601,373,23428,25982,17.723506863080626,1.2839890120687432,1.008751326354352,0.05017917965273748,DIAGNOSTIC_COMPUTED_NOT_PHYSICAL_ACCEPTANCE,False
401683,SR24-W,W,49468,49468,49363,49468,49468,49468,551.0,0.07859999686479568,72.0,-0.7032737116914578,48294,351,23405,25958,112.93534992785376,1.1088975630160125,1.0090927809205774,0.021607855847772,DIAGNOSTIC_COMPUTED_NOT_PHYSICAL_ACCEPTANCE,False
402476,SR24-E,E,49468,49468,49468,49468,49468,49468,403.0,0.07670000195503235,67.9000015258789,-0.8127810533523964,47760,545,23470,25998,63.899837920609194,1.2140327383415463,1.0172314119460941,0.07491529251308679,DIAGNOSTIC_COMPUTED_NOT_PHYSICAL_ACCEPTANCE,False
401895,I80-E,E,49468,49468,48701,49468,49468,49468,523.0,0.33340001106262207,69.69999694824219,-0.6554820451674692,40258,4332,23106,25595,64.74839790370297,1.6463760304536408,0.9270200469332309,0.12354292547285799,DIAGNOSTIC_COMPUTED_NOT_PHYSICAL_ACCEPTANCE,False
402091,SR4-E,E,49468,49468,49449,49468,49468,49468,276.0,0.10970000177621841,68.19999694824219,-0.7744279717432098,47343,413,23451,25998,44.452242860289076,1.1975511856552925,1.00998004492648,0.03669734266171458,DIAGNOSTIC_COMPUTED_NOT_PHYSICAL_ACCEPTANCE,False
403276,I80-E,E,49468,49468,49444,49468,49468,49468,366.0,0.06560000032186508,70.9000015258789,-0.4560412161368854,48585,115,23446,25998,81.0997090881963,1.3656432500232376,1.0080467971672658,0.09886202145917208,DIAGNOSTIC_COMPUTED_NOT_PHYSICAL_ACCEPTANCE,False
401289,SR242-S,S,49468,49468,49269,49468,49468,49468,309.0,0.1932000070810318,69.19999694824219,-0.6765592224308158,43834,3335,23271,25998,73.12922759134739,1.4686486693141758,0.7948943939776113,0.2285433691393684,DIAGNOSTIC_COMPUTED_NOT_PHYSICAL_ACCEPTANCE,False
415263,I80-W,W,49468,49468,49354,49468,49468,49468,543.0,0.24040000140666962,69.5,-0.739665146219541,43324,4339,23429,25925,80.33989906463415,1.2093805339616366,1.0145116808768333,0.036813139019741904,DIAGNOSTIC_COMPUTED_NOT_PHYSICAL_ACCEPTANCE,False
400152,I680-N,N,49468,49468,49468,49468,49468,49468,476.0,0.07069999724626541,70.9000015258789,-0.600539903952903,48026,891,23470,25998,106.90837663218574,1.3701301292855261,1.0127000311605763,0.05274368463368615,DIAGNOSTIC_COMPUTED_NOT_PHYSICAL_ACCEPTANCE,False
416790,I80-E,E,49468,49468,49444,49468,49468,49468,517.0,0.2467000037431717,69.80000305175781,-0.743307395153595,42830,5006,23448,25996,73.98541151312835,1.3193207015335013,1.0336897485668854,0.06572889022162609,DIAGNOSTIC_COMPUTED_NOT_PHYSICAL_ACCEPTANCE,False
401954,SR4-E,E,49468,49468,49468,49468,49468,49468,478.0,0.10136500224471034,70.0,-0.5531214850630515,48358,196,23470,25998,78.31683287916275,1.4563076227245761,1.0172854969504643,0.06898551047279107,DIAGNOSTIC_COMPUTED_NOT_PHYSICAL_ACCEPTANCE,False
400430,I80-E,E,49468,49468,49449,49468,49468,49468,559.0,0.2393999993801117,72.5999984741211,-0.8240427717376569,41963,6513,23451,25998,102.89981524142942,1.2497848698234355,1.0177491107822692,0.050104952550209525,DIAGNOSTIC_COMPUTED_NOT_PHYSICAL_ACCEPTANCE,False
401090,I80-E,E,49468,49468,49447,49468,49468,49468,496.0,0.07850000262260437,72.30000305175781,-0.6811730592688412,48088,131,23450,25997,98.43460599159802,1.2744500640911256,1.0209073599345384,0.05480192132770823,DIAGNOSTIC_COMPUTED_NOT_PHYSICAL_ACCEPTANCE,False
401052,I80-W,W,49468,49468,49429,49468,49468,49468,490.6499999999942,0.17126499861478747,70.19999694824219,-0.6863364027221331,42533,4061,23431,25998,102.40223881556476,1.1335305152589876,1.2124183042994652,0.22625188819288533,DIAGNOSTIC_COMPUTED_NOT_PHYSICAL_ACCEPTANCE,False
401955,I680-N,N,49468,49468,49428,49468,49468,49468,473.0,0.06809999793767929,72.30000305175781,-0.7263135546330601,49329,4,23434,25994,103.74695830462571,1.2359650326517977,1.011990280179697,0.03153492432493253,DIAGNOSTIC_COMPUTED_NOT_PHYSICAL_ACCEPTANCE,False
400767,I680-S,S,49468,49468,49464,49468,49468,49468,482.0,0.07180000096559525,70.9000015258789,-0.7243054525669173,49169,43,23470,25994,102.12253692123042,1.385554978608472,1.0198857370053804,0.054218382473720156,DIAGNOSTIC_COMPUTED_NOT_PHYSICAL_ACCEPTANCE,False
401956,I680-S,S,49468,49468,49429,49468,49468,49468,498.0,0.06800000369548798,72.5,-0.7586586633380153,49175,25,23435,25994,109.66423258291897,1.1303430801006997,1.0180687682704044,0.02974376606327994,DIAGNOSTIC_COMPUTED_NOT_PHYSICAL_ACCEPTANCE,False
400212,I680-N,N,49468,49468,49459,49468,49468,49468,432.6499999999942,0.07959999889135361,69.0999984741211,-0.6915739378994183,48943,48,23467,25992,87.30304995743339,1.3088013458474541,1.0070148364453146,0.03432328661507916,DIAGNOSTIC_COMPUTED_NOT_PHYSICAL_ACCEPTANCE,False
414039,SR4-E,E,49468,49468,49468,49468,49468,49468,256.0,0.34540000557899475,67.80000305175781,-0.8006340375586796,41852,4265,23470,25998,32.772500709195555,1.5084338771195096,1.0916431094250556,0.42451098475199067,DIAGNOSTIC_COMPUTED_NOT_PHYSICAL_ACCEPTANCE,False
402488,SR4-W,W,49468,49468,49468,49468,49468,49468,192.0,0.0729999989271164,68.0999984741211,-0.725519438449514,49443,4,23470,25998,37.84097155712059,1.6205432245549307,1.006570765056524,0.0842829815803525,DIAGNOSTIC_COMPUTED_NOT_PHYSICAL_ACCEPTANCE,False
402505,SR4-W,W,49468,49468,49445,49468,49468,49468,170.0,0.05339999869465828,70.0,-0.4323531918068972,49025,47,23447,25998,47.385619685894326,1.1958497679761544,1.0144142196847679,0.05645908737904062,DIAGNOSTIC_COMPUTED_NOT_PHYSICAL_ACCEPTANCE,False
402836,SR4-W,W,49468,49468,49317,49468,49468,49468,254.0,0.06769999861717224,68.5,-0.6106293388113964,49333,16,23319,25998,58.86863903650324,1.1468952891684132,1.0092875491541602,0.02558107454412018,DIAGNOSTIC_COMPUTED_NOT_PHYSICAL_ACCEPTANCE,False
407997,SR24-W,W,49468,49468,49255,49468,49468,49468,597.6499999999942,0.13689999282360077,69.30000305175781,-0.7369400196408464,48834,92,23261,25994,71.62058699691768,1.1254886535829587,1.0099290996276182,0.028281453175341396,DIAGNOSTIC_COMPUTED_NOT_PHYSICAL_ACCEPTANCE,False
402214,SR4-E,E,49468,49468,49468,49468,49468,49468,234.0,0.07810000330209732,67.0999984741211,-0.3650032593763366,49348,15,23470,25998,43.505395214768804,1.3697964925975321,1.034284874214869,0.0790334486715566,DIAGNOSTIC_COMPUTED_NOT_PHYSICAL_ACCEPTANCE,False
400329,I80-E,E,49468,49468,49373,49468,49468,49468,456.0,0.23589999973773956,69.80000305175781,-0.7749107733631326,41806,6141,23375,25998,90.1547210475773,1.3225750156617397,1.3839617498226078,0.3254274722982802,DIAGNOSTIC_COMPUTED_NOT_PHYSICAL_ACCEPTANCE,False
400395,I580-E,E,49468,49468,49468,49468,49468,49468,276.0,0.07259999960660934,67.9000015258789,-0.8321886330765909,49455,0,23470,25998,64.44973924905122,1.5954244569757168,0.9865139327222296,0.03679897386611528,DIAGNOSTIC_COMPUTED_NOT_PHYSICAL_ACCEPTANCE,False
408164,SR4-W,W,49468,49468,49420,49468,49468,49468,440.0,0.10446500256657543,69.5999984741211,-0.5641431835088738,46724,1360,23447,25973,79.62142416523581,1.2151687883878424,1.020415878554938,0.03369993222519196,DIAGNOSTIC_COMPUTED_NOT_PHYSICAL_ACCEPTANCE,False
401279,I680-N,N,49468,49468,49442,49468,49468,49468,482.0,0.06790000200271606,72.69999694824219,-0.7638114820836441,49212,2,23448,25994,106.8412804025593,1.2249240280392957,1.0116658989455898,0.033498495225825965,DIAGNOSTIC_COMPUTED_NOT_PHYSICAL_ACCEPTANCE,False
400270,SR4-E,E,49468,49468,49448,49468,49468,49468,559.0,0.1046999990940094,69.80000305175781,-0.7549880103319213,47517,782,23451,25997,90.98856617841247,1.1775129594093499,1.0001796066685071,0.03612843638491377,DIAGNOSTIC_COMPUTED_NOT_PHYSICAL_ACCEPTANCE,False
414829,SR4-E,E,49468,49468,49468,49468,49468,49468,277.0,0.07320000231266022,67.9000015258789,-0.8779888493620521,49468,0,23470,25998,63.74889064497162,1.1777416476953466,0.9986304895161657,0.031377220071438956,DIAGNOSTIC_COMPUTED_NOT_PHYSICAL_ACCEPTANCE,False
401124,I680-S,S,49468,49468,49468,49468,49468,49468,529.0,0.11330000311136246,69.0999984741211,-0.9164658368317774,47687,0,23470,25998,88.61986722104895,1.168382602401954,1.0003126111700196,0.031275535739153516,DIAGNOSTIC_COMPUTED_NOT_PHYSICAL_ACCEPTANCE,False
400216,I580-E,E,49468,49468,49468,49468,49468,49468,283.0,0.0869000032544136,66.19999694824219,-0.47004519065567685,48980,10,23470,25998,53.57347577460628,1.292024928239491,0.9846307915972983,0.042088143537631476,DIAGNOSTIC_COMPUTED_NOT_PHYSICAL_ACCEPTANCE,False
414707,SR4-E,E,49468,49468,49468,49468,49468,49468,386.0,0.07199999690055847,70.30000305175781,-0.6885367432908149,49413,21,23470,25998,79.61372569861123,1.2990240690122026,1.0426504833945074,0.07170004978416883,DIAGNOSTIC_COMPUTED_NOT_PHYSICAL_ACCEPTANCE,False
401468,I680-N,N,49468,49468,49349,49468,49468,49468,387.0,0.06669999659061432,69.5999984741211,-0.5923454082269942,49411,7,23352,25997,89.08905123294568,1.1787290677191118,1.012108415947043,0.024617024832861108,DIAGNOSTIC_COMPUTED_NOT_PHYSICAL_ACCEPTANCE,False
404873,SR4-E,E,49468,49468,49217,49468,49468,49468,551.0,0.267300009727478,69.9000015258789,-0.7608223237915289,41219,5613,23219,25998,77.2116598672075,1.3203355375372725,1.0822112590035111,0.14857964773798582,DIAGNOSTIC_COMPUTED_NOT_PHYSICAL_ACCEPTANCE,False
400838,I80-E,E,49468,49468,49447,49468,49468,49468,543.0,0.26080000400543213,72.69999694824219,-0.789592885411537,42305,6154,23449,25998,98.17381708866607,1.3189945907576937,1.0192299336364563,0.06248992941727062,DIAGNOSTIC_COMPUTED_NOT_PHYSICAL_ACCEPTANCE,False
405029,I580-E,E,49468,49468,49381,49468,49468,49468,253.0,0.34369999170303345,70.0,-0.7580004614363746,42705,5210,23384,25997,57.14555510884506,1.2901099504216507,1.0172070850460944,0.05469099436951661,DIAGNOSTIC_COMPUTED_NOT_PHYSICAL_ACCEPTANCE,False
401274,I80-W,W,49468,49468,49389,49468,49468,49468,348.0,0.07240000367164612,70.5,-0.47998096095634246,48997,160,23434,25955,74.00421793673624,1.2596685839884714,1.0187543134114303,0.0473552713286522,DIAGNOSTIC_COMPUTED_NOT_PHYSICAL_ACCEPTANCE,False
400378,I80-W,W,49468,49468,49448,49468,49468,49468,746.0,0.17276500388979854,70.69999694824219,-0.7404298263162271,43112,3979,23451,25997,101.41225969742084,1.2456166825582262,1.094046461100807,0.13838949230650313,DIAGNOSTIC_COMPUTED_NOT_PHYSICAL_ACCEPTANCE,False
402835,SR4-E,E,49468,49468,49097,49468,49468,49468,182.0,0.06700000166893005,69.4000015258789,-0.5885038500476448,46228,9,23297,25800,49.825059084077715,1.30239085420641,0.8283259635139465,0.20465688862512404,DIAGNOSTIC_COMPUTED_NOT_PHYSICAL_ACCEPTANCE,False
404694,I680-N,N,49468,49468,47777,49468,49468,49468,361.0,0.2583000063896179,68.69999694824219,-0.8259003856252728,41350,6885,21784,25993,58.875052569387975,1.7183763947534567,1.1133202915942157,0.1171059809788812,DIAGNOSTIC_COMPUTED_NOT_PHYSICAL_ACCEPTANCE,False
400169,I680-S,S,49468,49468,49386,49468,49468,49468,552.0,0.17720000445842743,73.0,-0.8597010926670993,43178,4205,23445,25941,97.90773440494374,1.214149093015602,1.0193540498812936,0.04361879073744392,DIAGNOSTIC_COMPUTED_NOT_PHYSICAL_ACCEPTANCE,False
400615,SR4-E,E,49468,49468,49422,49468,49468,49468,501.0,0.18930000066757202,69.9000015258789,-0.8103820203774119,38375,9977,23424,25998,100.90862891215471,1.1939359432967456,1.015435903557492,0.052659714269338055,DIAGNOSTIC_COMPUTED_NOT_PHYSICAL_ACCEPTANCE,False
403460,I80-E,E,49468,49468,49206,49468,49468,49468,369.0,0.06260000169277191,71.0,-0.4400603148993309,48622,111,23211,25995,85.3225381181944,1.332049357309423,1.0368526821059045,0.0934137309539162,DIAGNOSTIC_COMPUTED_NOT_PHYSICAL_ACCEPTANCE,False
400617,SR24-W,W,49468,49468,49403,49468,49468,49468,492.0,0.14169999957084656,69.69999694824219,-0.7178662357767683,43622,2017,23444,25959,80.46709336250188,1.2953981442426918,1.1111718061101366,0.11584520308214953,DIAGNOSTIC_COMPUTED_NOT_PHYSICAL_ACCEPTANCE,False
401828,SR4-E,E,49468,49468,49418,49468,49468,49468,495.0,0.09860000014305115,70.19999694824219,-0.7484533717679207,47417,119,23444,25974,83.21955395403566,1.179917609009446,1.01130149185717,0.0468323462765189,DIAGNOSTIC_COMPUTED_NOT_PHYSICAL_ACCEPTANCE,False
400407,I580-W,W,49468,49468,49468,49468,49468,49468,276.0,0.07270000129938126,67.9000015258789,-0.8565375109376807,49468,0,23470,25998,62.084320733299464,1.296352387418349,1.0241002072428533,0.040316846466061027,DIAGNOSTIC_COMPUTED_NOT_PHYSICAL_ACCEPTANCE,False
423158,SR4-E,E,49468,49468,49449,49468,49468,49468,352.0,0.08399999886751175,69.0,-0.6767650143720083,47027,1642,23451,25998,71.92005183228542,1.1671992994967801,1.0194378641928599,0.041660394717008706,DIAGNOSTIC_COMPUTED_NOT_PHYSICAL_ACCEPTANCE,False
406057,SR4-E,E,49468,49468,49450,49468,49468,49468,660.0,0.12200000137090683,73.69999694824219,-0.5763176978768891,45475,568,23452,25998,84.57904499700466,1.4442206129062036,1.0134481314131434,0.06291099968908977,DIAGNOSTIC_COMPUTED_NOT_PHYSICAL_ACCEPTANCE,False
402087,SR4-W,W,49468,49468,49468,49468,49468,49468,271.0,0.08026500269770565,64.5,-0.6422203544367275,48282,9,23470,25998,56.809574219889335,1.284500141342467,1.0048584256428545,0.05177500514224044,DIAGNOSTIC_COMPUTED_NOT_PHYSICAL_ACCEPTANCE,False
402103,I680-S,S,49468,49468,48791,49468,49468,49468,483.0,0.07360000163316727,69.0,-0.7273997208522802,49061,164,22794,25997,105.00972839160559,1.0958160926200324,0.9962446723677412,0.020986373783033162,DIAGNOSTIC_COMPUTED_NOT_PHYSICAL_ACCEPTANCE,False
414031,SR4-E,E,49468,49468,49468,49468,49468,49468,264.0,0.07519999891519547,66.80000305175781,-0.639089204556909,48715,54,23470,25998,54.64320781595821,1.3677183753566278,1.0337954597756986,0.07994921005098196,DIAGNOSTIC_COMPUTED_NOT_PHYSICAL_ACCEPTANCE,False
400182,I80-E,E,49468,49468,49468,49468,49468,49468,628.0,0.1257999986410141,71.19999694824219,-0.7709492574830205,41962,4463,23470,25998,142.21185848461755,1.346152880746361,1.2403620175974288,0.22695165750654936,DIAGNOSTIC_COMPUTED_NOT_PHYSICAL_ACCEPTANCE,False
400345,SR24-E,E,49468,49468,49403,49468,49468,49468,530.0,0.10156499817967357,74.0999984741211,-0.8660336379282577,45122,2256,23441,25962,106.03865768080401,1.1631492791488773,1.0211430067000855,0.035498338924804064,DIAGNOSTIC_COMPUTED_NOT_PHYSICAL_ACCEPTANCE,False
414306,SR4-W,W,49468,49468,49103,49468,49468,49468,173.0,0.043699998408555984,69.4000015258789,-0.2489452632064587,49347,8,23105,25998,59.06773894800801,1.1957656112010038,1.0132524766507516,0.04334179880977622,DIAGNOSTIC_COMPUTED_NOT_PHYSICAL_ACCEPTANCE,False
403461,I80-W,W,49468,49468,49199,49468,49468,49468,359.0,0.0608999989926815,70.0999984741211,-0.33230031827972684,48980,116,23211,25988,90.0892261169881,1.2225446311575678,1.0063373051898072,0.04827324800036402,DIAGNOSTIC_COMPUTED_NOT_PHYSICAL_ACCEPTANCE,False
403459,I80-W,W,49468,49468,49441,49468,49468,49468,357.0,0.0625,70.30000305175781,-0.3974953377049344,48922,94,23452,25989,88.3847907836657,1.2305630647833468,1.0088969849800264,0.056655647723320914,DIAGNOSTIC_COMPUTED_NOT_PHYSICAL_ACCEPTANCE,False
401681,SR24-E,E,49468,49468,49406,49468,49468,49468,535.0,0.20926499590277614,73.5999984741211,-0.8725075336867375,43102,4378,23413,25993,110.55240605923844,1.1936102822127066,1.022845192617717,0.039782802228629406,DIAGNOSTIC_COMPUTED_NOT_PHYSICAL_ACCEPTANCE,False
400554,I680-N,N,49468,49468,49370,49468,49468,49468,482.0,0.08869999647140503,69.4000015258789,-0.6744861689051206,47545,200,23393,25977,99.11855018769745,1.2021375130709855,1.0078954541152862,0.02173729164716181,DIAGNOSTIC_COMPUTED_NOT_PHYSICAL_ACCEPTANCE,False
416459,SR4-W,W,49468,49468,49448,49468,49468,49468,441.0,0.08399999886751175,72.0,-0.664387159152073,49349,23,23450,25998,81.14908138564508,1.1283341502965576,1.0055945870950989,0.023265846746771277,DIAGNOSTIC_COMPUTED_NOT_PHYSICAL_ACCEPTANCE,False
400764,SR4-E,E,49468,49468,49447,49468,49468,49468,484.0,0.08100000023841858,70.19999694824219,-0.7490275499442991,47404,807,23449,25998,100.12515413862825,1.1981150287707065,0.9955847596820517,0.04579875291679471,DIAGNOSTIC_COMPUTED_NOT_PHYSICAL_ACCEPTANCE,False
409968,SR4-W,W,49468,49468,49468,49468,49468,49468,471.0,0.09589999914169312,68.19999694824219,-0.2915502617877537,49362,24,23470,25998,77.86488475644683,1.243313366652557,1.0028356955436728,0.055276076085410936,DIAGNOSTIC_COMPUTED_NOT_PHYSICAL_ACCEPTANCE,False
402522,SR4-W,W,49468,49468,49464,49468,49468,49468,276.0,0.07289999723434448,68.0,-0.8424679244998258,49452,5,23466,25998,63.26747839635855,1.309034648540568,1.0037306465633242,0.0302153790618237,DIAGNOSTIC_COMPUTED_NOT_PHYSICAL_ACCEPTANCE,False
400359,I580-E,E,49468,49468,49468,49468,49468,49468,209.0,0.05350000038743019,67.30000305175781,-0.4670821359633786,49468,0,23470,25998,55.01306717111846,1.5917208913995349,1.0280587457163806,0.12751805543432773,DIAGNOSTIC_COMPUTED_NOT_PHYSICAL_ACCEPTANCE,False
401537,SR242-N,N,49468,49468,49287,49468,49468,49468,370.0,0.2071000039577484,69.0999984741211,-0.8634596368179507,42858,5203,23290,25997,68.26024878966051,1.539380939447601,1.0142959089932437,0.05676009983461824,DIAGNOSTIC_COMPUTED_NOT_PHYSICAL_ACCEPTANCE,False
402510,SR4-E,E,49468,49468,49446,49468,49468,49468,252.0,0.05620000138878822,69.5999984741211,-0.5823373922922648,49425,15,23448,25998,67.45756481995394,1.192242036437686,1.0371708524475303,0.057793538269022435,DIAGNOSTIC_COMPUTED_NOT_PHYSICAL_ACCEPTANCE,False
407487,I680-S,S,49468,49468,49139,49468,49468,49468,527.0,0.11786499843001308,69.0,-0.8467793581299855,44434,538,23249,25890,88.23171940145176,1.208771518432327,1.0120962697231417,0.03951733951384981,DIAGNOSTIC_COMPUTED_NOT_PHYSICAL_ACCEPTANCE,False
405276,SR4-W,W,49468,49468,49447,49468,49468,49468,615.0,0.2612650021910662,73.80000305175781,-0.8144202395128654,39890,4999,23449,25998,105.28107040650787,1.3278234607039736,1.0015022289426005,0.04496141922912192,DIAGNOSTIC_COMPUTED_NOT_PHYSICAL_ACCEPTANCE,False
424086,I580-W,W,49468,49468,49468,49468,49468,49468,224.0,0.1471650026738638,67.0999984741211,-0.6391454314489504,42775,1536,23470,25998,35.893353027445684,1.6140914857155184,1.0075793515075624,0.10913095470480196,DIAGNOSTIC_COMPUTED_NOT_PHYSICAL_ACCEPTANCE,False
401070,I80-E,E,49468,49468,49213,49468,49468,49468,549.0,0.11649999767541885,68.80000305175781,-0.7714569345223845,46169,2089,23215,25998,70.51913487697756,2.222563106105221,1.6390863785593086,0.48471923786579996,DIAGNOSTIC_COMPUTED_NOT_PHYSICAL_ACCEPTANCE,False
411075,SR4-W,W,49468,49468,49468,49468,49468,49468,463.0,0.0794999971985817,64.5999984741211,-0.6693878460055755,49264,83,23470,25998,94.29514742606725,1.482249568151989,1.0107903948084147,0.07820636485320351,DIAGNOSTIC_COMPUTED_NOT_PHYSICAL_ACCEPTANCE,False
402540,I680-N,N,49468,49468,49342,49468,49468,49468,407.0,0.05559999868273735,73.0,-0.5440420110127182,49377,4,23344,25998,106.8682535791597,1.1998728981567683,1.0101341544696467,0.037739638330749184,DIAGNOSTIC_COMPUTED_NOT_PHYSICAL_ACCEPTANCE,False
402514,SR4-W,W,49468,49468,49445,49468,49468,49468,150.0,0.0333000011742115,69.9000015258789,-0.19185086475478252,49340,4,23448,25997,66.43348769512255,1.21498560439771,1.0192229687751226,0.05699519634709561,DIAGNOSTIC_COMPUTED_NOT_PHYSICAL_ACCEPTANCE,False
416929,SR4-E,E,49468,49468,49438,49468,49468,49468,488.0,0.14959999918937683,69.80000305175781,-0.6669670508609891,41302,356,23447,25991,79.99361387408779,5.072383020871252,1.1200011447047458,0.11812528943930016,DIAGNOSTIC_COMPUTED_NOT_PHYSICAL_ACCEPTANCE,False
400946,SR24-E,E,49468,49468,49154,49468,49468,49468,603.0,0.1906999945640564,72.5,-0.9042516355006976,33394,9462,23156,25998,105.4413233753832,1.398998112073143,0.9953899255160936,0.06055816499631502,DIAGNOSTIC_COMPUTED_NOT_PHYSICAL_ACCEPTANCE,False
414830,SR4-E,E,49468,49468,49468,49468,49468,49468,410.0,0.08399999886751175,65.69999694824219,-0.6519701103526147,49362,33,23470,25998,70.43790776884005,1.5679341859754292,1.036347319508166,0.12097027554212067,DIAGNOSTIC_COMPUTED_NOT_PHYSICAL_ACCEPTANCE,False
401347,I680-S,S,49468,49468,49468,49468,49468,49468,415.0,0.0885000005364418,65.5999984741211,-0.706447176715668,47796,468,23470,25998,86.22512336467412,1.424919060899528,1.0185605798359407,0.08162162362326766,DIAGNOSTIC_COMPUTED_NOT_PHYSICAL_ACCEPTANCE,False
405034,I580-W,W,49468,49468,49468,49468,49468,49468,242.0,0.04360000044107437,69.5,-0.4924945916992453,49169,24,23470,25998,77.32754290159008,1.6426586122968214,1.0376138794823822,0.09615507559519941,DIAGNOSTIC_COMPUTED_NOT_PHYSICAL_ACCEPTANCE,False
401778,I680-N,N,49468,49468,49417,49468,49468,49468,731.0,0.14606499895453395,72.5,-0.8925153652484042,41860,2766,23419,25998,116.87229696642532,1.1885290054855207,1.0111312690822256,0.03763575152984416,DIAGNOSTIC_COMPUTED_NOT_PHYSICAL_ACCEPTANCE,False
402482,SR4-E,E,49468,49468,49468,49468,49468,49468,245.0,0.07519999891519547,66.5999984741211,-0.5410461713535816,49218,0,23470,25998,46.367775273517665,1.644292898086318,1.026708743871899,0.08405927235466787,DIAGNOSTIC_COMPUTED_NOT_PHYSICAL_ACCEPTANCE,False
401571,I80-W,W,49468,49468,49468,49468,49468,49468,546.0,0.13950000703334808,67.30000305175781,-0.7401734688878774,45658,2197,23470,25998,91.74668862909047,1.2188280207390298,1.0191376504533758,0.045458066031255226,DIAGNOSTIC_COMPUTED_NOT_PHYSICAL_ACCEPTANCE,False
401720,I680-S,S,49468,49468,49343,49468,49468,49468,439.0,0.06889999657869339,72.4000015258789,-0.749219485438209,48308,74,23349,25994,100.55882517843101,1.2329958903113494,1.0201714718264905,0.044082580557621376,DIAGNOSTIC_COMPUTED_NOT_PHYSICAL_ACCEPTANCE,False
405930,I680-S,S,49468,49468,49437,49468,49468,49468,497.0,0.050999999046325684,71.30000305175781,0.39345088167422076,49468,0,23440,25997,142.40499101296365,1.057045513606379,0.9972197343582628,0.012671446082484463,DIAGNOSTIC_COMPUTED_NOT_PHYSICAL_ACCEPTANCE,False
401280,I680-S,S,49468,49468,49468,49468,49468,49468,782.0,0.19949999451637268,69.30000305175781,-0.7489363747455597,43741,3363,23470,25998,148.72822797394747,1.2315742170797397,0.9617582036396207,0.07474515478062257,DIAGNOSTIC_COMPUTED_NOT_PHYSICAL_ACCEPTANCE,False
401950,I680-S,S,49468,49468,49319,49468,49468,49468,408.0,0.07069999724626541,69.0,-0.6691675290578851,49192,16,23450,25869,89.54620286967292,1.5420180491356654,1.0803832741604733,0.08625488936928785,DIAGNOSTIC_COMPUTED_NOT_PHYSICAL_ACCEPTANCE,False
401344,I680-S,S,49468,49468,49468,49468,49468,49468,547.0,0.0754999965429306,69.5,-0.27139520719768623,48996,154,23470,25998,119.8400957861787,1.237973520132293,1.0120779597319394,0.056146847686407354,DIAGNOSTIC_COMPUTED_NOT_PHYSICAL_ACCEPTANCE,False
402086,SR4-E,E,49468,49468,49228,49468,49468,49468,356.0,0.08340000361204147,68.80000305175781,-0.6144040875669142,47912,976,23439,25789,70.07905998485869,1.1841409337011435,1.0176235722736375,0.039901978328354085,DIAGNOSTIC_COMPUTED_NOT_PHYSICAL_ACCEPTANCE,False
416943,SR4-W,W,49468,49468,49468,49468,49468,49468,419.0,0.09806499853730144,68.4000015258789,-0.7106973410930332,49322,38,23470,25998,63.31317872488536,1.284253321963611,1.0078756647702338,0.03806163753385779,DIAGNOSTIC_COMPUTED_NOT_PHYSICAL_ACCEPTANCE,False
408621,SR4-W,W,49468,49468,49468,49468,49468,49468,174.0,0.09629999846220016,63.70000076293945,-0.4035784185549113,29888,2280,23470,25998,34.97286605850167,1.4001117543771133,1.0347181860718073,0.08899077065915997,DIAGNOSTIC_COMPUTED_NOT_PHYSICAL_ACCEPTANCE,False
407233,SR4-E,E,49468,49468,49468,49468,49468,49468,703.0,0.13169999420642853,67.4000015258789,-0.6455209685372657,49018,58,23470,25998,89.43014898336516,1.2579121834458555,1.0176801683255838,0.056445446010272654,DIAGNOSTIC_COMPUTED_NOT_PHYSICAL_ACCEPTANCE,False
400852,I680-S,S,49468,49468,49145,49468,49468,49468,520.0,0.11050000041723251,69.0999984741211,-0.8133145342255869,46127,129,23252,25893,83.46822781895938,1.1912626539704467,1.0138835901952197,0.034403855172017744,DIAGNOSTIC_COMPUTED_NOT_PHYSICAL_ACCEPTANCE,False
414252,SR242-S,S,49468,49468,49403,49468,49468,49468,424.0,0.0949999988079071,71.0999984741211,-0.7849971061831443,46577,195,23409,25994,76.21408686739552,1.0956246140580297,1.018825689328168,0.02594381023057018,DIAGNOSTIC_COMPUTED_NOT_PHYSICAL_ACCEPTANCE,False
400814,I680-N,N,49468,49468,49468,49468,49468,49468,706.0,0.22169999778270721,70.4000015258789,-0.8649201219075806,39452,7066,23470,25998,99.29447346406079,1.5182335649811851,0.907592323629135,0.09894438273451475,DIAGNOSTIC_COMPUTED_NOT_PHYSICAL_ACCEPTANCE,False
400354,SR24-W,W,49468,49468,49403,49468,49468,49468,577.0,0.08460000157356262,71.80000305175781,-0.6796981996038547,48482,463,23445,25958,106.17643376685922,1.1120770906107038,1.0154424694382012,0.024937088047289155,DIAGNOSTIC_COMPUTED_NOT_PHYSICAL_ACCEPTANCE,False
401083,I80-W,W,49468,49468,49429,49468,49468,49468,386.0,0.08100000023841858,70.30000305175781,-0.6149318796188432,48302,498,23449,25980,77.47750025495979,1.238187556428645,1.0178649131892765,0.04668968918371899,DIAGNOSTIC_COMPUTED_NOT_PHYSICAL_ACCEPTANCE,False
400150,I680-N,N,49468,49468,49465,49468,49468,49468,472.0,0.13819999992847443,69.5999984741211,-0.810721808022973,42748,3453,23467,25998,79.44598933055556,1.224744669434996,1.0219409206449845,0.04803540395605153,DIAGNOSTIC_COMPUTED_NOT_PHYSICAL_ACCEPTANCE,False
400660,I80-E,E,49468,49468,49381,49468,49468,49468,529.0,0.21770000457763672,69.4000015258789,-0.7968765959105538,40406,7563,23385,25996,77.55222760224504,1.2664684308776886,1.008330818070781,0.054671883937646264,DIAGNOSTIC_COMPUTED_NOT_PHYSICAL_ACCEPTANCE,False
405580,SR4-E,E,49468,49468,49468,49468,49468,49468,272.0,0.182265000790357,65.5,-0.05031448476334621,42811,5315,23470,25998,53.6748867174259,1.6919629215399983,1.0281532030999745,0.13488020242571516,DIAGNOSTIC_COMPUTED_NOT_PHYSICAL_ACCEPTANCE,False
400785,I680-N,N,49468,49468,49386,49468,49468,49468,574.0,0.1695999950170517,67.4000015258789,-0.8427595157287235,41188,3544,23445,25941,100.05761997989073,1.367691131072144,0.970243538203079,0.06624160824574475,DIAGNOSTIC_COMPUTED_NOT_PHYSICAL_ACCEPTANCE,False
401829,SR4-E,E,49468,49468,49425,49468,49468,49468,487.0,0.0754999965429306,70.19999694824219,-0.6319711614261878,49217,71,23439,25986,100.88092844277209,1.1325549210345798,1.0138936886223706,0.03558193670006461,DIAGNOSTIC_COMPUTED_NOT_PHYSICAL_ACCEPTANCE,False
407463,I680-N,N,49468,49468,49139,49468,49468,49468,520.0,0.12960000336170197,69.4000015258789,-0.8534015210551801,43551,2522,23249,25890,89.01548970256829,1.2882576521236149,1.007954471602476,0.038516147694227086,DIAGNOSTIC_COMPUTED_NOT_PHYSICAL_ACCEPTANCE,False
401951,SR4-W,W,49468,49468,49468,49468,49468,49468,142.64999999999418,0.05220000073313713,65.5,-0.5098012717234521,48406,11,23470,25998,42.175308651633074,1.208671040505574,1.0165296830241781,0.03886254221892108,DIAGNOSTIC_COMPUTED_NOT_PHYSICAL_ACCEPTANCE,False
414253,SR242-S,S,49468,49468,49468,49468,49468,49468,350.0,0.09619999676942825,65.0,-0.7963874105626567,48273,187,23470,25998,65.22505463826647,1.3288410867305407,1.0234046596636255,0.05110418893956415,DIAGNOSTIC_COMPUTED_NOT_PHYSICAL_ACCEPTANCE,False
408619,SR4-W,W,49468,49468,49342,49468,49468,49468,181.0,0.06300000101327896,69.5,-0.4577297473713854,49148,205,23432,25910,44.31844852875886,1.1899624601637997,1.012769599012092,0.04514439827299803,DIAGNOSTIC_COMPUTED_NOT_PHYSICAL_ACCEPTANCE,False
401480,I80-W,W,49468,49468,49414,49468,49468,49468,496.0,0.11320000141859055,69.4000015258789,-0.7003722693205974,46874,823,23416,25998,80.4688479142202,1.2272078091466858,1.0104231141516906,0.035564005591144206,DIAGNOSTIC_COMPUTED_NOT_PHYSICAL_ACCEPTANCE,False
404683,I680-N,N,49468,49468,49468,49468,49468,49468,474.0,0.13680000603199005,66.69999694824219,-0.7684383159845908,43977,1308,23470,25998,91.8859743545137,1.682410348662824,1.0059748498822298,0.11611598176362167,DIAGNOSTIC_COMPUTED_NOT_PHYSICAL_ACCEPTANCE,False
401422,I680-N,N,49468,49468,49055,49468,49468,49468,626.0,0.11720000207424164,72.69999694824219,-0.8272848723178201,36591,1237,23213,25842,104.54607370615949,1.4230034681958506,1.0282871396376183,0.057601502499710716,DIAGNOSTIC_COMPUTED_NOT_PHYSICAL_ACCEPTANCE,False
407023,I580-W,W,49468,49468,49468,49468,49468,49468,354.0,0.08110000193119049,67.5999984741211,-0.46521097975527576,49313,38,23470,25998,64.64447328536585,1.3329648555030327,1.0490352767688318,0.07705390064568204,DIAGNOSTIC_COMPUTED_NOT_PHYSICAL_ACCEPTANCE,False
408634,I80-E,E,49468,49468,49199,49468,49468,49468,365.0,0.07199999690055847,70.80000305175781,-0.4705055536341476,48678,120,23204,25995,75.34587067079235,1.1561712426109472,1.023770748362098,0.055114836236529574,DIAGNOSTIC_COMPUTED_NOT_PHYSICAL_ACCEPTANCE,False
404730,I680-S,S,49468,49468,49468,49468,49468,49468,511.0,0.09740000218153,65.80000305175781,-0.7211200104753418,49151,41,23470,25998,81.93743674148577,1.4791708447601175,1.0499150391868486,0.0958492591697898,DIAGNOSTIC_COMPUTED_NOT_PHYSICAL_ACCEPTANCE,False
400580,SR24-W,W,49468,49468,49434,49468,49468,49468,589.0,0.10530000180006027,73.4000015258789,-0.7944509325877608,45368,1680,23436,25998,109.03976216327268,1.1726132001755085,1.0241403948333045,0.030990492010637968,DIAGNOSTIC_COMPUTED_NOT_PHYSICAL_ACCEPTANCE,False
424104,SR4-W,W,49468,49468,49468,49468,49468,49468,135.0,0.12290000170469284,69.0,-0.9172311487918274,46987,560,23470,25998,24.15058243768473,1.4817191708060657,1.0014343892589705,0.07219786922649771,DIAGNOSTIC_COMPUTED_NOT_PHYSICAL_ACCEPTANCE,False
400867,I580-W,W,49468,49468,49269,49468,49468,49468,300.6499999999942,0.07150000333786011,68.9000015258789,-0.5010616016544615,48898,138,23275,25994,64.79621561936192,1.2342094607862824,1.0241304047288322,0.048759226310725545,DIAGNOSTIC_COMPUTED_NOT_PHYSICAL_ACCEPTANCE,False
400865,I80-E,E,49468,49468,49450,49468,49468,49468,508.0,0.24979999661445618,69.4000015258789,-0.7991327211492308,41122,7037,23452,25998,84.98728333012265,1.2951047465420804,1.0171999486774377,0.057102035365692354,DIAGNOSTIC_COMPUTED_NOT_PHYSICAL_ACCEPTANCE,False
400636,I680-N,N,49468,49468,49305,49468,49468,49468,512.0,0.16820000112056732,69.5999984741211,-0.8383818190228001,43968,3669,23332,25973,92.92088703346758,1.3323817649290954,1.0237434880449903,0.04839145644908994,DIAGNOSTIC_COMPUTED_NOT_PHYSICAL_ACCEPTANCE,False
401825,SR4-W,W,49468,49468,49468,49468,49468,49468,389.0,0.2064649984240526,67.30000305175781,-0.6283522087571689,43451,3388,23470,25998,84.4483569019196,1.2874929758525848,1.0101522311875744,0.0570351682210393,DIAGNOSTIC_COMPUTED_NOT_PHYSICAL_ACCEPTANCE,False
400748,SR24-E,E,49468,49468,49468,49468,49468,49468,486.0,0.09390000253915787,69.5999984741211,-0.7503980272759246,43185,322,23470,25998,137.08488332157071,2.282158936856115,0.9709503606127766,0.2510007033139656,DIAGNOSTIC_COMPUTED_NOT_PHYSICAL_ACCEPTANCE,False
414046,SR4-W,W,49468,49468,49468,49468,49468,49468,174.0,0.04149999842047691,68.5,0.08059817564892463,49450,0,23470,25998,57.21981424289574,1.4008945464206193,1.024770404816733,0.07780752967088433,DIAGNOSTIC_COMPUTED_NOT_PHYSICAL_ACCEPTANCE,False
401084,I80-W,W,49468,49468,49468,49468,49468,49468,526.0,0.07620000094175339,72.4000015258789,-0.6467433920198434,45934,602,23470,25998,117.47108466966029,1.5188384697247372,1.0900251897697548,0.09116235698425484,DIAGNOSTIC_COMPUTED_NOT_PHYSICAL_ACCEPTANCE,False
401780,I680-N,N,49468,49468,49343,49468,49468,49468,423.0,0.07559999823570251,69.0999984741211,-0.5828785483527364,49078,110,23349,25994,86.6018558891396,1.2157832032505513,1.0091233989926292,0.036708956869358156,DIAGNOSTIC_COMPUTED_NOT_PHYSICAL_ACCEPTANCE,False
400078,I680-N,N,49468,49468,49468,49468,49468,49468,684.0,0.15680000185966492,67.30000305175781,-0.8263556567540218,40483,7143,23470,25998,142.03310107009963,1.877914013979624,0.9489620174387047,0.1473764584761886,DIAGNOSTIC_COMPUTED_NOT_PHYSICAL_ACCEPTANCE,False
408151,SR4-E,E,49468,49468,49271,49468,49468,49468,276.0,0.13220000267028809,68.5,-0.805220696171224,46834,29,23382,25889,37.30888573301955,1.1542549259235233,1.0011406113646666,0.029764361884813347,DIAGNOSTIC_COMPUTED_NOT_PHYSICAL_ACCEPTANCE,False
408615,SR4-W,W,49468,49468,49414,49468,49468,49468,445.0,0.09200000017881393,70.0999984741211,-0.4454568402174255,48520,169,23425,25989,79.90206463926876,1.297602773759136,1.0067413913020078,0.05865045650491598,DIAGNOSTIC_COMPUTED_NOT_PHYSICAL_ACCEPTANCE,False
400313,I80-W,W,49468,49468,49353,49468,49468,49468,494.0,0.1023000031709671,69.5,-0.673285371149975,47419,310,23355,25998,88.3959408633082,1.2381256528029432,1.0187285613833654,0.0418988588805488,DIAGNOSTIC_COMPUTED_NOT_PHYSICAL_ACCEPTANCE,False
402068,SR4-W,W,49468,49468,49437,49468,49468,49468,482.0,0.08869999647140503,72.0999984741211,-0.5536966982979606,47774,441,23451,25986,96.96414145852495,1.3011115213918205,0.9733580656460478,0.04305153498239297,DIAGNOSTIC_COMPUTED_NOT_PHYSICAL_ACCEPTANCE,False
402085,SR4-W,W,49468,49468,49228,49468,49468,49468,304.0,0.06459999829530716,70.0999984741211,-0.6627192080242196,49429,12,23439,25789,70.64245528748837,1.0826054254400486,0.999243088181504,0.019243199312323444,DIAGNOSTIC_COMPUTED_NOT_PHYSICAL_ACCEPTANCE,False
402093,SR4-W,W,49468,49468,49448,49468,49468,49468,262.0,0.10559999942779541,68.5,-0.6674798079742911,49231,12,23450,25998,39.69900003111063,1.1360015960231524,1.0045380309691414,0.028956852295304873,DIAGNOSTIC_COMPUTED_NOT_PHYSICAL_ACCEPTANCE,False
414250,SR242-S,S,49468,49468,49203,49468,49468,49468,405.0,0.14826500639319362,69.0999984741211,-0.7896845556978896,45831,2220,23331,25872,60.30891633633202,1.1376172273105254,1.3287445513380882,0.2823362924449509,DIAGNOSTIC_COMPUTED_NOT_PHYSICAL_ACCEPTANCE,False
400184,I680-N,N,49468,49468,47937,49468,49468,49468,370.0,0.05779999867081642,68.5,-0.6348335747761013,49371,50,23448,24489,105.55049217614969,1.1089138324471683,0.996321010741707,0.029817961448427386,DIAGNOSTIC_COMPUTED_NOT_PHYSICAL_ACCEPTANCE,False
401215,I80-W,W,49468,49468,49413,49468,49468,49468,492.0,0.11206499971449317,69.80000305175781,-0.7426569797533776,45666,2297,23415,25998,93.65218423874117,1.2177893095361407,1.0145127740256827,0.034190669768384474,DIAGNOSTIC_COMPUTED_NOT_PHYSICAL_ACCEPTANCE,False
401461,I680-S,S,49468,49468,49355,49468,49468,49468,486.0,0.0989999994635582,68.9000015258789,-0.7511391708569881,47898,514,23357,25998,82.26436570169795,1.2375405831370896,1.0106772109808744,0.036527959447142974,DIAGNOSTIC_COMPUTED_NOT_PHYSICAL_ACCEPTANCE,False
400450,I680-N,N,49468,49468,49137,49468,49468,49468,524.0,0.10220000147819519,69.5,-0.7548581503599562,46638,71,23247,25890,110.12856794790956,1.2506407292738475,1.0050892796263817,0.028224752680119435,DIAGNOSTIC_COMPUTED_NOT_PHYSICAL_ACCEPTANCE,False
401282,SR242-N,N,49468,49468,49447,49468,49468,49468,290.0,0.08150000125169754,68.30000305175781,-0.7211071978659017,46533,1749,23449,25998,69.58618864263566,1.3023896565451374,0.9197681667960979,0.08523556416074596,DIAGNOSTIC_COMPUTED_NOT_PHYSICAL_ACCEPTANCE,False
401097,I680-S,S,49468,49468,49294,49468,49468,49468,523.0,0.0908999964594841,69.0,-0.803408451575605,47856,100,23393,25901,99.30509896794779,1.1393460732793528,1.0105635510744968,0.027786610817036334,DIAGNOSTIC_COMPUTED_NOT_PHYSICAL_ACCEPTANCE,False
416774,I80-W,W,49468,49468,49445,49468,49468,49468,509.0,0.19099999964237213,69.5999984741211,-0.716006956139477,45307,3160,23449,25996,96.49876805428943,1.2099365509387958,1.0075433958160807,0.03345054424309941,DIAGNOSTIC_COMPUTED_NOT_PHYSICAL_ACCEPTANCE,False
400438,SR24-E,E,49468,49468,49380,49468,49468,49468,496.0,0.09470000118017197,70.9000015258789,-0.8219034517732522,45643,1331,23386,25994,91.41771047951391,1.1308338392508601,1.0154393379876134,0.02998502149825091,DIAGNOSTIC_COMPUTED_NOT_PHYSICAL_ACCEPTANCE,False
407017,I580-E,E,49468,49468,48915,49468,49468,49468,281.0,0.07209999859333038,69.80000305175781,-0.8340982431308828,49456,0,22917,25998,69.51089590366237,1.7074754855630114,0.9158504583098941,0.08784562628582203,DIAGNOSTIC_COMPUTED_NOT_PHYSICAL_ACCEPTANCE,False
417277,I80-E,E,49468,49468,49444,49468,49468,49468,549.0,0.23626500591635646,69.19999694824219,-0.7723977385777235,43633,4872,23448,25996,94.20738995715544,1.3186293357362506,1.0147304044854326,0.05260796585017491,DIAGNOSTIC_COMPUTED_NOT_PHYSICAL_ACCEPTANCE,False
405754,I80-E,E,49468,49468,49240,49468,49468,49468,559.0,0.2606000006198883,69.4000015258789,-0.8146898127056442,38951,7635,23341,25899,69.2935500585947,1.2721806814332914,1.0121623509430755,0.04909435505831666,DIAGNOSTIC_COMPUTED_NOT_PHYSICAL_ACCEPTANCE,False
400193,I680-S,S,49468,49468,48978,49468,49468,49468,481.0,0.18729999661445618,68.30000305175781,-0.7399059240263183,44072,3401,23156,25822,87.17187250384094,1.3202446281494042,1.0361260305259372,0.05341742634456509,DIAGNOSTIC_COMPUTED_NOT_PHYSICAL_ACCEPTANCE,False
400118,I680-N,N,49468,49468,49264,49468,49468,49468,390.0,0.06729999929666519,68.9000015258789,-0.6143804116099508,49266,41,23432,25832,90.99503582283347,1.2786524436533604,1.0121981790556804,0.042641587789129645,DIAGNOSTIC_COMPUTED_NOT_PHYSICAL_ACCEPTANCE,False
404684,I680-N,N,49468,49468,49123,49468,49468,49468,726.0,0.1534000039100647,71.5999984741211,-0.8264687266486037,37855,3030,23125,25998,117.36563149568858,1.4340427799317772,1.0430042633086558,0.09142645745203282,DIAGNOSTIC_COMPUTED_NOT_PHYSICAL_ACCEPTANCE,False
402089,SR4-W,W,49468,49468,49447,49468,49468,49468,222.0,0.07450000196695328,69.0999984741211,-0.6762515225585057,49390,13,23450,25997,46.74065021271754,1.1700936956914343,1.0065859278468987,0.036801007610188445,DIAGNOSTIC_COMPUTED_NOT_PHYSICAL_ACCEPTANCE,False
401095,I680-N,N,49468,49468,49398,49468,49468,49468,497.0,0.303600013256073,70.30000305175781,-0.9062755728358602,40729,7580,23448,25950,91.98161843334825,1.1575014937953105,1.0189230114233652,0.03478779476278333,DIAGNOSTIC_COMPUTED_NOT_PHYSICAL_ACCEPTANCE,False
424095,SR4-E,E,49468,49468,49468,49468,49468,49468,229.0,0.08070000261068344,65.69999694824219,-0.5612535728453566,49151,105,23470,25998,42.72704543267791,1.6170246686529608,1.0529806212776966,0.11667858820242995,DIAGNOSTIC_COMPUTED_NOT_PHYSICAL_ACCEPTANCE,False
421260,I580-W,W,49468,49468,49419,49468,49468,49468,235.0,0.11636500284075679,68.5,-0.7440082503764394,40735,1226,23421,25998,43.47042430851833,1.7508466074023654,1.0008299590154965,0.07438779886038244,DIAGNOSTIC_COMPUTED_NOT_PHYSICAL_ACCEPTANCE,False
400079,I80-W,W,49468,49468,49377,49468,49468,49468,561.0,0.2087000012397766,70.19999694824219,-0.7024587650924603,40669,5819,23384,25993,77.97997953765332,1.2039272747565093,1.3744079879135491,0.3177399194055925,DIAGNOSTIC_COMPUTED_NOT_PHYSICAL_ACCEPTANCE,False
401750,I680-S,S,49468,49468,49468,49468,49468,49468,420.0,0.09099999815225601,68.0,-0.7052058758799633,41965,141,23470,25998,80.86525944062029,1.4152292847313839,0.8744814794683403,0.13521824355949846,DIAGNOSTIC_COMPUTED_NOT_PHYSICAL_ACCEPTANCE,False
401793,I80-E,E,49468,49468,49201,49468,49468,49468,363.0,0.06620000302791595,71.0,-0.4169037851513684,48725,140,23206,25995,79.83298553612873,1.3296675194312146,1.0447869968649397,0.09319013811816891,DIAGNOSTIC_COMPUTED_NOT_PHYSICAL_ACCEPTANCE,False
402207,SR4-E,E,49468,49468,49136,49468,49468,49468,125.0,0.10090000182390213,71.0999984741211,-0.4527825732868279,42812,5020,23282,25854,53.76606009424779,1.2553469934932302,1.022682730558531,0.054251215063652145,DIAGNOSTIC_COMPUTED_NOT_PHYSICAL_ACCEPTANCE,False
402096,SR4-E,E,49468,49468,49243,49468,49468,49468,203.0,0.07890000194311142,69.5,-0.6693707947073063,48161,449,23371,25872,42.31077351257946,1.232040640366938,1.017160556886194,0.052069961555272326,DIAGNOSTIC_COMPUTED_NOT_PHYSICAL_ACCEPTANCE,False
408606,SR4-E,E,49468,49468,49061,49468,49468,49468,179.0,0.059700001031160355,69.69999694824219,-0.4963603879098484,49268,21,23345,25716,46.87921719020876,1.2244753169538176,1.0182316301230996,0.05395279461177479,DIAGNOSTIC_COMPUTED_NOT_PHYSICAL_ACCEPTANCE,False
404356,SR4-E,E,49468,49468,49437,49468,49468,49468,178.0,0.06970000267028809,70.0999984741211,-0.5899942144003251,48191,7,23448,25989,40.56984153189701,1.300236690822556,1.0351482244964187,0.0720175886951842,DIAGNOSTIC_COMPUTED_NOT_PHYSICAL_ACCEPTANCE,False
403458,I80-E,E,49468,49468,49448,49468,49468,49468,369.0,0.06499999761581421,70.9000015258789,-0.4841195123558181,48532,117,23452,25996,82.53618326094092,1.3387058594267556,1.0139992756848673,0.09542951857266199,DIAGNOSTIC_COMPUTED_NOT_PHYSICAL_ACCEPTANCE,False
401441,I680-N,N,49468,49468,49468,49468,49468,49468,393.0,0.07590000331401825,65.5999984741211,-0.7518558164260274,49420,23,23470,25998,78.98204915708348,1.6626823581794064,1.019458934270302,0.09586855116439766,DIAGNOSTIC_COMPUTED_NOT_PHYSICAL_ACCEPTANCE,False
402070,SR160-S,S,49468,49468,49468,49468,49468,49468,277.0,0.07320000231266022,67.9000015258789,-0.8748556407209388,49468,0,23470,25998,63.677526856809706,1.1787112501473642,0.9984773100952243,0.031124209106640773,DIAGNOSTIC_COMPUTED_NOT_PHYSICAL_ACCEPTANCE,False
402512,SR4-E,E,49468,49468,49468,49468,49468,49468,224.0,0.056699998676776886,65.80000305175781,-0.22508717557581778,49453,2,23470,25998,54.93533960999072,1.537754722637576,1.0233236616486956,0.10392301678649188,DIAGNOSTIC_COMPUTED_NOT_PHYSICAL_ACCEPTANCE,False
400736,SR24-E,E,49468,49468,49468,49468,49468,49468,492.0,0.11956499740481319,66.0,-0.7520401857317863,46002,620,23470,25998,102.96209684153357,2.591122856446522,1.0154385172762428,0.19110135523166077,DIAGNOSTIC_COMPUTED_NOT_PHYSICAL_ACCEPTANCE,False
405046,SR4-E,E,49468,49468,49468,49468,49468,49468,277.0,0.07320000231266022,68.0,-0.8728466997054458,49468,0,23470,25998,63.612706745766026,1.1749778630666607,0.9982833657905119,0.031004109064133964,DIAGNOSTIC_COMPUTED_NOT_PHYSICAL_ACCEPTANCE,False
400616,SR24-W,W,49468,49468,49159,49468,49468,49468,593.0,0.11706499978899898,69.80000305175781,-0.744755215042011,47951,299,23252,25907,86.87521233204797,1.1005019062637311,1.0157631631021793,0.022510758582036643,DIAGNOSTIC_COMPUTED_NOT_PHYSICAL_ACCEPTANCE,False
402069,SR4-E,E,49468,49468,49440,49468,49468,49468,571.0,0.08489999920129776,72.5,-0.765310888147376,48714,207,23443,25997,106.25295702081412,1.1567796149627767,1.0076780542247301,0.03717815809394994,DIAGNOSTIC_COMPUTED_NOT_PHYSICAL_ACCEPTANCE,False
406623,SR4-E,E,49468,49468,49468,49468,49468,49468,213.0,0.06800000369548798,66.30000305175781,-0.4692900171532684,40769,834,23470,25998,48.44369318573558,1.3183903386663793,1.0543919855201378,0.09672591082157098,DIAGNOSTIC_COMPUTED_NOT_PHYSICAL_ACCEPTANCE,False
401373,I680-N,N,49468,49468,49439,49468,49468,49468,488.0,0.1451999992132187,69.0,-0.7758754577723294,43673,281,23445,25994,89.22123785728958,1.3617841961549317,1.00569520982097,0.045502900612941086,DIAGNOSTIC_COMPUTED_NOT_PHYSICAL_ACCEPTANCE,False
400958,I680-S,S,49468,49468,49329,49468,49468,49468,480.0,0.06780000030994415,72.0999984741211,-0.7343234120701831,49370,2,23430,25899,109.88040591785423,1.202860792895199,1.0193706703810255,0.030663978564289554,DIAGNOSTIC_COMPUTED_NOT_PHYSICAL_ACCEPTANCE,False
401826,SR4-E,E,49468,49468,49468,49468,49468,49468,481.0,0.09849999845027924,67.5,-0.7065196186132141,49421,0,23470,25998,77.81173472971798,1.399024185057922,0.9972902407205267,0.10453401871286563,DIAGNOSTIC_COMPUTED_NOT_PHYSICAL_ACCEPTANCE,False
401756,SR4-W,W,49468,49468,49468,49468,49468,49468,336.0,0.10490000247955322,65.5,-0.6164797086562217,49239,26,23470,25998,53.55667785098228,1.266096797915019,1.0063143336700322,0.037495313137741695,DIAGNOSTIC_COMPUTED_NOT_PHYSICAL_ACCEPTANCE,False
402507,SR4-W,W,49468,49468,49445,49468,49468,49468,237.0,0.07010000199079514,68.30000305175781,-0.73223369445406,47363,33,23447,25998,58.267237927069736,1.263605094424849,1.0113570860724244,0.05487225289360779,DIAGNOSTIC_COMPUTED_NOT_PHYSICAL_ACCEPTANCE,False
400197,SR24-E,E,49468,49468,49399,49468,49468,49468,519.0,0.1728000044822693,70.5999984741211,-0.8778592008898045,42416,4651,23440,25959,98.20073504590712,1.2154148426067861,1.018152609723666,0.03553919364272093,DIAGNOSTIC_COMPUTED_NOT_PHYSICAL_ACCEPTANCE,False
401840,I680-S,S,49468,49468,49467,49468,49468,49468,472.0,0.07069999724626541,70.0,-0.6113844753631266,48640,305,23470,25997,106.53991018524147,1.3830148625492051,1.02800735245581,0.0783833854317089,DIAGNOSTIC_COMPUTED_NOT_PHYSICAL_ACCEPTANCE,False
402521,SR4-W,W,49468,49468,49441,49468,49468,49468,154.0,0.0494999997317791,70.0,-0.11994753946795325,49293,26,23449,25992,46.03243199398853,1.216060441259935,1.0185533132320925,0.05670597324918339,DIAGNOSTIC_COMPUTED_NOT_PHYSICAL_ACCEPTANCE,False
402543,I680-S,S,49468,49468,49468,49468,49468,49468,415.0,0.10260000079870224,68.4000015258789,-0.8194102642551349,48961,0,23470,25998,80.2231889341585,1.2247221585696997,1.0002060457679292,0.02886782266861492,DIAGNOSTIC_COMPUTED_NOT_PHYSICAL_ACCEPTANCE,False
424031,I580-E,E,49468,49468,47944,49468,49468,49468,338.0,0.11720000207424164,70.80000305175781,-0.5049118945283415,45262,1253,22594,25350,55.8397435357257,1.572769304478321,1.0452623982311053,0.08113765782186658,DIAGNOSTIC_COMPUTED_NOT_PHYSICAL_ACCEPTANCE,False
407987,SR24-E,E,49468,49468,49332,49468,49468,49468,501.0,0.15802499800920194,69.9000015258789,-0.7860714043318365,45649,2556,23334,25998,86.50617024529237,1.4361260009431416,1.0041376851388912,0.03135551138742565,DIAGNOSTIC_COMPUTED_NOT_PHYSICAL_ACCEPTANCE,False
402517,SR4-W,W,49468,49468,49447,49468,49468,49468,168.0,0.05660000070929527,70.0,-0.14647248050926912,49089,66,23449,25998,44.13782101243954,1.1929153864015414,1.0135007087528363,0.0530150784849468,DIAGNOSTIC_COMPUTED_NOT_PHYSICAL_ACCEPTANCE,False
400445,I80-E,E,49468,49468,49468,49468,49468,49468,444.0,0.15469999611377716,67.4000015258789,-0.8113732866035369,41887,4905,23470,25998,83.70158830296901,1.32944360501681,1.259984895108394,0.23122710047906736,DIAGNOSTIC_COMPUTED_NOT_PHYSICAL_ACCEPTANCE,False
401673,I80-W,W,49468,49468,49188,49468,49468,49468,355.0,0.05299999937415123,69.9000015258789,-0.23024135711591243,49195,42,23207,25981,102.87140894532132,1.1073184677609733,1.0009151112514736,0.02526936036809774,DIAGNOSTIC_COMPUTED_NOT_PHYSICAL_ACCEPTANCE,False
400741,I680-S,S,49468,49468,49447,49468,49468,49468,498.0,0.11490000039339066,70.5999984741211,-0.5928952280846701,47386,167,23449,25998,87.72773239899705,2.003104006799239,1.033920682191874,0.06615762755410443,DIAGNOSTIC_COMPUTED_NOT_PHYSICAL_ACCEPTANCE,False
401485,SR4-E,E,49468,49468,49468,49468,49468,49468,430.0,0.08389999717473984,68.5,-0.5817099699794863,48563,44,23470,25998,86.00327452117548,1.4838016294705385,0.8816602938617712,0.14709414648317792,DIAGNOSTIC_COMPUTED_NOT_PHYSICAL_ACCEPTANCE,False
414840,SR4-W,W,49468,49468,49468,49468,49468,49468,272.0,0.08079999685287476,65.5,-0.6693401551537083,49406,14,23470,25998,57.771671857427336,1.140618474989451,1.007655083588861,0.032455547378530986,DIAGNOSTIC_COMPUTED_NOT_PHYSICAL_ACCEPTANCE,False
403267,SR4-W,W,49468,49468,49468,49468,49468,49468,166.0,0.057999998331069946,67.0,-0.19277538531115018,49371,1,23470,25998,37.30849089448304,1.43526343350077,1.0203371187422596,0.08669220716279255,DIAGNOSTIC_COMPUTED_NOT_PHYSICAL_ACCEPTANCE,False
404690,I680-N,N,49468,49468,49468,49468,49468,49468,269.0,0.06509999930858612,67.69999694824219,-0.4361066668187011,49348,72,23470,25998,66.34722476163617,1.5171533429034012,0.9690567764777063,0.06253876370728279,DIAGNOSTIC_COMPUTED_NOT_PHYSICAL_ACCEPTANCE,False
401081,I80-W,W,49468,49468,49468,49468,49468,49468,395.0,0.0966000035405159,66.5,-0.6385410149523242,47439,527,23470,25998,67.08211219300381,1.6045264944255682,1.1803430490242106,0.1790939616591875,DIAGNOSTIC_COMPUTED_NOT_PHYSICAL_ACCEPTANCE,False
400553,I680-S,S,49468,49468,49442,49468,49468,49468,520.0,0.09600000083446503,68.80000305175781,-0.7780798650521727,47906,321,23448,25994,90.43062022581522,1.1827605898441311,1.0169235058981025,0.03874348045133503,DIAGNOSTIC_COMPUTED_NOT_PHYSICAL_ACCEPTANCE,False
408165,SR4-W,W,49468,49468,49434,49468,49468,49468,521.0,0.06469999998807907,72.4000015258789,-0.38667393619679724,49334,13,23444,25990,119.09088428519635,1.112177307150824,1.0500951935262581,0.059054693397264935,DIAGNOSTIC_COMPUTED_NOT_PHYSICAL_ACCEPTANCE,False
406063,SR4-W,W,49468,49468,49468,49468,49468,49468,484.0,0.17980000376701355,67.5999984741211,-0.770653188115809,49375,9,23470,25998,86.68993407694697,1.553007081216228,0.9949771678911439,0.04994005024935348,DIAGNOSTIC_COMPUTED_NOT_PHYSICAL_ACCEPTANCE,False
405024,I580-E,E,49468,49468,49468,49468,49468,49468,222.0,0.24230000376701355,65.9000015258789,-0.6259446157442894,44072,4124,23470,25998,50.33052870913766,1.4638754523461088,1.0039320063619628,0.08281236287563519,DIAGNOSTIC_COMPUTED_NOT_PHYSICAL_ACCEPTANCE,False
402501,SR4-W,W,49468,49468,49438,49468,49468,49468,414.0,0.14366500303149166,70.19999694824219,-0.6971100568031496,43125,3208,23446,25992,93.16110196801321,1.2561827795081977,1.0210648409207579,0.05245435774179693,DIAGNOSTIC_COMPUTED_NOT_PHYSICAL_ACCEPTANCE,False
400411,I80-W,W,49468,49468,49441,49468,49468,49468,499.0,0.1317649953067297,69.69999694824219,-0.748723132198812,44932,2027,23443,25998,77.38382680396091,1.256492515101103,1.0194231698122989,0.04250701881581785,DIAGNOSTIC_COMPUTED_NOT_PHYSICAL_ACCEPTANCE,False
402205,SR4-E,E,49468,49468,49447,49468,49468,49468,573.0,0.18119999766349792,69.5999984741211,-0.8150994760565162,33213,2778,23449,25998,89.68804952862057,1.2644323210544641,0.8328564572193097,0.1904333019584747,DIAGNOSTIC_COMPUTED_NOT_PHYSICAL_ACCEPTANCE,False
401226,I80-W,W,49468,49468,49268,49468,49468,49468,385.0,0.07100000232458115,70.5,-0.4701701814727179,48588,372,23450,25818,85.81232481007518,1.2392471749335947,1.0133336780532327,0.04615642911593637,DIAGNOSTIC_COMPUTED_NOT_PHYSICAL_ACCEPTANCE,False
402513,SR4-E,E,49468,49468,49468,49468,49468,49468,208.0,0.05249999836087227,65.80000305175781,-0.06447160515214549,49462,2,23470,25998,54.189998659853806,1.5258839206143004,1.020663118700607,0.095754321917489,DIAGNOSTIC_COMPUTED_NOT_PHYSICAL_ACCEPTANCE,False
401999,I680-S,S,49468,49468,49468,49468,49468,49468,455.0,0.09780000150203705,65.69999694824219,-0.7950492821399122,46840,128,23470,25998,85.72636959320047,1.1939150991919392,1.0071008880656804,0.0439599485175195,DIAGNOSTIC_COMPUTED_NOT_PHYSICAL_ACCEPTANCE,False
401774,I680-S,S,49468,49468,49468,49468,49468,49468,418.0,0.08860000222921371,66.0999984741211,-0.7810795962237588,48347,585,23470,25998,78.72085200573542,1.6556703695877526,1.0079256720617427,0.07954529686128262,DIAGNOSTIC_COMPUTED_NOT_PHYSICAL_ACCEPTANCE,False
405030,I580-W,W,49468,49468,49468,49468,49468,49468,263.0,0.05950000137090683,65.4000015258789,-0.45023868421337376,49384,0,23470,25998,62.06790416592008,1.54478658067052,1.0277284504073392,0.08087619955823372,DIAGNOSTIC_COMPUTED_NOT_PHYSICAL_ACCEPTANCE,False
406906,I680-N,N,49468,49468,49301,49468,49468,49468,391.0,0.07320000231266022,69.30000305175781,-0.6470346239243728,48968,1,23448,25853,84.49227252113033,1.3014372836848462,0.999764986356981,0.04527301106716173,DIAGNOSTIC_COMPUTED_NOT_PHYSICAL_ACCEPTANCE,False
400478,I80-E,E,49468,49468,48953,49468,49468,49468,369.0,0.06120000034570694,70.69999694824219,-0.44673682025301753,48607,266,23451,25502,89.13006180897293,1.325366869277669,1.017302168718003,0.0749404423755381,DIAGNOSTIC_COMPUTED_NOT_PHYSICAL_ACCEPTANCE,False
400738,I580-W,W,49468,49468,49409,49468,49468,49468,231.0,0.27383000105619315,70.0999984741211,-0.3634708779390619,45697,3310,23428,25981,70.60802031735045,1.2855581907365452,1.0155523943933062,0.05817685770741447,DIAGNOSTIC_COMPUTED_NOT_PHYSICAL_ACCEPTANCE,False
404687,I680-N,N,49468,49468,49468,49468,49468,49468,377.6499999999942,0.07259999960660934,66.4000015258789,-0.5601534810846046,49353,24,23470,25998,76.97744339377675,1.449420833659575,1.006193096916292,0.08770829014531886,DIAGNOSTIC_COMPUTED_NOT_PHYSICAL_ACCEPTANCE,False
400110,I680-S,S,49468,49468,49468,49468,49468,49468,685.0,0.12280000001192093,67.5999984741211,-0.8429447245457337,42204,498,23470,25998,113.88827759557347,1.263278380010787,1.0156460210184268,0.03293366029815547,DIAGNOSTIC_COMPUTED_NOT_PHYSICAL_ACCEPTANCE,False
401288,I680-S,S,49468,49468,49468,49468,49468,49468,520.0,0.08100000023841858,69.0,-0.5268835006839733,48902,155,23470,25998,99.94934111607806,1.2520258648204496,1.022754690767824,0.046057684062072834,DIAGNOSTIC_COMPUTED_NOT_PHYSICAL_ACCEPTANCE,False
400734,I580-W,W,49468,49468,49099,49468,49468,49468,241.0,0.061964999698101896,69.9000015258789,-0.3438802658861026,47428,1464,23101,25998,61.97660099969188,1.3991221059354808,1.0461130861055346,0.07980057630063062,DIAGNOSTIC_COMPUTED_NOT_PHYSICAL_ACCEPTANCE,False
